heartbeat,temperature,spo2,heat_illness_risk
56,36.2,95.3,0
84,36.4,96,3.2
86,36.3,97.2,0
94,36.7,96.4,11.4
99,37,91.1,29.5
106,37.3,95.8,28.2
102,36.3,95.4,7.8
96,36.2,95.2,4.4
98,36.6,98.6,6.2
88,36.6,95.4,9.6
81,36.7,92.1,16.1
79,36.8,97.2,7.3
72,36.1,97.3,0
67,36.6,98.4,0
65,36.5,96.1,0
62,36.8,95.8,5
60,36.6,96.9,0
64,36.4,93.2,2.8
65,35.9,95.8,0
74,36.2,94.9,0
72,36.3,97.1,0
70,36.9,97.7,5.6
70,36.7,98.9,0
71,36.5,96.3,0.7
71,36.6,97.1,1.1
77,36.5,95.9,3.3
78,36.6,99.4,0
90,36.8,97.3,10.4
83,36.6,98.6,1.7
79,36.6,99.3,0
79,36.4,96.6,0.5
81,36.5,99.3,0
83,36.5,90.1,16.7
80,36.3,99,0
84,36.6,97.5,4.2
80,36.7,97.4,5.2
81,36.8,99.5,3.3
90,35.9,99,0
58,36.7,98.8,0
85,36.4,97,1.5
82,36.6,99.4,0
81,36.3,99,0
85,36.2,97.5,0
92,36.4,99.9,0
100,36.5,98.3,5.4
114,36.5,98.4,9.4
95,36.7,99.6,5.3
105,36.2,96.8,3.9
98,36.3,97.9,1.6
102,36,98.8,0
101,35.7,99.7,0
83,36.7,96.1,8.7
97,36.9,97.9,13.3
85,36.7,99,3.5
114,36.1,97.8,2.6
99,36.8,97.5,12.7
78,36.4,98.8,0
61,36.7,99.6,0
86,37.4,99.7,16.4
92,36.6,98.4,4.8
94,36.4,99.6,0
99,36.5,98.2,5.3
107,36.7,90.8,26.5
103,36.6,96.5,11.9
108,36,99.2,0
98,36.1,97.4,0
96,36.5,95.9,9
100,36.8,97.5,13
96,36.6,96.5,9.8
106,36.6,96.9,12
108,36.6,96.2,14
107,36.7,95.3,17.5
98,36.9,98.2,13
113,36,97.6,0.7
115,36.5,99.2,8.1
100,36.1,96.2,1.6
81,36.3,96.8,0
91,36.5,99.9,0
93,36.4,98.6,0.7
94,36.4,96.4,5.4
112,36.4,96.1,11.4
115,36.7,99.9,10.7
99,36.5,97.6,6.5
106,36.3,96.7,6.4
108,36.6,95.6,15.2
115,36.1,99.4,0
105,36.8,99.3,10.9
100,36.6,95.7,12.6
101,36.6,99.7,4.9
107,37.2,97.9,22.3
64,36.6,98.8,0
86,36.5,98.7,0.4
103,36.4,97,6.9
107,36.3,99.2,1.7
86,36.2,98.5,0
82,36.6,95.5,7.6
101,36.6,95.6,13.1
114,36.5,98.3,9.6
104,36.7,98.7,9.8
108,36.7,98.7,11
98,36.4,98,3.4
106,36,97,0
110,36.4,97.9,7.2
84,36.7,99,3.2
102,36.5,96.5,9.6
80,36.6,95.2,7.6
77,36.6,99.8,0
90,36.8,99.3,6.4
87,36.3,99.7,0
92,36.2,98.3,0
94,36.6,99.3,3.6
83,36.5,88.9,19.1
91,36.1,95.6,0.1
88,36.2,99.6,0
92,36.7,99.9,3.8
94,36.7,95.7,12.8
95,36.7,95.6,13.3
94,36.4,99.4,0
94,36.8,95.8,14.6
84,36.5,96.5,4.2
91,37.2,99.6,14.1
84,36.4,95.1,5
82,36.4,96.5,1.6
91,36.4,98.3,0.7
93,36.1,98.7,0
88,36.4,97.6,1.2
92,36.3,95.2,5.2
80,36.5,99.4,0
80,36.2,97.9,0
91,36.6,99.3,2.7
93,36.4,97.6,2.7
94,36.1,97.7,0
83,36.2,96.8,0
77,36.5,99.1,0
76,36.3,96.6,0
83,36.3,95.2,2.5
91,35.8,97.3,0
89,36.1,98,0
81,36,98.6,0
77,36.7,98.1,2.9
80,36.5,96.8,2.4
62,36.8,99.4,0
72,36.6,99.2,0
79,36.1,99.8,0
84,36.6,98,3.2
91,35.8,98.3,0
94,36.7,96.9,10.4
94,36.4,99.1,0
88,36.3,97.4,0
92,36.5,98.5,2.6
94,36.1,97,0
65,36.4,98.4,0
86,36.9,97.4,11
78,36.6,96.4,4.6
90,36.6,99.3,2.4
93,36.3,97.4,1.1
92,36.6,95.5,10.6
87,36.8,98,8.1
92,36.5,99.5,0.6
94,36.9,97.8,12.6
100,36.8,95.1,17.8
86,34.8,98.8,0
82,36.4,98,0
79,36.4,99.4,0
76,36,97.6,0
89,37,96.3,16.1
93,36.8,96.1,13.7
94,36.8,96.1,14
84,36.5,99.8,0
82,36.2,95.7,0
79,36.2,96.9,0
90,36.6,98.6,3.8
80,36.1,95.8,0
73,36.7,97,3.9
83,36,99.7,0
81,34.6,96.8,0
85,36.8,99.7,4.1
78,36,96.1,0
79,36,99.9,0
76,36.5,96.8,1.2
90,36.4,99.2,0
103,36,97.1,0
96,36.8,97.3,12.2
81,36.5,98.6,0
91,36.9,99.5,8.3
93,36.4,95.9,6.1
84,36.8,96.2,10.8
91,36.4,96.7,3.9
94,36.5,98.2,3.8
81,36.1,96.2,0
114,36.6,95.1,18
90,35.5,97.3,0
106,36.2,98,1.8
101,36.1,96.1,2.1
94,36.5,95.2,9.8
94,36.6,96.4,9.4
91,37.1,97.1,17.1
98,36.6,95.2,13
99,36.7,95.7,14.3
109,36.3,96.2,8.3
110,36.7,95.2,18.6
99,36.4,98,3.7
100,36.1,90.1,13.8
91,36.5,99.9,0
84,36.6,94.8,9.6
91,36.1,98.6,0
81,36.2,97.7,0
77,36.2,97.8,0
89,37.1,95.5,19.7
87,36.6,96.9,6.3
75,37.3,99.5,11.5
79,36.8,99.2,3.3
84,36.2,99.2,0
91,36.7,96.6,10.1
84,36.8,95.5,12.2
78,36.7,99.1,1.2
80,36.2,97.4,0
90,36.9,96.7,13.6
94,36.6,95.1,12
84,36.6,96.4,6.4
86,36.2,99.1,0
92,36.5,98.5,2.6
93,36.2,95.8,2.3
84,36.5,98.4,0.4
94,36.9,99.9,8.4
94,36.5,95.5,9.2
94,36.9,97.8,12.6
105,36.6,97.6,10.3
98,36.6,99.4,4.6
106,36.6,97.2,11.4
98,36.6,96.1,11.2
95,36.8,98.2,10.1
94,36.3,95.3,5.6
94,35.9,98.4,0
80,35.6,97.2,0
99,36.5,99,3.7
95,36.3,98.4,0
60,36.2,97.1,0
90,36.2,95.9,1.2
104,36.5,99.1,5
87,36,100,0
102,36.3,96.5,5.6
101,36.7,99.4,7.5
96,36.1,96.6,0
100,36.6,98.6,6.8
96,36.6,97.7,7.4
80,36.7,97.4,5.2
73,36.4,96.3,0
100,36.2,98.4,0
79,36.7,97.6,4.5
103,36.4,97.9,5.1
97,36.4,98.1,2.9
113,36.6,95.8,16.3
99,36.8,94.2,19.3
106,36.3,98.3,3.2
115,36.9,97.8,18.9
86,36.4,99.7,0
104,36.9,96.9,17.4
114,36.2,95.2,9.8
100,36.3,97.7,2.6
107,36.4,99.3,3.5
98,36.1,97.3,0
113,36.1,97.1,3.7
99,36.3,99.4,0
96,36.5,95.6,9.6
81,36.7,96.6,7.1
57,36.8,95,5.1
84,36.2,96.1,0
114,37,97.1,22
110,36.6,97.4,12.2
84,36.4,97,1.2
91,36.3,95.7,3.9
111,36.3,95.3,10.7
116,36.1,96.3,6.2
100,36.4,99.5,1
96,36.3,97.8,1.2
85,36.5,98.8,0
92,36.2,97.1,0
93,36.5,95.8,8.3
88,36.3,90.2,14
83,36.8,99.2,4.5
66,36.9,97.1,5.6
77,36.3,95.1,0.9
55,36.3,99.8,0
62,36.4,99.8,0
85,36.2,96.3,0
70,37.1,95.6,13.8
88,36.9,97.4,11.6
92,36.4,96.4,4.8
93,36.1,95.3,1.3
80,36.4,87.2,19.6
73,36.3,92.6,4.7
89,37,98.3,12.1
70,36.5,96.2,0.6
76,36.4,95.5,1.8
80,36.3,93,6
81,36.2,97,0
85,36.6,97.7,4.1
88,36.2,98.4,0
75,36.6,90,16.5
72,36.7,98,1.6
73,36.3,99.6,0
71,36.2,97,0
70,36.3,97.6,0
59,36.1,95.2,0
74,37.1,95.4,15.4
55,36.2,94.5,0
67,36.6,98.3,0
58,36.5,99.8,0
75,36.4,91.5,9.5
81,34.3,99.3,0
81,36.7,99.6,1.1
81,36.5,93.2,9.9
81,36.9,97.1,10.1
81,36.4,97.4,0
81,36.1,97.9,0
81,36.1,97.5,0
80,36.3,92.5,7
81,36.8,99.3,3.7
80,36.3,98,0
90,36.5,96.3,6.4
93,36.6,97.8,6.3
84,36.7,96.6,8
75,36.7,98.6,1.3
72,36.2,95.4,0
111,36.7,99.1,11.1
98,36.6,96.7,10
86,36.9,95.2,15.4
82,36.7,95.2,10.2
81,36.5,97.2,1.9
81,36.2,94.9,0.5
81,36.5,95.5,5.3
81,36.8,98.4,5.5
91,36.1,97,0
93,36.5,96.5,6.9
80,36.7,99.4,1.2
90,36.6,99.3,2.4
83,36.9,95.8,13.3
82,36.4,95.7,3.2
62,36.6,98.9,0
72,37,98.7,6.2
88,36.6,97,6.4
93,36.3,98.9,0
77,36.1,99.1,0
67,36.1,99,0
84,36.2,96.9,0
102,36.5,99.4,3.8
82,36.6,87.8,23
85,36.7,99.5,2.5
82,36.5,92.9,10.8
89,36.3,96,2.7
82,36.4,96.8,1
81,36.1,96.3,0
81,36.5,92.1,12.1
81,36.5,98.6,0
91,36.9,99,9.3
79,36.7,97.6,4.5
96,36.2,98.1,0
95,36.7,95.1,14.3
80,36.6,97.7,2.6
79,36.4,97.1,0
90,36.4,95.8,5.4
80,36.5,98.7,0
90,36.7,99.9,3.2
93,36.9,97.7,12.5
84,36.7,94.5,12.2
82,36.6,95.5,7.6
81,36.9,99.4,5.5
93,36.3,96.1,3.7
88,37,98.3,11.8
83,36.4,97.6,0
81,36.3,95.5,1.3
81,36.4,99.2,0
77,36.7,97.9,3.3
72,36.2,98.4,0
88,37,96.7,15
79,36.4,99,0
90,36.7,98.4,6.2
83,36.6,98.4,2.1
82,36.6,97,4.6
77,36.3,97.8,0
89,36.7,95.4,11.9
80,36.5,98.2,0
91,36.9,96,15.3
116,36.4,99.1,6.6
100,36.7,95.5,15
96,36.3,96.4,4
85,36,96.4,0
78,36.4,92.1,9.2
107,36.4,97.6,6.9
97,36.7,99,7.1
85,36.7,98.2,5.1
91,36.6,95.9,9.5
93,36.3,99.4,0
94,36,98.9,0
84,36.7,99.1,3
91,36.7,96.7,9.9
80,36.7,95.6,8.8
81,36.8,90.4,21.5
91,36.1,90.2,10.9
84,36.5,95.9,5.4
77,36.5,95.1,4.9
80,36.6,98,2
81,36.4,99.5,0
91,36.1,100,0
59,36.7,94.2,5.3
86,37.1,99.9,10
92,37,96.5,16.6
77,36.7,97.8,3.5
83,36.9,98.5,7.9
81,36.4,98.5,0
85,36.7,96.5,8.5
82,36.8,99.6,3.4
80,36.6,99.8,0
91,36.7,97.6,8.1
84,36.3,96.4,0.4
77,36.6,99.6,0
84,37.2,96.7,17.8
85,36.5,96.5,4.5
82,36.3,96.8,0
91,36,96.8,0
84,36,98.9,0
78,36.7,95.3,8.8
80,36.8,95.8,10.4
81,36.4,96.4,1.5
91,36.9,95.6,16.1
94,36.5,99.3,1.6
112,36.1,97.1,3.4
105,36.3,95.3,8.9
84,36.2,97.1,0
102,36.4,99.9,0.8
105,36.1,97.2,1.1
108,36.7,97.4,13.6
98,36.3,95.8,5.8
97,36.3,97.7,1.7
95,36.5,96.1,8.3
92,36.3,96.3,3
86,35.8,92.5,0
86,36.5,98.9,0
80,36.5,95.4,5.2
77,36.5,95.5,4.1
84,36.9,98.6,8
87,36.6,96.2,7.7
91,36.9,97.3,12.7
87,36.5,97,4.1
91,36.4,98.2,0.9
76,36.8,96.7,7.4
83,36.3,99.7,0
91,36.4,99.8,0
94,36.7,96.3,11.6
82,36.4,98.1,0
95,36.2,95.2,4.1
100,36.8,96.8,14.4
100,36.2,96,4
96,36.2,98.9,0
99,36.3,88.7,20.3
73,36.8,95.3,9.3
88,36.3,95.3,3.8
75,36.8,97.8,4.9
65,36.9,95.2,9.1
64,36.2,99.7,0
68,37.1,99.6,5.2
87,36.7,98.7,4.7
83,36,96.3,0
81,36.6,97.9,2.5
82,36.6,99.6,0
91,36.5,98,3.3
73,36.4,98.9,0
71,36.9,95.4,10.5
66,36.9,96.7,6.4
64,36.3,96.7,0
79,36.3,97.3,0
63,36.5,96.6,0
64,36.8,95.1,7
63,36.7,97.9,0
69,36.8,96.7,5.3
78,36.5,98,0
90,36.3,97.1,0.8
79,36.3,99.8,0
80,36.5,98.5,0
68,36.4,90.1,10.2
87,36.2,96.9,0
75,36.8,97.2,6.1
67,36.1,98.7,0
70,36.5,96.7,0
59,36.6,99.1,0
85,36.9,99.8,5.9
82,36.8,97.8,7
83,36.4,99.6,0
82,36.7,96.1,8.4
81,36.3,95.1,2.1
81,36.4,96.5,1.3
81,36.1,97.9,0
91,36.4,99.7,0
84,36.3,97.1,0
92,36.5,96.4,6.8
84,36.3,96.4,0.4
82,36.3,97.5,0
81,36.4,95,4.3
81,36.5,99.9,0
85,36.8,99.9,3.7
82,36.2,98.1,0
74,36.3,97.6,0
89,37.2,96.9,18.9
87,35.9,98.4,0
86,36.5,96.2,5.4
78,36.7,99.4,0.6
72,36.6,91.3,13
88,35.8,95.1,0
83,37.1,98.8,11.3
62,36.6,97.2,0
86,36.7,95.7,10.4
69,36.6,98.3,0
65,36.6,97.5,0
69,36.5,99.2,0
78,35.8,99.6,0
68,36.1,95.1,0
63,36.9,99.5,0
63,36.4,99.3,0
69,36.9,99.5,1.7
70,37.3,99.3,10.4
82,36.1,96.5,0
78,36.2,98.2,0
68,36,95.3,0
60,36.5,96.4,0
63,36.5,96.7,0
60,36.5,97,0
63,38.4,97.7,33.5
64,36,99.2,0
79,36.1,93.3,1.1
57,36.3,95.5,0
62,37.2,98.5,7.6
58,36.6,99.1,0
68,36.7,96.8,2.8
64,37.2,97.4,10.4
82,36.7,99.7,1.2
81,36.1,96.4,0
91,36.5,97.6,4.1
80,36.7,93.7,12.6
77,36.6,97.9,1.3
84,36.9,99.9,5.4
96,36.5,98.3,4.2
85,35.9,96.7,0
78,36.2,95.4,0
90,36.7,94.3,14.4
86,36.2,99.9,0
86,36.3,98.9,0
86,36.8,95.8,12.2
93,37,97.4,15.1
94,36.3,96.6,3
94,36.2,88.4,17.4
84,35.8,98.7,0
75,36.6,97.7,1.1
79,36.4,96.6,0.5
90,36.7,97.5,8
76,36.6,90.5,15.8
73,36.9,99.5,2.9
64,36.9,93.6,12
63,36.7,92.7,9.5
64,37.1,96.8,9.6
63,36.1,99.1,0
86,37.3,96,21.8
70,36.5,98,0
95,36.8,97.2,12.1
94,36.5,98,4.2
80,36.1,93.8,0.4
81,37,97.1,12.1
90,36.6,97.3,6.4
66,36.4,98.2,0
64,36.4,95.4,0
63,37,98.8,3.3
76,37.1,96.1,14.6
80,36.6,95.1,7.8
81,37,98.1,10.1
90,36.2,99.1,0
97,36.9,97.4,14.3
96,36.8,88.9,29
100,36.3,95.7,6.6
101,36.3,98,2.3
102,36.5,92.3,18
81,36.5,97.6,1.1
90,36.8,99.7,5.6
76,36.8,93,14.8
77,36.8,97.3,6.5
73,36.3,96.8,0
89,36.8,98.1,8.5
79,35.8,99.1,0
80,38.9,98.8,46.4
102,36.2,95.5,5.6
86,36.5,98.8,0.2
92,36.8,96.1,13.4
93,36.6,98,5.9
94,36.1,97.4,0
84,36.8,97.6,8
74,36.2,97.9,0
82,36.7,96.8,7
81,36.5,94.5,7.3
85,36.2,99.4,0
82,36.5,95.5,5.6
81,36.6,89.7,18.9
98,36.3,98,1.4
86,36.9,97.4,11
91,36.9,95.9,15.5
87,36.5,98.6,0.9
75,36.2,99.4,0
89,36.3,95.9,2.9
87,36.4,98.9,0
92,36.6,87.2,27.2
84,36.3,98.9,0
82,36.4,97.5,0
66,36.2,99.3,0
65,36.3,99.6,0
77,36.9,99.3,4.5
73,36.8,96.9,6.1
79,36.2,98.4,0
61,36.5,97.2,0
62,36.4,96.9,0
57,36.2,92.8,0
84,36.6,95.4,8.4
84,36.7,95.8,9.6
102,36.6,99.3,6
96,36.7,96.8,11.2
77,36,95.3,0
65,36.9,95.1,9.3
72,36.5,95.5,2.6
66,36,99.4,0
64,36.5,99.2,0
76,36.1,98.5,0
76,36.8,95.3,10.2
89,36.9,99.7,7.3
87,36.7,95.1,11.9
82,36.2,98.9,0
81,36.5,99.9,0
81,36.8,98.9,4.5
65,36.5,88.9,13.7
86,36.6,93.8,12.2
63,36.2,97.9,0
64,36.1,92.5,0
64,36.3,98.6,0
65,36.5,95.8,0
58,36.4,98.4,0
78,36.2,97.9,0
73,36.4,96.3,0
60,36.3,99.8,0
72,36.4,96.8,0
88,36.2,88,16.4
70,36.9,97.8,5.4
65,36.3,98.5,0
58,36.3,99,0
84,36.4,95.3,4.6
69,36.5,99.4,0
71,36.3,99.8,0
66,36.4,95.1,0
70,37,95.1,12.8
74,36.7,95.3,7.6
72,36.7,87.8,22
64,36.1,97.6,0
63,35.9,99.5,0
75,36.6,99.8,0
72,36.9,96.3,9
75,36.5,99.9,0
76,36.9,98.8,5.2
91,36.7,95.7,11.9
89,36.4,100,0
76,36.5,96.3,2.2
80,36.1,95.7,0
81,36.9,99.2,5.9
87,36,99.5,0
80,36.5,95.9,4.2
81,36.5,98,0.3
81,36.1,95.4,0
99,36.4,97.4,4.9
90,36.7,98.3,6.4
64,36.6,97.9,0
97,37,98.2,14.7
82,36.4,91.2,12.2
91,36.5,98.9,1.5
93,36.6,96,9.9
74,36.7,96.5,5.2
101,36.3,95.4,7.5
96,36.8,96.5,13.8
61,36.3,97.8,0
79,36.3,97.4,0
81,36.3,98.9,0
90,36.9,97,13
83,36.3,95.8,1.3
74,36.5,96.7,0.8
83,36.5,99.7,0
81,36.5,96.6,3.1
91,36.6,95.8,9.7
84,36.4,94.9,5.4
82,36.8,95.7,11.2
91,36.8,97.1,11.1
83,36.1,97.7,0
78,36.7,97.7,4
90,36.3,99,0
80,35.9,95.3,0
81,36.7,99.1,2.1
81,36.3,96.9,0
81,36.5,99.9,0
91,36.4,99,0
94,36.6,98.1,6
80,36.2,98.7,0
90,36.6,90.4,20.2
85,36.5,99.5,0
92,36.5,99.9,0
94,37.1,97.3,17.6
94,36.9,96.5,15.2
88,36.3,99,0
77,36.1,95.4,0
73,36.6,97.3,1.3
89,36,97.8,0
79,36.4,97.9,0
77,36.3,95.9,0
80,36,96.2,0
81,36.8,98,6.3
91,36.8,96.8,11.7
99,35.7,95.4,0
84,36.2,98.5,0
79,36.5,95.4,4.9
91,37.3,100,15.3
84,36.3,97.2,0
91,36.5,93.6,12.1
59,36.2,94.7,0
71,36.2,95.7,0
88,36.7,96.1,10.2
93,36.2,97.5,0
77,36.3,95.4,0.3
92,36.7,100,3.6
88,37.3,97.8,18.8
98,36.1,97.6,0
89,36.1,99.5,0
93,36.8,98.7,8.5
94,36.4,99.7,0
94,37,95.7,18.8
94,36.6,98.3,5.6
101,36.4,96.8,6.7
78,36.8,95.1,11.2
91,36.4,91,15.3
79,36.2,93.2,3.3
90,37.2,97,19
93,36.2,97.6,0
84,36,96.2,0
91,34.2,96.3,0
84,36.8,91.3,20.6
91,36.4,98.8,0
94,35.9,96.3,0
94,36.8,96.2,13.8
88,36.2,99.7,0
92,36.2,95.8,2
88,36.7,96.3,9.8
81,36.5,98.3,0
77,37.5,86.7,41.7
83,36.2,97.2,0
91,36.8,96.2,12.9
92,36.3,98.4,0
88,36.7,96,10.4
92,36.7,90.4,22.8
94,36.7,98,8.2
94,36.7,96.2,11.8
88,36.4,97.8,0.8
92,36.9,96.7,14.2
94,36.7,99.6,5
94,36.1,96.5,0
84,36.4,99.7,0
92,36.1,98.1,0
93,36.3,96.2,3.5
80,36.2,98.9,0
81,36.7,98.5,3.3
57,36.3,95.2,0
84,36.4,99.5,0
92,35.8,97.6,0
94,36.4,95.3,7.6
84,37.2,95,21.2
91,36.8,95.7,13.9
91,36.2,96.3,0.7
76,36.8,99.4,2
90,36.6,95.5,10
80,36.2,95.3,0
99,36.4,90.3,19.1
86,36.4,96.7,2.4
84,36.5,96.7,3.8
82,36.5,90.6,15.4
74,36.6,96.2,3.8
83,36.5,98.9,0
91,37,98.1,13.1
84,36.9,96.7,11.8
91,36.4,97.6,2.1
79,36.6,96.7,4.3
77,36.2,98.4,0
89,36.4,95.9,4.9
83,36.3,99.3,0
82,36.4,90.2,14.2
91,36.4,98.2,0.9
79,36.5,95.2,5.3
81,36.3,95.1,2.1
81,36.7,98.6,3.1
91,36.7,96,11.3
93,36.3,95.7,4.5
94,36.2,95.6,3
84,36.5,98.7,0
91,36.6,95.3,10.7
80,35.9,95.9,0
90,36,96.1,0
87,36.4,94.3,7.5
92,36.9,99.7,8.2
84,35.9,95.3,0
77,36.8,96.3,8.5
90,36.4,97.8,1.4
83,36.1,97.2,0
91,36,91.3,6.7
84,35.8,98.7,0
79,35.9,95.8,0
81,36.3,99.8,0
79,36.6,94.7,8.3
96,36.3,97.9,1
94,36.2,95,4.2
84,36.6,99.1,1
81,39,95.4,55.5
81,36.7,95.9,8.5
91,35,97.1,0
79,36.9,99.3,5.1
81,36.3,95.7,0.9
90,36.4,96.8,3.4
83,36.1,99.8,0
82,36.3,99.2,0
91,36.5,96.6,6.1
76,36.7,97.4,4
84,36.8,95.6,12
100,36.2,98.5,0
82,36.3,96.5,0
79,36.4,95.5,2.7
76,36.7,99.2,0.4
89,37,95.6,17.5
83,36.5,96.5,3.9
91,36.1,97.5,0
79,36.3,93.1,5.5
81,36.1,92,4.3
68,36.9,99.3,1.8
101,36.3,95.9,6.5
96,36.7,99.4,6
95,36.4,97.6,3.3
95,36.8,95.8,14.9
100,36.2,98.7,0
107,36.4,95.9,10.3
91,36.3,96.1,3.1
99,36.8,95.5,16.7
86,36.4,98,0
79,36.6,99.9,0
101,36.5,95.8,10.7
102,36.3,96.6,5.4
90,38.6,95.7,49.6
93,36.3,95.5,4.9
103,36.6,96.9,11.1
107,36.6,99.2,7.7
102,35.9,96.4,0
96,37,97.8,15.2
73,37.1,95.3,15.3
79,36.4,96.6,0.5
80,36.7,91.6,16.8
79,36.3,96.1,0
80,36.7,95.5,9
79,36.4,96.4,0.9
76,37,98.3,8.2
72,36.5,97.2,0
75,36.8,98,4.5
67,36.6,95.1,3.9
87,35.9,99.2,0
78,36,98.7,0
80,36.4,96.6,0.8
78,36.6,97.4,2.6
73,36.6,95.8,4.3
66,36.6,95.8,2.2
95,35.7,100,0
77,36.9,96,11.1
96,36.3,99,0
94,36.7,97.2,9.8
94,36.6,95.6,11
95,37.1,99.9,12.7
85,36.6,99.4,0.7
78,36.3,95.1,1.2
90,36.5,99,1
83,36.6,96.5,5.9
74,36.6,96.4,3.4
73,36.3,94,1.9
74,36.1,98.7,0
67,36.7,98.7,0
87,36.2,95.4,1.3
92,36.8,99.6,6.4
79,36.8,95.2,11.3
77,36.4,100,0
76,36.7,96.9,5
89,36.5,95.9,6.9
79,36.8,98.8,4.1
84,36.3,99,0
82,37,92.9,20.8
108,36.2,97.6,3.2
88,36.6,99.3,1.8
82,36.2,97.7,0
81,36.6,96.5,5.3
77,36.3,99.4,0
92,36.8,99.4,6.8
84,36.2,98,0
82,37.1,99.8,9
91,36.2,96.2,0.9
93,36.5,95.8,8.3
80,36.7,96,8
84,36.4,97.9,0
91,36.5,96.9,5.5
84,36.6,95,9.2
91,36.3,95.1,5.1
82,36.6,98.3,2
81,36.9,96.5,11.3
81,36.3,96.9,0
91,36.5,97,5.3
87,36.4,97.1,1.9
83,36.5,96.9,3.1
76,36.7,95.2,8.4
76,36.9,91.4,20
80,36.6,99.8,0
77,36.3,100,0
76,36.8,93.4,14
75,36.4,96.5,0
76,36.2,98.3,0
75,36.7,99.2,0.1
76,36.4,98.9,0
83,36.6,97.1,4.7
91,36.8,96.8,11.7
84,36.6,97.6,4
82,36.4,95.9,2.8
77,36.3,98.9,0
89,36.9,94.9,16.9
82,36.3,97.6,0
81,36.8,99.1,4.1
77,36.4,98.2,0
76,36.7,96.5,5.8
60,36.4,97,0
71,36.5,99.5,0
76,36.2,97.3,0
89,37.1,99.1,12.5
61,37.2,97.1,10.1
85,36.5,97,3.5
82,36.3,99.5,0
62,36.1,98.1,0
52,37.2,96,9.6
54,36.7,95.7,0.8
69,36.2,97,0
88,36.4,90.8,14.8
92,37,95.8,18
94,36.5,98.5,3.2
105,36.3,97,5.5
103,36.5,96.6,9.7
87,36.7,96.1,9.9
92,36.7,97.8,8
80,36.2,96.5,0
81,36.5,95.7,4.9
79,36.2,96.8,0
72,36.6,98.7,0
75,36.2,95,0
89,36.9,99.6,7.5
79,36.7,95.1,9.5
72,36.1,97.7,0
82,36.5,97.3,2
80,36.4,95.7,2.6
90,36.5,94.6,9.8
79,36.5,98.5,0
77,36.4,98.5,0
81,36.7,96.5,7.3
90,36.8,99.9,5.2
84,36.6,98.7,1.8
133,36.4,97.3,15.3
104,36.3,95.1,9
97,36.3,94.7,7.7
78,36.1,97.6,0
73,36.8,95.2,9.5
88,35.6,98,0
83,36.1,97.7,0
85,36.5,96.9,3.7
91,36.6,100,1.3
87,36.9,98.4,9.3
69,36.3,97.7,0
78,36.7,95.5,8.4
91,36,95.6,0
93,36.7,96.4,11.1
87,36.2,95.7,0.7
92,36.5,96.8,6
88,36.7,97.7,7
80,36.6,99.2,0
92,36.5,99.7,0.2
76,36.8,96.3,8.2
95,36.5,95.9,8.7
93,36.5,96.6,6.7
83,36.6,95.8,7.3
85,36.3,98.8,0
82,36.6,99.3,3.38E-14
79,35.7,96.5,0
76,36.1,95.4,0
69,37,98.6,5.5
64,36.2,99.1,0
79,36,96.1,0
80,35.9,95.2,0
75,36.5,95.2,4.1
75,36.9,93.7,15.1
76,37,98.1,8.6
75,36.8,96,8.5
79,36.3,98.3,0
90,36.4,98.6,0
87,37,95.6,16.9
75,36.1,97.9,0
77,36.6,100,0
73,36.4,98.1,0
79,36.8,94.7,12.3
82,36.8,96.3,10
81,36.3,97.4,0
91,36.7,98.7,5.9
93,36.6,95.4,11.1
82,36.7,99,2.6
81,36.8,99.7,2.9
90,36.1,95.9,0
83,36.4,97.5,0
85,36.2,99.4,0
86,36.6,98.5,2.8
92,36.8,98.8,8
84,36.8,99.4,4.4
82,36.5,97.1,2.4
77,37.1,96.2,14.7
80,36.7,95.5,9
81,36.3,96.3,0
82,36.6,99,0.6
91,36.6,98.4,4.5
93,36.7,95.7,12.5
88,36.7,95.2,12
81,36.4,95.1,4.1
91,36.5,98.4,2.5
88,36.7,89.4,23.6
84,36.3,96.2,0.8
80,36.5,99.6,0
81,37,99.6,7.1
91,36.5,100,0
83,36.3,98.1,0
73,36.5,99.1,0
93,36.3,96.5,2.9
81,36.8,97.1,8.1
77,36.3,99.3,0
80,36.6,99.6,0
73,36.3,97.1,0
72,36.7,95.8,6
79,36.7,96.9,5.9
77,36.5,97.9,0
89,36.4,94.1,8.5
94,36.1,98.4,0
95,36.8,97,12.5
94,36.6,97.1,8
80,36.4,96.9,0.2
81,36.7,99,2.3
81,36.1,96.6,0
81,36.1,98.7,0
74,36.5,98,0
79,36.4,97,0
90,37,95.9,17.2
75,36.7,95.9,6.7
76,36.5,98.8,0
80,36.6,95.5,7
82,36.5,91.9,12.8
81,36.8,96.5,9.3
81,38.8,96.1,50.1
91,36.4,99.1,0
84,36.9,96.4,12.4
91,36.3,97.5,0.3
102,36.4,97,6.6
90,36.5,95.9,7.2
83,36.6,98.2,2.5
82,35.8,95.7,0
91,36.5,99.6,0.1
94,36.7,95.8,12.6
84,36.7,96.3,8.6
78,36.5,97.2,1
91,36.1,92,7.3
93,36.2,90.6,12.7
93,36.6,98.8,4.3
84,36.9,96,13.2
82,36.3,96,0.6
79,36.4,96.6,0.5
80,36.7,98.8,2.4
79,36.3,96.5,0
77,36.2,98.1,0
89,36.2,98.2,0
83,36.4,95.5,3.9
78,36.8,95.9,9.6
90,36.3,93.4,8.2
83,37,94.9,17.1
92,36.6,95.3,11
84,36.5,96,5.2
90,36.8,97,11
93,36.8,95.9,14.1
84,36.1,96.6,0
93,36.2,98.1,0
84,36.7,97,7.2
91,36.6,96,9.3
108,36.6,99.4,7.6
99,36.5,96.1,9.5
95,36.5,97.3,5.9
85,36.9,95.9,13.7
92,36.7,98.7,6.2
93,36.8,96,13.9
84,36.4,99.9,0
86,36.4,97.3,1.2
63,36.2,98.6,0
86,36.1,96.6,0
82,36.3,99.2,0
91,36.8,98.1,9.1
87,34.2,97.5,0
75,36.8,96.3,7.9
77,36,97.7,0
93,36.4,95,7.9
88,36.7,98.2,6
83,36.6,100,0
79,36.3,96.9,0
81,36.5,99.7,0
81,36.8,98.2,5.9
91,37.1,99.5,12.3
93,36.4,95.7,6.5
84,36.2,90.2,10.8
82,36.5,96.2,4.2
81,36.4,96.6,1.1
85,36.6,95.2,9.1
82,36.5,99.1,0
78,36.5,96.3,2.8
90,36.7,96.2,10.6
93,37,98.5,12.9
93,36.8,97.6,10.7
94,35.8,95.5,0
93,36.3,96.1,3.7
94,37.3,98.7,18.8
84,36.8,99,5.2
82,36.7,97.5,5.6
78,36.1,97.5,0
78,36.4,98.3,0
80,36.4,97.1,0
81,36.7,97.4,5.5
85,36.5,91.8,13.9
82,35.7,91.5,0
81,36.5,97.8,0.7
81,36.8,95.7,10.9
69,36.8,96.6,5.5
88,36.4,95.5,5.4
83,36.3,97,0
85,36.7,99.3,2.9
58,36.8,99.1,0
51,36.3,98.7,0
71,36.2,95.1,0
88,36.6,100,0.4
86,36.4,95.7,4.4
82,36.8,95.7,11.2
79,37.3,95.9,19.9
81,36.6,95.7,6.9
99,36.5,97.1,7.5
86,36,99.5,0
92,36.5,99.5,0.6
93,36.7,95.4,13.1
81,36.6,99.8,0
81,36.5,98.3,0
91,36.3,99.3,0
84,36.2,90,11.2
82,36.8,95.9,10.8
77,36.8,97,7.1
89,36.1,96.6,0
94,36,98.5,0
77,36.4,98.8,0
80,36.7,95.5,9
81,36.3,99.6,0
91,35.9,96.1,0
79,36.3,95.8,0.1
80,36.3,99.8,0
90,36.6,99.8,1.4
83,36.6,97.3,4.3
82,36.3,97.9,0
100,36.7,99.9,6.2
89,36.2,92.3,8.1
87,36.2,99.6,0
83,36.6,94.7,9.5
91,36.5,98.9,1.5
84,35.8,97.9,0
91,36.6,96.8,7.7
84,36.2,96.7,0
76,36.2,99.3,0
80,36.4,95.2,3.6
90,36.8,99.8,5.4
94,36.9,96,16.2
94,37.3,98.7,18.8
94,36.6,99.3,3.6
71,36.5,96.6,0.1
78,36.9,98.3,6.8
83,36.6,98.4,2.1
91,36.4,96.2,4.9
84,37,93.6,20
74,36.3,97.2,0
75,36,91.2,2.1
89,36.6,95.7,9.3
83,36.4,97.9,0
80,36.8,98.7,4.6
84,36.6,95.2,8.8
91,36.6,96.3,8.7
93,36.6,97.6,6.7
81,36.7,96.3,7.7
76,36.6,98,0.8
80,36.5,99.5,0
91,36.3,99.6,0
84,36.8,99.7,3.8
82,36.5,99.9,0
85,36,97.5,0
82,36.1,99.7,0
79,36.9,97.8,8.1
80,36.7,92.7,14.6
90,36.9,98.7,9.6
83,36.4,99.9,0
80,36.4,95.8,2.4
81,36.3,99.9,0
81,37.2,98.5,13.3
91,37.3,97.4,20.5
76,35.9,96.3,0
72,35.9,98.6,0
79,36.3,99.4,0
80,34,97.1,0
90,36.6,96.6,7.8
79,36.1,95.2,0
76,36.8,95.9,9
80,36.5,99.4,0
81,36.7,96,8.3
81,36.7,92.3,15.7
91,36.5,97.4,4.5
84,36.2,96.5,0
78,36.4,98,0
90,36.3,97.8,0
87,36.4,96.6,2.9
82,36,95.2,0
74,36.7,98.6,1
83,36.9,99.9,5.1
85,36.3,98.3,0
79,36.9,97.6,8.5
79,36.6,99.6,0
90,36.3,99.8,0
83,36.2,99.7,0
82,36.6,99.1,0.4
91,36.4,95.6,6.1
84,36.5,99.2,0
91,37,98.8,11.7
81,36.7,98.4,3.5
81,36.4,96,2.3
81,36.4,99.8,0
81,36.5,98.1,0.1
57,36.7,99.1,0
84,36.2,97.8,0
91,37.1,99.8,11.7
87,36.7,97.7,6.7
92,35.9,93.9,0
94,36.2,99.1,0
95,36.9,97.1,14.3
94,36.8,96.1,14
88,36.8,98.5,7.4
83,36.6,96.6,5.7
97,36.8,98.9,9.3
85,36.5,96.7,4.1
82,36.2,92.4,5.8
62,36.4,96.7,0
72,36.4,95.4,0.8
76,36.8,97.5,5.8
75,36.4,99.5,0
94,36.2,97.7,0
94,36.9,95.6,17
94,36.8,98.7,8.8
77,36.8,86,29.1
90,37,97.4,14.2
99,36.3,99.8,0
95,36.5,99.2,2.1
85,36.8,98.8,5.9
92,36.7,96.4,10.8
93,36.4,95.9,6.1
98,36.3,98.1,1.2
86,36.4,97.7,0.4
81,36.4,96.5,1.3
81,36.8,96.5,9.3
91,36.8,99.3,6.7
84,36.6,97.2,4.8
80,36.8,99.4,3.2
81,36.1,97.8,0
82,36.7,96.1,8.4
93,36.7,97.4,9.1
82,36.2,97.3,0
57,36.6,99.3,0
67,36.5,96,0.1
87,36.4,96.3,3.5
83,36.5,95.6,5.7
91,36.5,97.9,3.5
64,36,96.9,0
85,36.4,92.7,10.1
92,36.5,95.3,9
83,36.2,95.9,0
91,36.2,95.7,1.9
93,36.4,99.8,0
77,36.7,99.5,0.1
89,36.7,96.1,10.5
104,36.7,98.5,10.2
113,36.4,97.6,8.7
85,36.8,99.1,5.3
85,36.4,96,3.5
82,35.8,96.5,0
81,36.7,91.3,17.7
83,36.5,95.5,5.9
85,36.5,88.7,20.1
82,36.5,97.6,1.4
78,36.4,95.6,2.2
79,36.5,96.8,2.1
73,36.7,96.8,4.3
71,36.3,97.1,0
75,36.4,93.4,5.7
73,37.1,96.6,12.7
66,36.8,97.8,2.2
77,36.3,95.2,0.7
84,36.3,99.9,0
91,36.6,99.8,1.7
79,36.3,97,0
84,36.6,95.8,7.6
74,36.9,100,2.2
76,36.6,94.7,7.4
69,36.3,95.4,0
78,36.6,96.1,5.2
72,36.6,97,1.6
72,36.3,91.5,6.6
68,36.4,91.1,8.2
71,36.5,97.2,0
70,36.3,95.8,0
71,36.2,96.4,0
70,36.7,99.7,0
69,36.4,100,0
68,36.5,96,0.4
67,37,99,4.1
66,36.8,96.7,4.4
67,36.4,96.3,0
65,38.5,98,35.5
65,36.2,97.2,0
64,36.6,95.1,3
75,37.1,95.1,16.3
68,36.4,93.6,3.2
67,36.6,96.2,1.7
65,36.5,95.1,1.3
65,36.8,96,5.5
66,36.4,99.9,0
67,36.8,99.4,0
66,36.2,97.6,0
64,36.3,99.8,0
63,35.8,97.7,0
64,36.4,99.1,0
63,36.7,96.2,2.5
77,36.4,95.2,2.7
73,36.4,96.8,0
66,36.2,99.7,0
69,36.5,99.7,0
78,36.4,97.1,0
80,36,99.1,0
76,35.8,97.4,0
80,36.4,98.3,0
75,36.5,95.4,3.7
73,36.6,95.4,5.1
88,36.3,97.7,0
86,37.1,97.7,14.4
100,36.8,98.1,11.8
81,35.8,96.1,0
90,36.9,97.4,12.2
81,36.2,98.4,0
91,36.1,97.9,0
81,36.7,99.9,0.5
81,36.9,95.4,13.5
81,36.2,98.3,0
91,36.8,97.2,10.9
76,36.6,98.7,0
80,36.3,99.3,0
90,36.5,95.1,8.8
92,36.4,96.1,5.4
87,36.6,99.9,0.3
92,36.6,96.5,8.6
94,36.6,97.1,8
84,37.3,99.6,14
91,36.3,99.2,0
83,38.4,98.9,37.1
82,36.4,97.8,0
81,36.8,94.5,13.3
81,36.4,99.7,0
85,37.1,95.5,18.5
81,36.5,95,6.3
85,36,99,0
63,38.2,98.9,27.1
86,37.1,96.2,17.4
98,36.5,98.1,5.2
106,36.3,97.6,4.6
85,36.8,97.7,8.1
82,36,96,0
77,36.9,95.8,11.5
98,36.2,98,0
86,36.8,98.8,6.2
82,36.4,96.8,1
85,36.6,96.6,6.3
82,36.4,96.2,2.2
81,36.2,97.1,0
91,36.8,99.1,7.1
93,36.7,87.3,29.3
84,36.5,96.9,3.4
82,36.1,98.9,0
81,38.2,96.1,38.1
108,36.8,94,22.4
88,36.4,98.6,0
87,36.7,98.4,5.3
82,36.6,96,6.6
85,35.7,96.7,0
98,36.6,95.9,11.6
78,36.4,96.3,0.8
80,37,87.1,31.8
77,36.1,94.2,0
89,36.2,95.4,1.9
93,36.2,98.5,0
93,36.7,91.7,20.5
94,36.5,95.2,9.8
94,36.1,96.6,0
94,36.1,98.1,0
89,36.6,98.4,3.9
93,36.5,99.1,1.7
94,36.7,97.4,9.4
94,36.4,98.9,0.4
94,36.4,97.4,3.4
82,36.3,97.7,0
77,36.3,97.1,0
79,36.4,91.9,9.9
90,36.6,96.8,7.4
80,36.7,98.9,2.2
77,36.1,99.3,0
77,36.4,98.7,0
78,36.9,91,21.4
90,36.6,98.6,3.8
77,36.7,99.4,0.3
64,36.3,97.3,0
80,36.4,97.7,0
61,36.3,97.2,0
85,36.5,94.6,8.3
91,36.1,95.8,0
91,35.9,98,0
93,36.3,95.5,4.9
105,37,97.2,19.1
87,35.7,96.9,0
92,37,97,15.6
93,36.3,99.6,0
84,36,98.5,0
97,36.8,98.3,10.5
85,36.7,97.9,5.7
90,36.9,95.3,16.4
94,36.8,98.9,8.4
84,36.2,99.3,0
81,37.2,95,20.3
74,36.6,99.8,0
77,36.8,94.7,11.7
83,36.1,96.4,0
81,36.2,97.3,0
75,36.5,98.8,0
72,36.5,95.2,3.2
59,35.8,95.4,0
79,36.6,87.9,21.9
78,36.4,96.8,0
90,36.4,92.3,12.4
81,36.8,96.9,8.5
81,36.7,95.5,9.3
77,36.8,95.4,10.3
80,36.7,98.6,2.8
73,36.3,96.5,0
75,36,95.3,0
60,36.4,95.2,0
68,36.5,95.3,1.8
81,37.2,96.8,16.7
79,35.6,98.2,0
83,36.6,95.7,7.5
74,36.5,98.3,0
60,36.1,95.9,0
68,36.4,98,0
75,36.9,95.7,11.1
77,37,97.5,10.1
78,37.1,99.1,9.2
79,36.6,99.9,0
79,36.5,93.3,9.1
78,36.4,97,0
94,36,93,4.2
94,36.2,97.4,0
95,36.1,95.2,2.1
99,36.2,96.4,2.9
85,36.6,98,3.5
103,37,98.4,16.1
96,36.4,97.9,3
84,35.9,90,5.2
97,36.9,99,11.1
85,36.4,97.3,0.9
92,38.9,97.7,52.2
93,36.9,95.4,17.1
94,36.8,99.9,6.4
94,36,96.7,0
99,36.2,98.4,0
86,37,96.6,14.6
92,37.2,96.4,20.8
84,36.4,95.7,3.8
92,36.7,98.4,6.8
84,36.4,99.1,0
82,36.1,99.5,0
81,36.6,98.8,0.7
80,35.9,98.9,0
77,36.4,96.5,0.1
76,36.7,97.6,3.6
80,36.6,96.8,4.4
76,36.4,95.8,1.2
94,36.8,99.5,7.2
100,36.7,97.8,10.4
86,36.4,96,3.8
92,36.6,95.6,10.4
84,37,99.2,8.8
79,36.4,95.7,2.3
72,37.1,97.4,10.8
71,37,99.7,3.9
76,36.1,99.4,0
77,36.1,97.1,0
78,36.6,99.5,0
90,36.4,98.1,0.8
82,36,98.5,0
78,36.4,99.6,0
78,36.5,96.6,2.2
78,36.6,98.4,0.6
73,36.7,96.4,5.1
79,37.1,97.5,12.7
94,36.4,99.4,0
94,36.6,95.9,10.4
95,36.2,97.7,0
94,36.6,90,22.2
100,36.3,98.9,0.2
96,36.2,99.6,0
84,36.7,96,9.2
82,36.5,98.8,0
81,36.8,97.8,6.7
91,36.3,98.5,0
84,36.6,86.5,26.2
74,36.7,98.8,0.6
79,36.6,95.2,7.3
84,36.6,99,1.2
80,36.3,96.3,0
90,34.2,98.8,0
93,36.9,97.9,12.1
80,36.6,97.5,3
81,36.4,96.3,1.7
81,36.2,88.5,13.3
74,36.4,98.4,0
79,36.4,95.1,3.5
90,36.4,99.6,0
93,36.5,95.1,9.7
84,36.2,98.3,0
82,36.4,98.2,0
81,36.3,97.8,0
91,36.4,97.9,1.5
79,36.6,98.9,0
81,36.2,97,0
90,36.2,91.7,9.6
83,36.1,95.7,0
91,36.6,97.1,7.1
99,36.4,98.3,3.1
84,36.7,95.2,10.8
82,36.6,98.2,2.2
77,36,99,0
80,36.4,99.9,0
81,36.6,97,4.3
91,36.2,99.8,0
93,36.9,95.9,16.1
81,37.1,98,12.3
74,36.1,96.8,0
89,36.3,98.4,0
83,36.3,97.7,0
82,36.5,97.3,2
81,36.2,98.9,0
81,36.1,96.9,0
76,36.3,97.2,0
83,36.4,98.1,0
91,36.3,95.5,4.3
76,36.4,99.2,0
72,36.2,95.4,0
79,36.2,96.7,0
79,36.8,96.4,8.9
80,36.4,97,0
85,36.5,99.4,0
80,36.9,97,10
84,36.4,98.9,0
92,37,99.3,11
102,36.7,96.9,12.8
87,36.5,98.5,1.1
92,36.5,98.8,2
94,36.1,96.8,0
93,36.8,95.1,15.7
87,36.6,97.2,5.7
83,36.5,99.4,0
82,36.5,95.7,5.2
81,37,96.9,12.5
74,36.4,95.5,1.2
89,36.4,95.6,5.5
75,37.1,97.5,11.5
89,36.3,95.1,4.5
87,36.1,97.4,0
82,36.4,98.5,0
83,36.3,95.7,1.5
78,36.5,92.7,10
84,36.8,99,5.2
85,36.5,94.3,8.9
82,36.3,94.5,3.6
81,36.4,100,0
91,36.3,97.7,0
81,37.1,95.8,16.7
77,36.6,98.8,0
80,36.4,95.9,2.2
81,36.7,95.9,8.5
81,36.6,96.1,6.1
91,36.8,99.2,6.9
81,36.5,98.8,0
80,36.5,99.9,0
90,36.2,95.3,2.4
80,35.8,98.8,0
90,37,95.7,17.6
83,36.3,99.1,0
62,37,95.4,9.8
82,36.4,96.2,2.2
85,37,93.1,21.3
82,36.7,99.8,1
74,36.6,96.9,2.4
83,36.3,97.2,0
101,36.9,97.3,15.7
97,36.5,96.9,7.3
85,36.3,96,1.5
82,36.3,100,0
78,36.3,97.4,0
90,36.5,91,17
93,36.6,96.4,9.1
94,36.8,97.1,12
100,36.5,96.5,9
86,36.1,96.4,0
82,36.6,99.9,0
81,36.4,98,0
77,36.7,99.9,0
72,36.8,99.8,0
93,36.4,99.8,0
80,36.3,96.6,0
82,36.1,99.4,0
85,36.3,97.3,0
82,36.8,95.3,12
75,36.5,93.2,8.1
75,36.6,96.8,2.9
89,36.3,95.3,4.1
82,36.4,98.7,0
77,36.5,99.6,0
67,36.3,96.8,0
87,36.2,98.6,0
75,36.4,99.6,0
75,36.6,99.3,0
72,36.7,96.6,4.4
88,36.8,91.8,20.8
64,36.1,97,0
76,36.5,97.2,0.4
69,36.6,96.4,1.9
95,36.7,96,12.5
72,36.2,95.3,0
54,36.9,97.7,0.8
89,36.3,98.9,0
76,36.4,96.5,0
101,36,97.6,0
102,36.3,98.4,1.8
67,36.4,97.4,0
69,36.6,99.3,0
87,36.5,95.8,6.5
92,36.6,98.3,5
94,35.9,96.5,0
93,36.2,98.5,0
77,36.6,97.6,1.9
90,36.4,99,0
94,36.1,99.7,0
80,36.1,92.8,2.4
90,36.5,96.3,6.4
93,36.4,95.8,6.3
100,36.6,96.9,10.2
101,36.7,99.1,8.1
102,38.4,97.1,46.4
102,36,95.1,2.4
102,36.4,95.6,9.4
101,36.7,89.3,27.7
97,36.4,95.1,8.9
95,36.7,97.6,9.3
95,36.3,98,0.5
94,36.3,97.6,1
94,36.3,99.5,0
88,36.5,95.1,8.2
59,36.3,96.4,0
85,36.3,96.4,0.7
92,36.7,94.8,14
82,36.2,99.1,0
91,36.2,95.6,2.1
87,37,97.5,13.1
79,36.3,99.8,0
90,36,97.9,0
83,36.8,96.4,10.1
92,36.8,95.4,14.8
90,36,95.5,0
87,36.5,91.4,15.3
58,36.4,99.1,0
83,36.5,97.1,2.7
74,36.9,95.9,10.4
78,36.3,99.4,0
101,36.5,95.5,11.3
96,36.3,96.8,3.2
95,36.8,96,14.5
95,36.1,99,0
100,36.7,99.5,7
102,36.2,95.2,6.2
107,36.3,96.3,7.5
97,36.2,94.8,5.5
85,34.1,98.1,0
78,36.5,98.2,0
80,36.5,96.2,3.6
87,36.6,96.6,6.9
79,37,99.2,7.3
80,36.5,96.6,2.8
90,36.4,95.1,6.8
81,36.3,99.6,0
77,36.5,96.7,1.7
84,36.1,97.2,0
76,36.2,91.7,5.4
112,36.7,92.8,24
99,36.4,98.2,3.3
82,36.5,97.8,1
73,37,95.7,12.5
89,36.2,97.7,0
83,36.3,98.1,0
82,36.3,99,0
81,36,98.8,0
85,36.5,97.4,2.7
69,36.4,96.3,0
74,36.8,93.7,12.8
79,36.3,98.2,0
73,36.5,96.8,0.3
79,36.9,98.8,6.1
78,36.9,99.3,4.8
80,35.6,97.9,0
81,37,95.9,14.5
68,36,95.9,0
74,36.6,95.9,4.4
79,36.6,96,5.7
78,36.6,99.2,0
80,36.3,97.6,0
81,36.5,98.9,0
91,36.5,96.8,5.7
84,36.9,100,5.2
91,36.3,97,1.3
93,36.2,95.3,3.3
94,36.7,98.2,7.8
94,36.6,98.4,5.4
84,36.7,98.6,4
91,36.9,97.7,11.9
84,36.8,92.9,17.4
91,36.4,95,7.3
99,36.7,95.3,15.1
95,36.4,92.2,14.1
80,36.7,98.7,2.6
81,36.3,97.9,0
85,36.5,99.2,0
78,36.4,97.1,0
83,36.5,99.8,0
91,36.4,98.4,0.5
93,36.7,95.6,12.7
95,37.2,97.9,18.7
91,36.2,92.7,7.9
82,36.4,95.7,3.2
81,36.5,96.1,4.1
79,36.2,95.7,0
90,36.6,91.6,17.8
93,36.3,98.5,0
94,36.3,99.4,0
83,35.7,96.6,0
94,36.6,96.9,8.4
76,36.3,96.2,0
80,36.3,99.8,0
80,36.5,96.7,2.6
90,36.6,97.8,5.4
93,36.7,96,11.9
105,36.1,99.9,0
87,36.9,92.9,20.3
83,36.7,96.2,8.5
77,36.6,97.7,1.7
80,36.4,98.1,0
81,36.9,96.6,11.1
79,36.8,96.1,9.5
101,36.3,97.6,3.1
78,36.9,95.2,13
90,36.8,97.1,10.8
93,36.8,96.5,12.9
94,36.5,98.5,3.2
84,36.5,96.6,4
77,36,99.4,0
61,36.2,90.4,3.5
76,36.2,96.6,0
78,36.6,99.7,0
80,36.5,96.5,3
78,36.9,96.6,10.2
84,36.3,98.4,0
91,37.1,97.1,17.1
84,36.5,97.2,2.8
82,36.8,97.8,7
81,37.1,98.1,12.1
81,36.5,96.5,3.3
80,36.4,98.9,0
81,36,95.6,0
90,36.4,95.4,6.2
93,36.3,96.9,2.1
84,36.4,98.8,0
86,36.9,99.5,6.8
86,37.2,99.3,13.2
92,36.4,96.6,4.4
84,36.5,99.3,0
85,36.4,98.7,0
81,37.3,97,18.3
81,36.7,96.9,6.5
99,36.2,93.5,8.7
86,36.3,97.5,0
92,36.6,96.9,7.8
93,36.5,97.3,5.3
83,36.5,98.1,0.7
79,36.8,99.4,2.9
78,36.7,95.1,9.2
101,36.1,98.3,0
96,37,97.4,16
100,36.6,96.8,10.4
96,36.5,97.6,5.6
95,37.1,93.1,26.3
105,36.9,96.9,17.7
97,36.5,95.6,9.9
95,36.6,97.1,8.3
100,36.4,95.7,8.6
96,36.7,98,8.8
100,36.8,95.8,16.4
84,36.3,95.5,2.2
97,36.4,99.6,0
95,36.3,97.6,1.3
95,37,99.6,11.3
94,35.9,96.5,0
94,36.6,97.7,6.8
84,36.7,94.8,11.6
93,36.7,95.9,12.1
94,36.2,97.3,0
94,36.2,97.6,0
105,37.1,98.9,17.7
97,36.6,98.8,5.5
82,36.8,99.2,4.2
91,36.7,96.4,10.5
79,36.3,99.5,0
73,36.4,100,0
89,36.3,97,0.7
82,36.4,97.6,0
80,36.6,95.9,6.2
79,36.6,96,5.7
78,36.4,95.6,2.2
78,36.3,96.9,0
73,36.6,95.2,5.5
71,36.3,96,0
88,36.3,96.8,0.8
81,36.4,96.8,0.7
81,36.5,99.9,0
80,36.5,97.1,1.8
91,36.5,96.2,6.9
93,36.4,98,1.9
84,36.2,98,0
77,36.4,97.3,0
84,36.3,95.5,2.2
80,36,95.7,0
90,36.5,97.6,3.8
100,36.7,99.2,7.6
96,36.4,87.7,23.4
107,36.4,98,6.1
109,36.8,90.4,29.9
88,36.5,90.2,18
81,36,92.2,1.9
85,36.4,98.9,0
82,36.5,97.8,1
79,36.5,98.8,0
80,36.7,99.2,1.6
90,36.1,98.8,0
93,37,98.2,13.5
82,36.2,99.7,0
74,35.7,95.3,0
77,36.7,97.9,3.3
80,36.2,98.6,0
81,36,96.7,0
81,36,98,0
91,37,96.7,15.9
84,37,97.3,12.6
95,37,96.9,16.7
94,36,95.3,0
95,34.5,99.2,0
60,36.8,99.7,0
79,35.7,96.3,0
90,36.1,100,0
94,36.3,95.4,5.4
80,37.1,96.4,15.2
86,36.6,99.6,0.6
92,36.3,98.5,0
93,36.1,97.6,0
84,36.2,96,0
100,36.2,96.6,2.8
79,36.7,97,5.7
80,37.1,97.2,13.6
85,36.3,98.4,0
92,36.5,98.3,3
76,36.2,98.6,0
80,36.7,95.9,8.2
81,36.6,97,4.3
102,36.6,96.3,12
84,36.5,99.1,0
63,37,99.4,2.1
90,36.6,98.5,4
86,36.5,95.5,6.8
82,36.7,98.4,3.8
68,36.1,99.5,0
60,36.5,96.7,0
84,36.3,99.9,0
80,37.1,98.5,11
77,36.1,99,0
80,37,98.2,9.6
76,36.8,92.5,15.8
83,36.9,99.6,5.7
82,36.1,97.4,0
81,36.7,99.7,0.9
81,36.4,95.5,3.3
81,36.9,97.6,9.1
81,36.3,98.9,0
73,36.6,98,0
71,36.4,95.2,0.9
78,36.4,98.7,0
80,37.4,97,20
80,36.7,97.4,5.2
81,36.7,90.6,19.1
91,36.6,96.7,7.9
93,36,98.2,0
94,36.4,97.4,3.4
80,36.9,99.5,5
81,36.6,98.4,1.5
79,36.1,99.2,0
80,36.8,98.7,4.6
73,36.4,99,0
79,36.4,99.2,0
90,36.8,95.4,14.2
79,35.8,95.6,0
90,36.4,95.5,6
83,36.5,99.2,0
82,34.2,98.7,0
62,36.1,98.3,0
79,36.4,98.2,0
84,36.3,97,0
58,36.3,96.7,0
74,36.6,96.1,4
60,37.3,94.2,17.6
75,36.2,95.5,0
89,36.8,99.5,5.7
83,36.5,98.1,0.7
68,36.3,99.5,0
73,36.4,95,1.9
66,36.7,98.6,0
58,36.4,98.3,0
59,36.4,97.3,0
75,36.5,96.5,1.5
89,37,99.3,10.1
100,36,98.6,0
85,36.6,99.8,0
96,36.2,99.2,0
112,36.5,99,7.6
94,36.4,95.7,6.8
94,36.9,99.6,9
80,36.7,99.6,0.8
60,36.3,99.7,0
84,36.2,98.1,0
78,37.2,96.2,17
73,36.4,95.3,1.3
74,36.6,95.8,4.6
83,34.9,97.1,0
85,36.4,96.6,2.3
82,36.2,96.7,0
81,36.8,94.1,14.1
85,36.4,99.7,0
63,36.4,95.1,0
73,36.6,98.4,0
79,37.3,94.5,22.7
68,37.3,99.1,10.2
70,36.7,99.3,0
66,36.5,99.2,0
87,36.9,99.8,6.5
97,36.7,93,19.1
84,36.6,98.5,2.2
82,36.8,99.5,3.6
84,36.3,97.9,0
91,36.2,98.1,0
87,36.7,97.3,7.5
73,36.6,96.2,3.5
79,36.7,97.2,5.3
80,36.3,98,0
90,36.4,95.9,5.2
79,36.5,98.5,0
84,36.4,96.3,2.6
91,36.5,95.1,9.1
87,36.8,99.2,5.7
83,36.6,94,10.9
91,36.4,93.5,10.3
80,36.7,97.8,4.4
76,38.9,91.2,60.4
90,36.3,97,1
81,36.6,96.4,5.5
81,36.3,99.2,0
91,36.9,96.2,14.9
84,36,96,0
91,36.6,97.9,5.5
84,36.6,98.2,2.8
74,36.3,99.7,0
72,36.4,97.3,0
74,36.6,99.3,0
79,36.4,96.3,1.1
81,36.3,97.2,0
80,36.4,98.3,0
81,36.8,93.7,14.9
84,36.8,99.9,3.4
82,36.8,99.4,3.8
81,36.7,98.9,2.5
78,36.7,97.8,3.8
73,36.7,99.3,0
79,36,98.1,0
80,36.5,99.3,0
91,36.2,96.7,0
79,36.7,96.5,6.7
78,36.9,96.4,10.6
90,37,96.5,16
83,36.9,96.1,12.7
82,36.4,96.3,2
85,36.8,98.7,6.1
80,36.7,96.1,7.8
96,37,97.9,15
85,36.6,99.8,0
73,36.3,95.9,0
94,37.2,99.7,14.8
105,36.5,99.5,4.5
108,36,97.1,0.2
84,36.4,97.8,0
82,36.5,96.4,3.8
82,36.2,99,0
77,36,97.9,0
90,36.7,95.9,11.2
99,36.7,96.5,12.7
78,36.8,98.1,5.2
90,36.4,97.8,1.4
93,36.9,97.8,12.3
87,36.3,96.2,1.7
75,36.8,98.8,2.9
79,36.6,95.5,6.7
91,35.8,97.4,0
84,36.8,96,11.2
102,36.6,97.7,9.2
87,38.2,97.8,36.5
80,36.5,99.9,0
80,36.8,97.4,7.2
73,36.4,95.8,0.3
55,36.6,99.4,0
72,36.8,96.4,6.8
75,36.7,99.5,0
75,36.8,98,4.5
79,36.7,98.7,2.3
81,36.6,98,2.3
81,36.7,95.3,9.7
79,36,95.2,0
77,35.6,98.4,0
90,36.7,97.8,7.4
80,34.2,95.2,0
102,36.4,92.1,16.4
87,36.6,99.5,1.1
103,35.8,96.6,0
91,36.8,98.8,7.7
84,36.3,97.2,0
79,36.8,95.3,11.1
72,37,97.3,9
89,36.5,99.7,0
89,36.2,96.2,0.3
88,36.5,95.7,7
92,36.5,99.9,0
65,36.8,95.6,6.3
86,37.1,100,9.8
82,36.5,98.6,0
81,36.2,97,0
74,36.6,99.4,0
75,36.4,97.3,0
79,36.4,95.6,2.5
73,36.7,99.4,0
67,36.3,97.8,0
77,36.6,96.1,4.9
68,34.6,97.1,0
76,36.4,90.1,12.6
80,36.5,97.3,1.4
84,36.2,95.1,1
82,36.1,99.4,0
85,36.1,98.5,0
86,36.3,99.1,0
92,36.4,95.2,7.2
93,36.7,96.1,11.7
94,36.4,98.9,0.4
94,37,90.1,30
94,36.3,99.7,0
83,36.5,93.8,9.3
82,36.2,97.6,0
91,36.6,95.5,10.3
93,36.5,99.6,0.7
84,36.5,99.1,0
80,36.6,99.2,0
91,36.3,98.9,0
87,36.8,98.1,7.9
86,36.4,99.9,0
93,36.5,97.4,5.1
94,36.6,99.2,3.8
94,36.7,98.2,7.8
84,36.8,98.1,7
91,36.7,97.8,7.7
98,36.9,96.3,16.8
95,36.6,97.9,6.7
94,36,96.5,0
85,36.3,95.9,1.7
85,36.5,96.9,3.7
75,36,97.9,0
79,36.7,96.5,6.7
90,36.6,96.5,8
83,36.6,99.8,0
82,35.8,97,0
81,36.4,99,0
79,36.6,99.4,0
79,36.5,97.3,1.1
91,36,95.1,0
84,36.5,98.9,0
91,36.1,95.9,0
80,36.5,99.2,0
90,38.3,98.4,38.2
93,36.4,95.5,6.9
94,36.3,99.3,0
100,36.3,98.1,1.8
86,36.2,96,0
92,36.5,98.1,3.4
84,36.4,98.8,0
78,36.6,98.1,1.2
90,36.5,97.4,4.2
93,36.6,95.5,10.9
80,36.2,96.1,0
81,36.2,99,0
74,36.4,97,0
79,36,97.2,0
80,36.5,92.9,10.2
81,36,97.2,0
81,36.1,95.2,0
90,36.8,99.7,5.6
83,36.5,97,2.9
81,36.1,97.2,0
77,36.8,98.8,3.5
79,36,91,3.7
90,37.1,99.5,12
94,36.8,97.8,10.6
88,36.5,98.3,1.8
82,36.5,96.1,4.4
74,36.4,97.2,0
72,36.4,96.6,0
65,36.7,96.1,3.3
73,36.6,98.9,0
77,36.3,99.4,0
78,38,95.6,34.2
73,36.4,99.9,0
69,36.7,93.7,9.3
75,36.5,97,0.5
78,36.3,95.8,0
56,36.5,97.5,0
66,36.6,95.3,3.2
87,36.3,96.2,1.7
81,36.5,98.7,0
74,36.9,96.1,10
67,36.7,99.7,0
76,36.4,93.9,5
89,36.2,95,2.7
80,36.9,99.5,5
74,36.3,96.9,0
75,36.6,97,2.5
72,36.2,97.5,0
79,36.2,95.4,0
72,36.7,91.6,14.4
69,36.8,97.7,3.3
71,36.7,96.3,4.7
70,36.9,97.3,6.4
76,36.1,99.5,0
77,36.1,99.2,0
75,36.7,95.1,8.3
72,36.9,95.8,10
70,36.3,97.4,0
68,35.7,97.5,0
68,36.8,99,0.4
75,36.6,88.6,19.3
67,36.5,98,0
66,36.4,98.4,0
67,36.8,96.6,4.9
67,36.6,98.3,0
63,35.9,92.1,0
63,36.2,95.6,0
64,36.3,97,0
67,36.6,97.4,0
65,36.8,95.4,6.7
64,35.8,99.2,0
65,36.3,97.2,0
77,37.1,98.7,9.7
83,36.1,98.6,0
85,36.2,96.4,0
81,36.1,85.6,17.1
101,36.2,96.3,3.7
96,36.1,95.9,1
95,36.3,99.1,0
85,36.8,96.2,11.1
89,36.1,99.9,0
79,36.5,98.6,0
78,36.7,97.1,5.2
77,36.1,96.3,0
80,36.5,98.6,0
81,36.7,98.5,3.3
85,36,99.8,0
92,36.8,96.9,11.8
83,36.5,97.4,2.1
81,36.3,98,0
81,36.7,96.7,6.9
91,36.8,98.7,7.9
93,36.6,96.5,8.9
87,36.1,97.3,0
92,36.7,97.4,8.8
87,36.1,97.3,0
93,36.7,95.3,13.3
83,36.5,100,0
81,36.5,98.4,0
77,37,99.3,6.5
80,36.5,98.1,0
90,36.4,95.6,5.8
83,36.3,97.8,0
82,36.8,99.5,3.6
80,36.5,98.5,0
81,36.8,98,6.3
81,36.7,96.1,8.1
91,36.3,98.2,0
84,36.1,99.2,0
81,36.7,98,4.3
77,36.6,92.9,11.3
89,36.4,97.1,2.5
93,36.5,99.4,1.1
91,36.7,96.7,9.9
93,36.5,99.8,0.3
94,36.8,97.2,11.8
84,36.6,93.1,13
91,36.2,95.2,2.9
86,36.7,100,1.8
82,36.2,95,0.6
91,36.5,99.3,0.7
110,36.4,99.4,4.2
89,35.7,99.9,0
94,36.6,98.2,5.8
65,36.9,98.8,1.9
77,36.6,95.6,5.9
84,36.8,95.8,11.6
74,36.7,95.7,6.8
89,36.5,97.3,4.1
83,36.4,97.4,0.1
91,36.5,95.5,8.3
84,35.8,95.9,0
97,37,96.1,18.9
85,36.6,98.5,2.5
82,37.1,99.7,9.2
91,36.5,97.8,3.7
84,36.1,95.2,0
95,36.5,97.2,6.1
85,36.5,97,3.5
92,36.6,99.9,1.8
79,37,99,7.7
99,36.6,99.2,5.3
96,36.4,98.9,1
88,36.7,95.6,11.2
79,36.9,98.7,6.3
90,37,95.9,17.2
93,36.5,96,7.9
84,36.8,96.2,10.8
82,36.6,97.7,3.2
91,36.8,98.9,7.5
94,36.6,98.4,5.4
84,36.5,98.2,0.8
80,37.1,97.9,12.2
81,36.9,98,8.3
99,36,97,0
86,36.5,95.3,7.2
63,36.2,98.2,0
76,36,99.4,0
83,36.5,97.9,1.1
86,36.9,99.2,7.4
86,36.4,99.1,0
92,36.4,95.1,7.4
93,36.3,97.9,0.1
84,36.1,95.9,0
74,36.6,95.7,4.8
89,36.5,96.8,5.1
79,36.5,97.1,1.5
75,36.5,98.3,0
88,36.2,96.9,0
87,36.5,95.2,7.7
92,36.6,98.8,4
84,36.9,96.3,12.6
78,36.3,96,0
89,36.6,97.9,4.9
82,36.8,98.6,5.4
81,36.4,96.9,0.5
79,36.5,98.4,0
90,36.9,95.9,15.2
76,36.7,99.8,0
76,36.6,97.6,1.6
80,36.4,95.6,2.8
84,36.7,99.2,2.8
78,36.3,96.1,0
76,36.5,95.9,3
80,36.2,95.1,0
84,36.8,99.7,3.8
91,36.3,97.2,0.9
87,36.8,97.5,9.1
110,36.1,98,1
81,36.8,97.9,6.5
91,36.5,99.4,0.5
84,36.7,98,5.2
74,36.2,98.3,0
79,36.1,98.1,0
77,36,95.3,0
73,36.8,99.4,1.1
79,37.1,99.3,9.1
91,36.3,97.1,1.1
84,36.3,95.7,1.8
91,35.9,95.6,0
84,36.7,99.5,2.2
77,36.8,99.9,1.3
84,36.3,98.1,0
82,36.4,97.9,0
100,36.7,95.7,14.6
86,36.8,98.4,7
82,36.4,96.5,1.6
81,36.5,98.2,0
91,36.1,98.7,0
93,36.5,99.3,1.3
84,36.8,98.1,7
82,36.2,96.6,0
91,36.3,97,1.3
84,36.2,96,0
91,36.2,96.6,0.1
87,38.3,98.9,36.3
83,36.7,95.3,10.3
91,35.8,97.2,0
84,37,95.2,16.8
91,36.6,98.3,4.7
94,34.2,98,0
81,36.4,95.2,3.9
85,36.6,95,9.5
58,36.3,96.9,0
75,37.1,96.8,12.9
89,36.5,85.4,27.9
93,36.2,95.4,3.1
84,36.4,95.7,3.8
102,36.7,100,6.6
87,37,98.6,10.9
87,36.9,96.5,13.1
83,36.5,98.9,0
81,36.6,97.9,2.5
85,36.5,98,1.5
78,36.1,99.3,0
73,36.6,98.5,0
79,36.2,98.6,0
90,36.4,95.6,5.8
79,36.4,95.8,2.1
90,36.5,97.8,3.4
99,36.8,97.6,12.5
95,36.2,95.3,3.9
83,36.7,95.9,9.1
85,36,96.9,0
80,38.4,95.5,43
77,36.9,95.5,12.1
80,36.8,97.3,7.4
76,38.9,96.2,50.4
89,36.4,98.4,0
83,36.1,95.5,0
91,36.5,94,11.3
84,36.6,99.9,0
79,37,99,7.7
90,37.1,97.5,16
83,36.3,97.3,0
82,36.3,96.3,0
81,36.9,99.5,5.3
91,36.2,91.9,9.5
84,36.7,95.1,11
79,36.5,97.4,0.9
73,36.7,97.2,3.5
88,36.6,95.8,8.8
104,36.1,99.7,0
87,36.2,98.9,0
82,36.5,100,0
81,36.1,97.1,0
91,36.4,98.6,0.1
94,36.6,96.5,9.2
84,36.4,98.7,0
82,36.3,99.9,0
91,38.2,97.5,38.3
87,37.1,97.5,15.1
79,36.4,95.6,2.5
90,35.8,90.4,4.2
83,36.9,99.4,6.1
82,36.6,98,2.6
81,36.5,99.3,0
81,36.8,99.1,4.1
80,36.9,96.1,11.8
102,36.4,99.6,1.4
105,36.2,97,3.5
97,36.2,95.1,4.9
85,38.4,96.2,43.1
81,36.3,88.3,15.7
96,36.1,99,0
106,37.1,99.8,16.2
88,35.8,95.5,0
69,37,99.3,4.1
80,36.6,99.3,0
90,36.2,94.1,4.8
86,37.1,95.3,19.2
82,36.6,98.2,2.2
91,36.3,98.4,0
93,36.2,96.3,1.3
94,36.5,96.2,7.8
84,36.8,95.4,12.4
82,36.5,99.1,0
91,36.4,95.2,6.9
82,36.2,88.9,12.8
91,36.7,95.8,11.7
93,36.2,96.1,1.7
94,36.7,95.6,13
94,36.5,96,8.2
88,36.7,95.2,12
101,36.4,98,4.3
86,36.6,96.4,7
92,36.1,96,0
82,36.6,95.3,8
81,36.3,95.7,0.9
85,36.3,97.4,0
97,34.8,99,0
95,36.5,98.8,2.9
90,36.7,96.7,9.6
93,36.7,95.2,13.5
94,36.3,97.4,1.4
94,36.4,98,2.2
94,36.4,97,4.2
70,36.8,95.3,8.4
110,36.3,91.6,17.8
98,36.3,95.6,6.2
96,36.6,96.9,9
94,36.5,95.7,8.8
85,36.9,97.3,10.9
75,36.1,95.8,0
83,36.5,96,4.9
62,36.6,97.3,0
86,36.8,89.9,24
92,36.6,97.3,7
92,36.4,97.6,2.4
93,36.5,99.6,0.7
94,36.3,96.8,2.6
84,36.7,99.2,2.8
82,36.7,98.3,4
81,36.1,98.5,0
79,36.8,99,3.7
79,36.5,95.7,4.3
79,36.4,98.5,0
90,36.4,98.4,0.2
71,36.2,94.7,0
75,36.9,96.7,9.1
89,36.3,98.3,0
79,36.1,95.6,0
76,36.8,95.6,9.6
89,36.6,91.2,18.3
93,36.5,99.5,0.9
83,36.5,96.6,3.7
91,36.9,97.7,11.9
93,36.4,99.3,0
94,36,99.8,0
94,36.8,99.8,6.6
84,36.6,98.2,2.8
91,36.4,97.4,2.5
87,36.1,95.2,0
83,36.1,99.5,0
81,36.4,96.5,1.3
77,36.5,95.7,3.7
80,36.5,95.9,4.2
90,36.4,95.3,6.4
94,36,98.5,0
84,36.6,97.9,3.4
101,36.8,97.5,13.3
102,36,98.7,0
86,36.7,99.8,2.2
92,34.1,95.8,0
93,36.8,99.6,6.7
94,36.3,95.6,5
94,36.3,98.4,0
84,36.1,98.7,0
91,36.6,99.1,3.1
84,36.4,99.9,0
79,36.7,98.9,1.9
83,36.6,97.7,3.5
92,36.4,97.8,2
76,36.3,95.4,0
91,36.5,96.5,6.3
84,36.6,98.1,3
91,37.2,95,23.3
84,36.5,97.7,1.8
82,36.3,95.9,0.8
81,36.6,97.4,3.5
79,36.5,89.7,16.3
80,36.2,96.9,0
76,36.8,99.9,1
98,36.7,95.4,14.6
81,36.6,98.4,1.5
81,35.9,96.8,0
81,37,96,14.3
77,35.7,98.4,0
83,36.7,97.3,6.3
91,34.7,96.6,0
93,37.4,97.4,23.1
77,36.8,95.6,9.9
84,36.4,98.4,0
82,36.7,98.2,4.2
91,36.5,97.8,3.7
104,36.7,95.8,15.6
83,36.9,98.1,8.7
81,36.4,96.7,0.9
77,36.3,96.9,0
76,35.8,99.1,0
76,36.7,98.2,2.4
80,36.3,96.9,0
84,37,97.2,12.8
91,36.5,97.1,5.1
101,38.9,99.3,51.7
86,36.7,95.7,10.4
93,36.8,99.3,7.3
80,36.8,96.7,8.6
81,36.6,97.7,2.9
81,36.3,99.8,0
85,36.4,95.2,5.1
82,36.5,97.2,2.2
78,36.3,96.1,0
80,36.8,95.5,11
81,36.9,99.3,5.7
81,36.7,99.5,1.3
80,36.8,94.4,13.2
101,36.1,90.5,13.3
73,36.4,97.1,0
90,36.6,93.5,14
83,36.6,95.8,7.3
91,36.4,97.3,2.7
89,36.1,96.6,0
83,36.8,99.5,3.9
77,36.8,98,5.1
84,36.5,98.4,0.4
82,36.3,97.9,0
74,36.3,98.9,0
79,36.7,95.7,8.3
80,36.5,91.6,12.8
81,36.8,95.4,11.5
81,36.4,95.3,3.7
90,36.4,97,3
79,36.5,85.8,24.1
80,35.5,96.7,0
81,36.7,97,6.3
81,36.7,99.9,0.5
74,36.4,96,0.2
79,36.5,97.2,1.3
68,37,97.2,8
87,36.5,98.1,1.9
92,35.3,91.1,0
94,36.3,98.5,0
84,36.5,95.9,5.4
82,36.6,99.9,0
80,37,98.2,9.6
76,35.9,99.6,0
80,36.5,96.5,3
73,36.6,98.5,0
75,35.8,95.5,0
89,36.4,98,0.7
76,36,98.3,0
83,35.9,92.3,0.3
82,36.5,95.2,6.2
102,36.3,98.4,1.8
86,36.3,90.2,13.4
86,36.7,96.8,8.2
82,36.5,98.5,0
81,36.4,95.9,2.5
91,36.7,99.3,4.7
93,36.5,95.6,8.7
84,36.8,95.5,12.2
82,36.4,96.6,1.4
91,36.5,93,13.3
79,36.4,98.1,0
90,36.4,97.8,1.4
83,36,97.3,0
82,36.5,94,8.6
81,36.2,97.1,0
77,36.5,97.6,0
80,36.1,96.8,0
81,36.6,98.1,2.1
81,36.1,99.3,0
99,36.6,97.6,8.5
90,36.7,97.5,8
83,36.6,98.8,1.3
92,36.3,95.3,5
77,36.3,96.9,0
89,36.9,98.6,9.5
80,37,95.1,15.8
96,36.4,98.5,1.8
95,36.4,95.5,7.5
76,37,99.4,6
83,35.7,99.1,0
78,36.8,95.4,10.6
80,36.3,92.2,7.6
90,36.5,90.2,18.6
64,34.3,95.8,0
74,36.9,98.6,5
79,36.6,99.3,0
84,36.8,99.6,4
80,38.1,97.9,32.2
89,36.4,97.5,1.7
83,36.9,99.8,5.3
81,36.6,95.4,7.5
91,36.9,96,15.3
79,37,99.5,6.7
90,36.6,96.2,8.6
93,36.6,97.4,7.1
79,36.3,96.9,0
78,36.6,100,0
80,36.4,99,0
84,36.4,97,1.2
82,36.4,99.4,0
85,36.5,95.2,7.1
109,36.5,98.5,7.7
98,36.8,95.1,17.2
85,36.5,98.6,0.3
82,36.5,99,0
114,36.6,94.2,19.8
90,36.4,98,1
83,36.7,96.4,8.1
82,36.1,91.4,5.8
91,36.9,97.4,12.5
59,36.6,95.2,1.3
85,35.8,98.7,0
100,36.6,96.9,10.2
107,36.9,95.7,20.7
97,36.5,99.3,2.5
85,36.9,97.7,10.1
58,36.2,95.6,0
75,36.7,98.2,2.1
79,36.4,95.5,2.7
76,36.8,95.4,10
80,36.3,98.5,0
90,36.1,96.5,0
93,36.2,95.3,3.3
84,36.8,95.3,12.6
82,38.1,97.8,33
91,36.1,97.4,0
84,36.6,98.8,1.6
91,36.6,96.3,8.7
84,36.1,96.1,0
100,36.7,98.9,8.2
82,36.3,88.1,16.4
81,36.8,97.1,8.1
91,36.3,98.9,0
84,36.6,95.1,9
92,36.9,96.3,15
79,36.4,99.4,0
76,36.5,98.9,0
72,36.3,96.5,0
79,36.9,98,7.7
80,36.2,95.2,0
81,36.5,97.4,1.5
91,36.2,95.4,2.5
82,36.5,99.6,0
84,36.2,99.2,0
91,36.7,99.6,4.1
93,36.4,97.4,3.1
84,36.6,98.4,2.4
91,36.3,97.8,0
93,36.9,98.7,10.5
84,36.9,98,9.2
91,36.4,95.4,6.5
87,36.3,98,0
92,36.3,98.9,0
93,36,90.7,8.5
94,36.5,95.7,8.8
99,36.5,95.3,11.1
84,36.8,99.2,4.8
85,36.3,96.6,0.3
92,36.5,95.5,8.6
93,36.5,97.5,4.9
84,36.3,90.9,11.4
82,36.7,99.4,1.8
92,36.3,97.1,1.4
65,36.6,98.5,0
69,36.7,98.3,0.1
93,36.5,95.9,8.1
93,37.2,98.5,16.9
93,36.6,97.7,6.5
94,36.7,98.1,8
85,36.1,97.2,0
82,36.8,97.1,8.4
81,36.5,95.5,5.3
80,36.3,96.8,0
90,36.1,96.8,0
83,36.5,95.3,6.3
91,36.7,95.1,13.1
83,36.5,99.6,0
79,36.8,98.3,5.1
81,36.4,96.6,1.1
85,36.4,98.6,0
92,36.3,97.5,0.6
84,36.2,97.6,0
91,36.7,99,5.3
76,36.4,99.7,0
80,36.9,99.8,4.4
62,36.8,97.8,1
76,36.8,95.5,9.8
100,36.6,99.5,5
96,36.6,98.3,6.2
96,36.3,98,0.8
89,36.5,99.2,0.3
93,37.3,97.5,20.9
87,36.4,99.3,0
80,36.8,96.7,8.6
77,36.4,99.1,0
80,36.5,96.1,3.8
94,36.3,97.9,0.4
84,36.5,95.3,6.6
82,36.5,99.5,0
91,36.4,95.2,6.9
93,36.3,97.1,1.7
84,36.7,99.4,2.4
84,36,97.3,0
103,37,97.9,17.1
81,36.5,96.2,3.9
91,36.9,96.8,13.7
83,36.3,96.1,0.7
92,36.7,95.5,12.6
84,36.9,95.9,13.4
91,36.3,97.5,0.3
84,36.8,95.7,11.8
77,36.8,99.9,1.3
90,36.6,97.6,5.8
93,36.8,99.5,6.9
94,36.8,95.7,14.8
84,36.4,97.9,0
82,36.2,98.5,0
91,36.2,97.1,0
79,36.6,96,5.7
89,36.7,90.7,21.3
83,36.1,98.9,0
91,36.7,96.9,9.5
93,36.7,95.5,12.9
103,36.3,95.5,7.9
96,36.6,99.6,3.6
95,36.7,97,10.5
94,36.3,99.3,0
94,36.6,99.2,3.8
99,36.3,99.8,0
86,36,98.1,0
92,37.1,96.4,18.8
84,37,99.9,7.4
82,37,98.6,9.4
91,36.4,97.4,2.5
84,36.9,100,5.2
78,36.5,98.2,0
80,36.8,95.9,10.2
81,36.4,99.9,0
81,36.6,98,2.3
80,36.3,95.2,1.6
62,35.8,95.5,0
86,36.8,96.3,11.2
82,36.5,95.9,4.8
84,36.7,98.7,3.8
82,36.1,95.9,0
81,36.6,99.5,0
91,36.6,98.6,4.1
93,36.5,95.1,9.7
95,36.3,96.2,4.1
85,36.4,98.1,0
75,36.6,99.3,0
72,36.4,99.8,0
89,36.8,99.5,5.7
104,35.9,97.1,0
97,37,98.7,13.7
89,36.1,98.1,0
83,36.3,96.4,0.1
91,36.3,99.2,0
84,35.8,96.4,0
79,36.5,99.7,0
91,36.6,96.5,8.3
89,36.6,99.4,1.9
93,37.1,95.6,20.7
117,36.9,97.2,20.7
101,36.5,97.5,7.3
107,36.1,96.7,2.7
91,36.4,96.4,4.5
84,36.6,96.3,6.6
82,37,96.8,13
91,36.3,95.5,4.3
93,36.9,97.6,12.7
84,36.7,90.4,20.4
84,36.7,98,5.2
91,37.3,96,23.3
93,36.4,93.3,11.3
94,36.3,96.2,3.8
80,36.9,95.2,13.6
91,36.6,98.4,4.5
87,36.9,97.8,10.5
103,35.9,96.3,0
96,36.7,98.6,7.6
81,36,99.9,0
91,36.2,98.7,0
93,35.9,95.6,0
88,36.7,100,2.4
78,36.2,99.5,0
78,36.2,95.4,0
80,36.8,99,4
76,36.4,95.4,2
80,36.6,96.6,4.8
81,36.6,99.4,0
91,36.4,96.8,3.7
94,36.2,90.7,12.8
84,36.6,88.3,22.6
81,36.7,96.6,7.1
80,36.6,97.8,2.4
81,37,97.5,11.3
91,37,96.7,15.9
111,36.3,96.3,8.7
89,36.3,99.6,0
93,36.4,98.9,0.1
84,36.5,96.4,4.4
83,36.5,99.6,0
92,36.5,99,1.6
87,36.9,91.3,23.5
81,36.4,99.8,0
90,36.7,98.7,5.6
93,36.4,92.4,13.1
83,36.8,92.1,18.7
77,36.9,96.8,9.5
80,36.6,99.8,0
90,36.5,99.5,0
81,36.3,99.3,0
77,36.9,99.6,3.9
76,34.7,97.1,0
80,36.3,97.8,0
90,36.7,99.6,3.8
83,36.4,99.5,0
85,36.3,94.7,4.1
92,36.6,96,9.6
82,36.6,95.7,7.2
77,36.8,96.4,8.3
80,36.5,97.3,1.4
90,36.4,93,11
83,35.8,97.3,0
91,36.5,98.7,1.9
99,36.6,99.5,4.7
92,36.8,98.6,8.4
88,36.8,95.3,13.8
83,36.4,96.7,1.5
91,36.1,97.9,0
76,36.8,93.3,14.2
89,37.1,96.9,16.9
83,36.3,96.8,0
91,36.5,97.1,5.1
98,36.1,95.7,2
104,36.3,98.1,3
81,36.5,98.7,0
91,36.5,95.8,7.7
93,36.6,98.9,4.1
94,36.3,99.3,0
82,36.8,93,16.6
102,36.7,97.6,11.4
96,36.2,96.1,2.6
85,36.2,96.5,0
82,37,97.3,12
62,36.2,97.7,0
76,36.2,96.2,0
83,36.5,98.9,0
80,36.1,98.7,0
84,36.6,98.3,2.6
92,36.7,95.4,12.8
94,36.8,99.3,7.6
95,36.5,99.1,2.3
85,36.3,97.6,0
81,36.8,96.6,9.1
81,36.2,99.2,0
91,36.4,95.7,5.9
84,36,99.5,0
91,36.9,96.4,14.5
93,36.8,98.8,8.3
84,36.7,95,11.2
77,36.5,96.5,2.1
79,36.3,99.7,0
84,36.7,95.7,9.8
91,36.7,96.6,10.1
93,37.1,99.9,12.1
94,36.6,97.1,8
77,36.7,97.7,3.7
90,36.4,95.1,6.8
94,36.9,95.6,17
84,36.3,99,0
82,36.5,95,6.6
73,36.7,97.4,3.1
89,36.7,99.5,3.7
93,36.1,95,1.9
84,36.9,91.2,22.8
92,36,97.6,0
94,36.2,91.1,12
94,36.8,98.7,8.8
94,36.4,98.7,0.8
80,36.7,97.3,5.4
90,36.7,97.4,8.2
94,36.3,99.3,0
84,36.3,95.2,2.8
82,38.4,99.2,36.2
91,36.4,98.4,0.5
84,36.7,98.5,4.2
91,36.2,99,0
93,35.9,98.4,0
94,37.2,96.5,21.2
94,36.5,97,6.2
84,36.3,97.2,0
91,36.7,95.5,12.3
84,36.4,100,0
81,36.7,99.2,1.9
81,36.5,96.3,3.7
81,36.5,97.9,0.5
91,36.4,95.1,7.1
84,36.4,97.3,0.6
74,36.5,97.2,0
79,36.7,98.7,2.3
81,36.5,97.2,1.9
81,36.9,93.6,17.1
79,36.7,95.6,8.5
77,34.5,99.6,0
80,36.9,97.8,8.4
90,36.2,97.2,0
83,36.2,95.4,0.1
77,36.8,99.2,2.7
90,36.6,98.8,3.4
83,36.7,98.3,4.3
57,36.7,97.8,0
89,36.3,97.8,0
79,36.8,95.5,10.7
90,36.4,95.5,6
83,36.1,97.9,0
85,36.9,96.5,12.5
78,36.6,96.6,4.2
90,36.4,98.7,0
83,36.2,100,0
91,36.4,99,0
84,36.8,95,13.2
79,36.3,97.3,0
81,36.7,98.4,3.5
81,36.9,98.1,8.1
85,36.6,97.7,4.1
82,36.1,99.2,0
91,36.3,97.6,0.1
84,36.8,96.1,11
91,36.3,97.6,0.1
93,36.3,95.6,4.7
94,36.1,99.3,0
94,36.6,92.1,18
88,36.2,96.8,0
93,36.2,96,1.9
84,36.4,99.7,0
102,36.5,96.8,9
83,36.5,99.2,0
90,35.8,99.3,0
83,36.3,97.3,0
85,36.7,100,1.5
100,36.7,96.6,12.8
90,36.7,99.7,3.6
93,37.1,99.8,12.3
105,36.4,97.5,6.5
97,34.6,99.6,0
95,36.7,96.9,10.7
94,36.8,97.2,11.8
84,36.3,95.4,2.4
77,37,99.6,5.9
90,36.5,99.5,0
93,36.5,95.1,9.7
105,37.1,95.4,24.7
91,36.3,97.3,0.7
71,37,97.2,8.9
75,36.5,92.1,10.3
79,36.9,90.8,22.1
81,36.4,95.3,3.7
81,36.4,95.4,3.5
85,35.8,98.4,0
86,36.7,93.5,14.8
82,36.2,90.5,9.6
90,36.7,96.8,9.4
83,36.8,95.5,11.9
91,37,97.7,13.9
93,36.4,99,0
100,36.3,97,4
96,37.1,99.3,14.2
94,36.8,96,14.2
94,37,97.1,16
95,36.7,97.4,9.7
94,36.1,95.8,0.6
95,36.1,96.3,0
94,36.5,98.8,2.6
85,36.5,95.3,6.9
92,36.4,97.9,1.8
84,36.4,97.9,0
83,37,99,8.9
91,37,95.8,17.7
94,36.2,96.1,2
84,36.9,95.9,13.4
82,36.7,95.6,9.4
91,36.2,99,0
76,36.5,98.2,0
80,36.6,98.8,0.4
81,36.4,98,0
90,36.3,99.7,0
94,36.6,96.7,8.8
94,36.4,88.6,21
95,36.6,98.1,6.3
94,36.6,98.6,5
82,36.6,96,6.6
81,36.6,96.8,4.7
81,36.9,98.8,6.7
85,36.2,99,0
92,36.5,95.3,9
71,38.3,97.3,34.7
71,36.4,95.7,0
89,36.8,99.4,5.9
93,36.7,99.9,4.1
88,36.5,98.3,1.8
75,36.3,96.5,0
83,35.6,96.3,0
77,36.8,97.3,6.5
73,36.8,96.4,7.1
82,36.6,98.4,1.8
81,36.7,99.6,1.1
91,36.5,99.2,0.9
86,36.9,96.3,13.2
82,36,99.7,0
81,36.6,96.3,5.7
74,36.3,97.4,0
95,36.6,96.7,9.1
82,37.1,96.5,15.6
81,36.7,95.6,9.1
81,36.4,98,0
81,36.5,95.7,4.9
99,37,99.4,12.9
95,36.7,95.2,14.1
80,36.3,99.4,0
80,36.6,92.6,12.8
76,36.4,96.3,0.2
91,36.6,99.1,3.1
84,36.5,97.1,3
91,36.4,98.1,1.1
84,36.2,97,0
85,36.2,98.5,0
82,36.4,100,0
62,35.9,98.2,0
75,36.1,95.5,0
89,36.9,92.8,21.1
110,36.6,98.1,10.8
98,36.6,99.2,5
89,36.8,98.3,8.1
93,35.8,94.4,0
94,36.5,95.8,8.6
84,36.5,97.6,2
80,36.3,96.2,0
99,36.4,98.5,2.7
57,36.8,96.7,1.7
84,36.7,91.8,17.6
77,36.4,96.4,0.3
80,36.2,97.6,0
81,36.5,95.5,5.3
81,36.2,96.8,0
81,36.4,97.6,0
102,36.7,99.4,7.8
74,36.2,98.8,0
89,36.6,97.9,4.9
83,36.5,96.4,4.1
82,36.7,98.2,4.2
91,36.1,92.9,5.5
84,36.9,96.2,12.8
77,36.5,99.8,0
98,36.7,99.3,6.8
86,36.7,97.1,7.6
82,36.1,95.3,0
90,36.7,96.6,9.8
76,36.8,95.4,10
83,36.7,99.7,1.5
77,36.2,96.3,0
80,36.9,99,6
96,36.2,98.8,0
61,36.4,96.8,0
85,36.8,96.4,10.7
82,36.5,98.7,0
81,36,96.8,0
77,36.4,96.1,0.9
80,36.6,97.1,3.8
81,36.6,96,6.3
91,36.3,98.5,0
84,36.3,96,1.2
100,36.6,97.2,9.6
96,36.3,99.8,0
85,36.1,95.8,0
92,36.4,99.1,0
93,35.8,96.1,0
84,36.6,97.5,4.2
77,36.1,90.6,5.9
90,36.2,98.4,0
93,36.2,99.5,0
84,36.9,99.8,5.6
77,36.1,97,0
80,36.9,98.1,7.8
90,36.2,91.4,10.2
93,36.6,90.6,20.7
84,36.8,99.3,4.6
77,36.6,95.2,6.7
90,36.8,95.2,14.6
93,37.3,97.5,20.9
94,36.7,97.4,9.4
88,36.8,95.2,14
92,35.9,99.2,0
84,36.9,96.8,11.6
82,36.4,95.2,4.2
91,36.6,94.1,13.1
84,36.4,98.6,0
82,36.5,97.6,1.4
102,36.3,97.1,4.4
96,36.1,98.3,0
106,36.6,98.5,8.8
108,36.4,98.3,5.8
98,36.1,96.3,0.8
85,36.7,95,11.5
91,36.2,99.8,0
93,36.3,99,0
94,35.8,95.7,0
84,36.7,97.7,5.8
78,36.5,99.4,0
90,36.4,96.9,3.2
93,36.7,97.2,9.5
84,36.2,99.1,0
82,36.5,99.1,0
73,36.2,93.5,0.9
88,36.8,96.9,10.6
80,36,96.5,0
81,36.6,97.8,2.7
81,36.6,99.5,0
91,36.3,96.9,1.5
83,36.3,99.6,0
81,36.4,96.2,1.9
91,35.9,95.6,0
87,34.1,95.1,0
78,36.7,96.9,5.6
76,36.1,97.7,0
80,36.6,95.6,6.8
90,36.6,96.9,7.2
83,36.5,96.4,4.1
81,36.6,98.9,0.5
91,36.5,97,5.3
87,36.1,99.9,0
92,36.3,95.4,4.8
88,36.4,96.8,2.8
83,36.4,97,0.9
91,36.7,100,3.3
84,36.7,99.4,2.4
82,36.2,95.9,0
78,36.7,96.5,6.4
78,36,95.1,0
90,36.2,96.2,0.6
93,36.7,95.5,12.9
98,36.2,99.9,0
85,36.3,99.8,0
81,36.7,98.8,2.7
81,37,97.9,10.5
85,36.8,98,7.5
82,36.5,91.6,13.4
91,36.7,97.5,8.3
87,36.4,96.9,2.3
84,36.7,98.3,4.6
91,36.1,97.1,0
93,38.7,97.6,48.7
84,37.1,98.8,11.6
82,36.6,99.9,0
91,35.7,97.6,0
84,36.2,98.7,0
81,36.3,99.4,0
91,36.6,96.5,8.3
94,36.7,96.6,11
94,36.2,96.3,1.6
94,36,99.7,0
94,36.6,95.6,11
100,37,96.8,18.4
96,36.6,97.7,7.4
94,36.4,96.5,5.2
88,36.4,97.6,1.2
80,36.3,95.8,0.4
78,36.3,96.4,0
80,38.8,99.5,43
81,37.2,96.2,17.9
91,36.2,96.4,0.5
93,38.1,98.1,35.7
93,36.9,97.3,13.3
84,36.4,95.1,5
82,36.9,96.6,11.4
81,36.5,95.4,5.5
81,36.2,97.1,0
90,36.5,96.7,5.6
83,36.4,97.7,0
91,36.4,97.3,2.7
87,36.9,95.3,15.5
92,36.4,99.1,0
87,36.9,96.9,12.3
79,34.5,98.6,0
80,36.3,99,0
81,36.2,95.9,0
62,36.5,99.7,0
69,36.4,98.9,0
78,36.2,96.1,0
80,36.8,97.2,7.6
90,36.1,97.7,0
93,37.4,99.3,19.3
83,36.1,97,0
91,36.5,96.3,6.7
80,36.6,99.2,0
81,36.3,95.6,1.1
91,36.7,99.8,3.7
93,36.3,97.3,1.3
94,36.5,95.2,9.8
93,36.6,96.1,9.7
59,36.7,95.4,2.9
75,36.3,96.2,0
89,36.9,96.4,13.9
93,36.6,98.5,4.9
84,36.1,95.4,0
85,36.4,96.5,2.5
82,34.6,98.4,0
62,36.9,97.6,3.4
86,36.1,95.7,0
92,36.6,96.3,9
93,37,96,17.9
80,36.5,96.2,3.6
91,36,89.1,11.1
93,36.6,96.6,8.7
88,37.2,95.5,21.4
79,36.3,96.4,0
77,36.5,99,0
80,36.5,96.2,3.6
91,36.9,89.1,29.1
82,36.2,98.3,0
73,36.6,99.4,0
77,36.9,96.6,9.9
78,36.9,97.9,7.6
89,36.5,95.3,8.1
83,36.2,96.7,0
91,36.5,98.7,1.9
84,36.7,97.5,6.2
91,36.1,97,0
84,36.1,98.6,0
91,36.6,100,1.3
94,36.3,96.6,3
84,36.5,95.1,7
91,36,95.6,0
76,36.5,99.6,0
89,36.6,97.8,5.1
83,37,96.1,14.7
92,36.5,96.7,6.2
81,36.4,100,0
91,36.8,97.6,10.1
93,36.8,91.5,22.9
94,36.1,95.3,1.6
84,37,95.6,16
75,37,96.8,10.9
90,36.8,95,15
93,36.1,99.1,0
84,36.3,98.5,0
91,36.9,98.9,9.5
94,36.4,95.7,6.8
84,36.6,98.5,2.2
74,36.3,97.7,0
79,36.6,97.1,3.5
80,36.6,89.9,18.2
76,36.1,98.5,0
72,36.6,98.1,0
79,36.2,97.5,0
76,36.4,95.1,2.6
90,36,96.9,0
83,36.9,97.1,10.7
91,36.6,96.8,7.7
94,36.6,98.3,5.6
94,36.4,97.3,3.6
83,36.7,99,2.9
82,36.8,94.7,13.2
91,36.6,98.9,3.5
93,34.8,98.2,0
91,36,98.1,0
93,36.6,96.1,9.7
60,36.8,99.9,0
91,36.6,98.9,3.5
93,36.5,96.5,6.9
65,36.6,97.9,0
73,36.4,90.7,10.5
72,37.3,96.2,17.2
82,36.8,95.6,11.4
62,36.5,95.2,0.2
57,36.1,98.8,0
84,37.1,99.8,9.6
91,36.2,96.2,0.9
93,36.1,97.5,0
103,36.4,97.2,6.5
87,36.6,97.5,5.1
92,36.6,98,5.6
93,36.4,97.9,2.1
81,36.6,99.3,0
81,35.9,98.9,0
91,36.3,98,0
93,36.1,96.1,0
84,36.4,97.2,0.8
82,36.3,99.2,0
86,36.3,96.1,1.6
82,36.7,99.4,1.8
81,36.2,99.3,0
81,37,96.6,13.1
81,36.7,99.6,1.1
77,36.4,99.3,0
75,36,97.4,0
77,36.7,99.6,0
90,36.3,99.4,0
83,36,95.8,0
91,36.3,96.6,2.1
84,36.7,98.2,4.8
82,34.4,97.8,0
78,36.5,97.9,0
79,36.7,97.9,3.9
76,36.4,96.1,0.6
77,36.9,97,9.1
93,36.5,95.5,8.9
83,36.5,95.3,6.3
80,36.4,99.5,0
91,36.5,95.6,8.1
87,36.4,95,6.1
82,36.9,97.8,9
81,36,97.5,0
77,36.4,98.2,0
83,36.7,98.5,3.9
77,36.2,99.6,0
82,36.1,95.2,0
81,36.4,99.2,0
80,36.6,96.6,4.8
90,36.6,94.6,11.8
83,36.5,96.8,3.3
79,37,97.8,10.1
81,35.7,99.9,0
81,36.1,97.5,0
77,36.6,97,3.1
76,36.6,98.8,0
79,36.7,95.2,9.3
77,36.6,90.4,16.3
100,38.4,99,42
79,34.3,94.3,0
84,36.7,94.8,11.6
85,36.3,98,0
79,36.8,95.8,10.1
90,36.6,100,1
82,36.4,99.6,0
81,36.9,100,4.3
81,36.4,98.8,0
91,36.6,96.9,7.5
87,36.3,98.5,0
82,37,95.4,15.8
78,36.5,91.1,13.2
84,36.6,95.8,7.6
91,36.3,95.8,3.7
84,36.1,98.4,0
91,35.9,99,0
84,35.9,97.7,0
82,36.8,98.9,4.8
81,36.2,96,0
85,36.5,98.4,0.7
82,36.7,98.1,4.4
81,36.8,97.9,6.5
77,36,98.1,0
90,37.2,98.8,15.4
93,36.6,99.8,2.3
84,36.9,97,11.2
82,36.6,97.1,4.4
91,35.9,99.5,0
110,36.1,98.9,0
99,36.6,96.8,10.1
94,36.3,96.9,2.4
88,36.4,98.4,0
83,36.3,95,2.9
85,36.6,91.7,16.1
82,37.2,98.8,13
81,36.7,99.7,0.9
81,36.7,93.8,12.7
77,36.3,97,0
89,36.7,99.5,3.7
93,36.3,99.7,0
111,36.6,95,17.3
87,36.5,95.2,7.7
83,36.7,96.1,8.7
91,36.5,99.5,0.3
93,36.1,96.2,0
80,36.7,99.3,1.4
91,36.5,98.2,2.9
81,36.4,98.3,0
77,36.6,97.9,1.3
90,36.6,95.3,10.4
93,36.7,97.9,8.1
94,36.2,96.2,1.8
84,36.6,97.7,3.8
97,36.1,95.3,2.5
95,36.8,97.8,10.9
85,36.3,99.2,0
82,36.7,97.5,5.6
78,36,99.6,0
99,36.6,95.9,11.9
82,36.1,97.4,0
91,36.5,98.2,2.9
93,36.1,96.5,0
81,36.6,98.8,0.7
81,37,98.2,9.9
91,36.7,90.3,22.7
84,36.4,96.4,2.4
82,36.8,99.6,3.4
81,36.4,99,0
91,36.6,97.1,7.1
84,36.3,96.9,0
82,36.8,97,8.6
81,36.5,96.2,3.9
85,36.2,98.6,0
92,36.7,97.6,8.4
84,36.5,99.3,0
91,36.5,99.6,0.1
93,36.5,96.8,6.3
80,36.1,99.6,0
90,36.3,99.4,0
83,36.5,96.2,4.5
82,34.9,99.4,0
81,36,96.7,0
77,36.4,96.1,0.9
76,36.2,99.5,0
80,36.5,99.5,0
77,36.4,98.3,0
80,36.3,97.6,0
79,36.4,96.8,0.1
80,36.3,96.9,0
90,37.1,96.5,18
93,36.6,98.7,4.5
80,36.3,96.6,0
81,36.6,96.5,5.3
77,37.3,97.2,16.7
80,38.2,97,36
90,35.9,97.9,0
83,36.4,97,0.9
91,36.1,97.2,0
94,36.6,99.7,2.8
93,36.8,97.6,10.7
94,36.5,97.2,5.8
84,36.3,96.4,0.4
91,36.7,98.1,7.1
79,36.5,98,0
90,36.1,99,0
82,36.5,96.5,3.6
89,37.2,98.7,15.3
93,36.4,95.7,6.5
100,36.6,99.1,5.8
86,36.2,98.6,0
93,36,98.4,0
77,36.7,96.6,5.9
89,36.6,95.3,10.1
93,36.4,95.5,6.9
94,36.1,95.2,1.8
94,36.3,95.4,5.4
77,36.6,97.7,1.7
79,36.7,99.6,0.5
81,36.7,96.1,8.1
91,36.6,97.2,6.9
93,37.3,97.4,21.1
94,36.5,99.6,1
94,36.8,95.5,15.2
81,36.4,98.3,0
91,36.5,96.2,6.9
93,36.6,97.8,6.3
94,36.8,96,14.2
80,36.5,98.2,0
91,36.5,98.7,1.9
93,36.4,90.7,16.5
81,35.9,95.5,0
77,36,96.6,0
80,36.6,98.3,1.4
90,36.4,99,0
94,36.3,96.9,2.4
84,36.8,98.6,6
82,36.1,98.8,0
92,36.3,95.1,5.4
84,36.6,97.1,5
78,36.7,96.5,6.4
81,36.4,96.8,0.7
81,36.4,98.1,0
91,36.8,98.6,8.1
93,36.8,98.2,9.5
91,36.9,97.4,12.5
84,35.8,93.8,0
82,36.6,95.1,8.4
91,36.6,96,9.3
94,36.2,93.4,7.4
77,36.8,98.6,3.9
80,36.7,97.9,4.2
91,36,93.1,3.1
65,36.2,95.1,0
77,36.8,96.1,8.9
89,36.7,97.5,7.7
82,36.6,96.5,5.6
81,36.3,95,2.3
81,36.9,95.9,12.5
91,36.4,95.8,5.7
93,36.8,91.2,23.5
94,36.8,99.4,7.4
85,36.3,95.2,3.1
92,37.2,95.1,23.4
87,36.3,96.2,1.7
78,36.7,99.4,0.6
103,36.4,96.1,8.7
84,36,98.5,0
91,36.3,96,3.3
84,36.4,97.3,0.6
82,37,96.6,13.4
91,36.4,96.7,3.9
111,36.3,99.1,3.1
98,36.6,98.3,6.8
84,36.4,98.9,0
82,36.4,99.7,0
85,36.4,96.3,2.9
64,35.8,95.4,0
86,36.8,97.2,9.4
78,36.5,94.7,6
90,36.5,99.2,0.6
83,35.9,98.6,0
74,36.5,99.4,0
88,36.5,99.8,0
92,37,96.9,15.8
111,36.9,99.8,13.7
99,36.1,99.8,0
86,36.8,97.5,8.8
79,36.6,99.7,0
80,36.8,99.4,3.2
81,36.1,98.7,0
81,36.4,99.2,0
102,36,98.5,0
97,36.2,95.1,4.9
95,35.9,95.1,0
85,36.8,99.7,4.1
86,36.5,95.5,6.8
79,36.5,95.9,3.9
80,36.2,98,0
90,36.6,96.1,8.8
80,36.2,96.3,0
77,37,96.9,11.3
84,36.4,97.1,1
85,37,95.7,16.1
78,36.9,95.5,12.4
73,36.6,97.4,1.1
89,37,95.2,18.3
83,36.5,96.8,3.3
82,36.8,96.8,9
81,36.7,99.1,2.1
81,36.3,95.4,1.5
74,36.5,93.3,7.6
79,36.8,95.5,10.7
68,36.9,99.5,1.4
74,36.5,98.4,0
89,36.3,99.8,0
98,36.4,96.8,5.8
77,36.3,97.8,0
84,36.6,95.3,8.6
91,36.5,95.2,8.9
87,36.5,95.5,7.1
83,36.6,97.2,4.5
91,36.8,95.1,15.1
83,36.3,95.3,2.3
101,36.4,97,6.3
96,36.5,98.9,3
95,36.9,97.2,14.1
94,36.4,97.8,2.6
84,36.4,98.2,0
92,38.8,97.1,51.4
87,36.6,99,2.1
75,36.5,99.2,0
75,36.5,99.9,0
89,36.2,95.5,1.7
94,37,98.8,12.6
94,37,96.7,16.8
94,36.7,96.1,12
80,36.6,96.9,4.2
81,36.2,99.6,0
91,36.2,97.8,0
81,36,97,0
69,36.4,97.7,0
70,36.3,97.2,0
97,37.1,97.9,17.3
85,36,99,0
92,36.3,98.3,0
112,38.6,97.5,52.6
89,36.4,96.9,2.9
83,36.3,99.9,0
77,36.8,95.1,10.9
78,36.6,97.6,2.2
80,37,99.3,7.4
90,36.7,98,7
93,36.5,96.2,7.5
80,36.5,99.4,0
74,36.5,99.7,0
89,36.6,98.9,2.9
93,36.3,95.7,4.5
83,36.7,97.7,5.5
91,36.4,97.3,2.7
93,36.5,95.7,8.5
90,36.3,95.2,4.6
83,36.7,96,8.9
79,36.4,99.5,0
73,36,99,0
89,35.9,99.2,0
82,36.8,96.7,9.2
91,36.7,95.6,12.1
82,37.1,95.1,18.4
81,36.9,98.1,8.1
62,37.2,98,8.6
76,36.4,95.8,1.2
78,36,98.1,0
76,37.2,91.6,25.6
80,36.5,95.8,4.4
84,36.4,96,3.2
82,36.2,95.1,0.4
91,36,96,0
84,36.2,99,0
85,35.9,96,0
92,36,97,0
93,36.4,99.6,0
73,36.5,97.3,0
89,36.4,93.9,8.9
79,36.2,97.6,0
84,36.7,99.8,1.6
81,36.8,99,4.3
91,36.5,97.5,4.3
84,36.7,100,1.2
84,37,98.9,9.4
82,36.1,98.9,0
81,36.6,98.2,1.9
91,36.3,97.9,0
102,36.7,98.9,8.8
96,36.2,91.9,11
95,37,99.5,11.5
94,36,97.8,0
81,36.7,96.1,8.1
85,37.1,96.1,17.3
78,36.8,95.5,10.4
113,36.8,96.6,18.7
99,36.7,98.9,7.9
86,36.4,99,0
92,36,99.6,0
84,36.6,98.1,3
82,36.3,95.6,1.4
81,36.7,95.2,9.9
84,36.3,99.6,0
82,36.4,95.4,3.8
81,36.2,97.8,0
94,36.4,95.7,6.8
65,36.4,99.5,0
53,36.7,96.1,0
87,36.5,95.4,7.3
70,36.4,97.4,0
78,36.6,99.3,0
93,36.3,98.3,0
77,36.1,97.4,0
67,36.1,98.6,0
81,36.1,97.9,0
96,36.3,99.8,0
82,36.3,96.2,0.2
73,36.4,95.3,1.3
79,36.1,98.1,0
79,37.1,94,19.7
76,36.5,97.4,0
90,36.4,97.8,1.4
79,36.1,95.7,0
77,35.9,95.9,0
89,36.6,95.7,9.3
91,36.4,98.9,0
86,36.6,97.9,4
91,36.1,96.5,0
86,36.5,98,1.8
91,36.4,95.3,6.7
84,36.6,97.2,4.8
85,36.3,95.4,2.7
78,37.1,99.2,9
101,36,95.1,2.1
86,36.9,95.8,14.2
82,35.8,98.1,0
81,37,98.5,9.3
81,36.8,95.3,11.7
99,36.8,96.3,15.1
85,36.6,97.9,3.7
82,36.1,97.2,0
81,36.5,90.7,14.9
91,37.3,96.5,22.3
102,36.8,95.6,17.4
79,36.6,99.2,0
90,36,97.7,0
98,36.7,96.4,12.6
89,36.7,99.8,3.1
99,36.3,99.5,0
95,36.2,95.6,3.3
72,36.5,95.4,2.8
90,36.1,98,0
80,35.9,94.9,0
95,36.3,94.7,7.1
94,36.3,96.4,3.4
94,36.5,96.1,8
91,36.1,99.2,0
93,36.4,98.8,0.3
88,36.2,95.9,0.6
59,35.6,97.5,0
74,36.2,95.2,0
72,36.6,95.4,4.8
84,36.4,98.9,0
82,36.2,97.3,0
91,37.3,98.4,18.5
84,36.9,96.2,12.8
74,38.5,97.3,39.6
89,36.3,97.1,0.5
93,36.7,99.8,4.3
94,36.2,99.3,0
97,36.8,95,17.1
87,37,99.4,9.3
92,36.6,95.4,10.8
93,36.4,98.6,0.7
94,36.8,97.8,10.6
95,36.6,94.4,13.7
95,36.6,99.3,3.9
83,36.9,98.7,7.5
85,36.4,98.8,0
79,36.7,99.5,0.7
83,36.1,91.1,6.7
90,36.6,96.1,8.8
87,36.6,97.6,4.9
75,36,96.3,0
88,36.6,96.7,7
92,36.7,99.6,4.4
81,36.5,98.2,0
74,36.3,96.2,0
89,36.3,97.1,0.5
88,36.8,99.4,5.6
92,36.6,100,1.6
92,36.4,95.6,6.4
80,36.3,96.7,0
91,36.6,92.8,15.7
93,36.7,99.6,4.7
94,36.2,98.9,0
89,36.4,95.3,6.1
93,36.2,94.9,4.1
94,36.7,98,8.2
94,36.6,95.7,10.8
88,36.9,99.9,6.6
72,36.6,99.1,0
82,36.6,99,0.6
79,36.1,99.7,0
77,36.9,98.5,6.1
80,36.5,95.7,4.6
75,36.5,98.8,0
79,36,99.8,0
78,36.8,97.8,5.8
80,36.4,97.5,0
84,36,97.5,0
92,36.9,98.4,10.8
84,36.2,95.3,0.6
82,36.3,90.2,12.2
81,36.4,96.1,2.1
81,36.5,96.3,3.7
91,36.5,97.3,4.7
79,36.3,98.5,0
84,36.6,96.1,7
77,36.5,96.9,1.3
92,36.6,95.3,11
94,36.4,96.3,5.6
95,36.4,98.1,2.3
82,36,97,0
102,35.9,98.4,0
95,36.6,96.9,8.7
94,36.1,97.9,0
94,36.9,99.1,10
81,36.4,90.7,12.9
102,36.1,99,0
97,36.4,99.6,0
95,37.2,98.7,17.1
94,36.1,98.5,0
81,36.2,99.5,0
81,36.9,98.2,7.9
90,36.8,96.7,11.6
83,36.3,98.8,0
97,36.3,96,5.1
96,36.2,92.4,10
97,36.5,98.4,4.3
94,36.2,95.3,3.6
77,36.5,98.9,0
84,35.5,96.9,0
80,36.5,96.8,2.4
90,36.7,98.4,6.2
92,36.2,96.2,1.2
102,36.6,96.4,11.8
74,36.3,98.2,0
72,36.7,95.5,6.6
97,36,95.6,0
99,36.9,99.6,10.5
113,36.3,97.9,6.1
93,36.9,92,23.9
84,37,96.7,13.8
91,36.7,99,5.3
99,36,97,0
86,36.3,98.9,0
86,36.1,97.9,0
80,36.3,98.7,0
86,36.5,96.3,5.2
92,36.5,98.2,3.2
82,36.6,95.2,8.2
85,36.5,96.3,4.9
83,36.4,98.1,0
79,36.2,95.4,0
79,36.9,98.8,6.1
79,36.1,95.9,0
78,36.6,98.7,2.22E-14
74,36.3,98.1,0
67,36.8,98.6,0.9
69,36.1,99.9,0
70,36.6,96.3,2.4
69,36.5,97.8,0
65,36.7,99.6,0
67,37,98.6,4.9
67,36.3,95.8,0
64,36.1,95.7,0
64,36.6,95.4,2.4
64,36.4,97.7,0
64,36.7,99.3,0
63,36.6,99.6,0
64,36.5,98.9,0
65,36.2,95.1,0
68,36.3,98.1,0
77,36.9,98.8,5.5
79,36,98.5,0
81,36.7,96.5,7.3
74,36.8,96.2,7.8
79,36.3,97.3,0
84,36.8,99,5.2
81,36,99.7,0
91,36.2,98.6,0
93,36.5,100,0
83,36.9,98.3,8.3
85,37.3,98.8,15.9
92,36.9,97.6,12.4
76,36,96.5,0
80,36.3,99.9,0
57,37.5,98,13.1
84,36.6,95.6,8
91,36.7,97.3,8.7
82,36.7,90.7,19.2
91,36.6,99,3.3
92,37.2,98.9,15.8
93,36.2,96.9,0.1
94,36.1,95,2.2
95,35.9,97.1,0
94,36.5,99.9,0.4
90,36.7,96.8,9.4
94,36,96.6,0
90,36.7,98.4,6.2
83,36.2,95.3,0.3
85,36.4,96,3.5
86,36.1,86.3,17.2
82,36.6,96.1,6.4
80,36.8,99.7,2.6
81,36.1,96.6,0
81,36.2,99.9,0
103,36.5,96.2,10.5
87,36.6,96.2,7.7
82,36.6,99.3,3.38E-14
81,36.3,99.6,0
74,36.3,97.1,0
88,36.8,96,12.4
103,37,96.1,20.7
87,36.5,98.2,1.7
92,36.5,96.5,6.6
102,36.7,99.7,7.2
95,36.9,90.7,27.1
99,36.6,99.5,4.7
95,37,96.5,17.5
85,36.6,97.9,3.7
75,36.2,96,0
90,36.6,95.3,10.4
93,36.3,96.5,2.9
84,36,95.2,0
79,35.8,100,0
76,36.3,97.5,0
89,36.7,96.3,10.1
81,36.1,95.8,0
85,36.7,97.3,6.9
63,36.8,96.9,3.1
63,35.9,99.2,0
87,36.6,99.6,0.9
88,36.2,91.7,9
97,36.5,98.8,3.5
81,35.6,95.1,0
74,36.6,95.5,5.2
83,36.7,95.5,9.9
77,36.7,97,5.1
83,37.1,95.1,18.7
78,37.2,99.2,11
68,36.5,95.6,1.2
77,36.2,99.6,0
84,36.4,96.5,2.2
74,36.6,95.1,6
60,36.7,96.1,1.8
71,36.7,91.5,14.3
81,36.3,99.6,0
79,36.6,98.3,1.1
90,36.4,98.6,0
94,37,97.6,15
88,36.6,97.4,5.6
92,36.2,97.5,0
87,36.5,96.3,5.5
93,36.4,97.6,2.7
94,36.9,96.4,15.4
88,36.6,99.2,2
95,36.4,99.1,0.3
88,35.6,97.8,0
81,37.2,95.6,19.1
81,35.9,97.3,0
74,36.8,97.1,6
82,36.9,98.3,8
96,37.1,97.7,17.4
81,36.8,96.4,9.5
90,36.4,98.1,0.8
93,36.8,97.1,11.7
93,36.7,99.4,5.1
77,36.9,96,11.1
80,36.2,95.6,0
84,36.3,95.8,1.6
85,37,97.6,12.3
81,36.3,96.5,0
85,36.6,99,1.5
78,36.4,99.2,0
72,36.6,95.3,5
71,36.2,96.6,0
89,36.5,95.1,8.5
88,34.3,99.8,0
88,36.2,97.2,0
93,36.7,96.4,11.1
94,36.6,98.7,4.8
95,36.6,97.9,6.7
77,36.5,98.8,0
76,36.1,99.1,0
89,36.9,98.5,9.7
76,36.7,97.9,3
53,37.1,99.7,0.5
72,36.1,88.3,9
88,36.8,98,8.4
64,36.9,95.2,8.8
86,36.3,98,0
85,36.4,99.3,0
75,36.8,95.6,9.3
83,36.3,95.4,2.1
74,36.7,100,0
84,36.3,96.2,0.8
74,36.3,98.3,0
89,36.1,93.4,3.9
87,36.7,97.8,6.5
79,36.4,98.1,0
78,36.5,96.6,2.2
54,36.6,97.2,0
84,36.5,98.4,0.4
85,36.4,95.4,4.7
80,36,98.1,0
79,36.2,91.3,7.1
77,36.3,98.9,0
89,36.2,96,0.7
80,36.6,96.1,5.8
81,36.7,100,0.3
81,36,96.9,0
80,36.3,99.1,0
81,36.2,96,0
81,36.4,92.3,9.7
80,35.9,95.8,0
81,36.7,99,2.3
91,36.6,96.3,8.7
79,36.7,96.7,6.3
79,36.4,99.2,0
90,37.2,98,17
93,35.8,96.6,0
78,34.7,96.1,0
84,36.2,99.1,0
91,36.1,98.5,0
76,36.7,98.2,2.4
75,37,95.9,12.7
83,36.6,96.6,5.7
57,36.9,96.3,4.5
73,37,97.6,8.7
77,36.7,97.2,4.7
84,36.1,99.1,0
82,36.2,99.5,0
85,36.1,89,11.5
81,36.7,96.3,7.7
91,36.4,99.7,0
87,36.4,99.9,0
92,36.1,99.2,0
71,36.5,95.3,2.7
78,36.7,98.4,2.6
80,36.2,95.7,0
78,36.1,98.7,0
80,35.9,97.8,0
90,36,99.3,0
94,34.1,98.3,0
81,36.2,98.9,0
91,36.5,89.2,20.9
87,36.4,99.2,0
92,36.6,93.2,15.2
94,36.7,98.5,7.2
101,34.5,95,0
90,36.4,96.5,4
95,36.2,96.5,1.5
83,36.6,99.8,0
79,36.6,99.4,0
80,36.8,96.6,8.8
90,36.5,97.1,4.8
81,36.8,96.3,9.7
79,36.7,89.2,21.3
61,36.2,99.2,0
85,36.8,95.4,12.7
80,38.8,95,52
73,36.5,98.6,0
78,36.5,96.8,1.8
72,36.2,98.6,0
71,36.5,95.6,2.1
74,36.6,98.9,0
89,37.2,95.5,21.7
83,36.3,95.5,1.9
91,36,97.4,0
89,38.2,95.4,41.9
87,36.2,86.9,18.3
80,36,98.1,0
90,36.7,98.8,5.4
87,36.7,97,8.1
79,36.1,95.3,0
96,36.4,95.1,8.6
78,36.6,97.2,3
84,36.5,98.8,0
85,36.7,99.8,1.9
91,36.3,98.1,0
93,36.7,95.9,12.1
84,36.7,98.4,4.4
91,37.1,99.7,11.9
76,36.5,95.9,3
84,36.6,97.3,4.6
74,36.8,96.8,6.6
89,36,97.6,0
93,36.4,98.4,1.1
94,36.3,92.8,10.6
81,36.9,99.9,4.5
81,36.3,93.3,5.7
91,36.4,98.7,0
82,36.3,96.2,0.2
81,36.4,99.8,0
79,36.3,99,0
77,36,95.8,0
84,36.2,98.5,0
82,37.1,98.2,12.2
91,35.9,98.5,0
87,36.4,99.4,0
82,36.4,97.4,0
85,36.3,97.5,0
92,36.4,91.4,14.8
93,36.8,94.2,17.5
92,36.3,98,0
77,36.3,96.5,0
72,36.3,95.9,0
88,36.4,97.8,0.8
93,36.5,96.7,6.5
86,36.2,96.8,0
92,36,99.2,0
82,36.4,98.6,0
81,36.3,98.8,0
91,36.5,97.2,4.9
89,36.2,99.3,0
87,36.6,99.6,0.9
86,37,96,15.8
82,37.5,98.6,19.4
85,36.3,98.2,0
86,36.9,98,9.8
82,36.8,98.1,6.4
57,36.4,95.3,0
71,35.6,97.4,0
76,37.1,98,10.8
77,36.9,99,5.1
80,38.5,98.4,39.2
78,36.2,97.6,0
85,36.7,97.9,5.7
81,36.9,96.5,11.3
91,36.5,99.5,0.3
81,36.4,97.6,0
80,36.3,99.1,0
76,36.6,97.4,2
73,36.4,97.8,0
79,36.7,99.3,1.1
90,36.3,95.3,4.4
87,36.8,96.3,11.5
82,35.7,97.7,0
80,36.6,97.7,2.6
85,37.3,98.3,16.9
79,36.8,98,5.7
78,36.8,100,1.4
76,36.3,96.6,0
78,36.3,98.8,0
73,36.1,97.2,0
83,36.7,96,8.9
80,36.5,97.8,0.4
84,36.5,95.9,5.4
74,36.3,97.7,0
89,36.4,99.6,0
76,36.3,96.2,0
78,36.5,90.9,13.6
74,36.3,97.3,0
85,36.7,96.1,9.3
92,36.6,98.7,4.2
111,36.4,98.5,6.3
89,36.6,96,8.7
79,36.6,99.5,0
80,37,96.8,12.4
62,36.5,99.9,0
91,36.8,98.5,8.3
93,36,95.6,0
84,36.1,98.7,0
87,36.1,98.3,0
83,36.4,97.2,0.5
85,36.6,96.3,6.9
78,37.1,98.4,10.6
78,36.7,95.8,7.8
85,36.8,98.4,6.7
78,36.5,97.7,0
90,36.3,97.7,0
93,36.5,93.6,12.7
80,36.5,97.7,0.6
84,36.6,98.6,2
91,36.9,98.3,10.7
82,36.5,95.3,6
85,36.7,99.4,2.7
86,36.7,99.3,3.2
93,36.4,98.1,1.7
83,36.7,98.4,4.1
81,36.4,96.9,0.5
91,36.6,96,9.3
84,36.5,96.2,4.8
82,36.3,98.1,0
84,36.7,97.2,6.8
91,36.7,90.8,21.7
82,36.3,97.4,0
91,36.4,97.9,1.5
81,36.6,98.1,2.1
85,36.9,96.4,12.7
97,36.5,96.5,8.1
77,36.6,98.2,0.7
61,36.3,95,0
87,36.7,95.7,10.7
98,34.2,93.5,0
95,36.6,97.9,6.7
100,36.2,97.6,0.8
79,36.5,96.1,3.5
81,36.8,98.2,5.9
91,36.5,95.7,7.9
84,36.9,95.7,13.8
82,36.9,95.2,14.2
71,36,95.9,0
71,36.6,97.4,0.5
74,37,96.2,11.8
71,36.5,98.4,0
67,35.6,96,0
66,36.2,98.4,0
75,36.4,98.3,0
68,36.7,99.5,0
66,36.5,99.1,0
70,36.6,95.4,4.2
68,36.3,92.4,3.6
78,36.3,95.2,1
76,36.8,98.9,3
72,36.2,99.2,0
71,36,98.4,0
89,36.2,98.2,0
80,36.5,96.8,2.4
81,36.5,97.7,0.9
91,36.6,97.2,6.9
88,36.8,95.3,13.8
75,36.6,99.3,0
89,36.5,97.7,3.3
81,36.6,96.1,6.1
81,36.5,99.9,0
96,36.2,97.4,4.44E-14
94,36,96,0
81,36.5,97.6,1.1
77,36.5,94.8,5.5
73,37.1,97.8,10.3
79,36.6,97.1,3.5
80,36.9,98.9,6.2
80,36.4,99.2,0
77,36,98.8,0
80,36.2,90.8,8.4
90,36.4,95.7,5.6
79,36.8,96.1,9.5
82,36.3,98.6,0
81,36.6,96.4,5.5
79,37.1,96.6,14.5
95,36.7,98,8.5
94,36.8,98.7,8.8
80,38,96.3,33.4
91,36.4,98.6,0.1
93,37,98.5,12.9
76,36.5,95.9,3
57,36.3,99.8,0
75,36.7,96,6.5
73,36.2,96.1,0
60,36.3,97.1,0
75,36.7,95.5,7.5
123,36,98,2.9
102,36.2,98.5,0
87,35.9,95.1,0
92,36.2,95.4,2.8
94,36.5,99.6,1
60,36.8,97.4,1.2
75,36,99.9,0
89,36.1,95.5,0
83,36.7,97.4,6.1
82,36.9,96.6,11.4
76,36.9,96.2,10.4
55,36.4,96.9,0
62,36.7,94.9,4.8
69,36.5,85.3,22.1
71,36.7,97.1,3.1
75,36.9,99,4.5
102,36.5,97.5,7.6
69,35.9,97.7,0
69,36.2,95.8,0
66,36.7,96.5,2.8
75,36.8,90.8,18.9
66,36.4,98,0
68,36.4,95.8,0
66,36.4,96.8,0
72,36.5,98,0
89,36.7,98.9,4.9
71,36.2,92.7,1.9
65,36.8,99.9,0
70,36.5,91.9,9.2
74,36.5,96.4,1.4
72,36.7,95.8,6
94,36.2,99.6,0
79,36.2,96.9,0
73,36.1,99.9,0
83,36.7,95.3,10.3
90,36.6,91.1,18.8
94,36.9,95.5,17.2
80,36.6,92.1,13.8
84,36.2,96.5,0
82,36.2,96.2,0
77,36.3,98.4,0
89,36.7,95.8,11.1
82,36.5,98.8,0
91,36,95.8,0
79,36.3,96.4,0
89,36.1,95.9,0
93,36.2,85.2,23.5
84,36.2,95.8,0
69,37.1,96,12.7
87,36.6,98.9,2.3
75,36.2,98.6,0
79,36.3,95.1,1.5
81,36.6,93.7,10.9
81,36.1,95.8,0
91,36.3,97.6,0.1
92,36.7,97.4,8.8
94,36.7,95.1,14
72,36.3,99,0
76,36.3,99,0
81,36.8,99.6,3.1
77,36,99.8,0
90,36.8,96.1,12.8
81,36.2,99.8,0
81,36.6,98.4,1.5
82,35.6,95.7,0
91,36.5,100,0
76,36.3,96.4,0
83,36.5,95,6.9
74,36.7,95.1,8
81,36.4,95,4.3
81,36.5,99.7,0
91,36.7,98.8,5.7
80,36.7,96.3,7.4
79,36.8,98.4,4.9
79,36.1,97.8,0
90,36.4,97.4,2.2
80,36.9,96.3,11.4
78,36.5,92.9,9.6
78,36.6,98,1.4
78,36.8,97.1,7.2
77,36.9,96.4,10.3
78,36.1,99.7,0
76,36.4,99.8,0
83,36.7,98.8,3.3
82,37,96.5,13.6
91,36.3,98.4,0
84,36.5,97.5,2.2
91,36.6,98.9,3.5
93,36.5,96.6,6.7
91,36.1,97.5,0
95,36.8,97.4,11.7
96,36.7,97.8,9.2
83,36.8,98.7,5.5
80,36.7,97.6,4.8
84,36.8,99.8,3.6
80,36.7,99.3,1.4
79,36.5,99.7,0
76,36.6,97.8,1.2
80,36.6,99.6,0
68,36.1,99.9,0
65,37.2,96.5,12.5
61,36.6,97.9,0
74,36.3,97.4,0
75,36.3,99,0
74,36.3,96.8,0
75,36.7,91.2,16.1
72,36.6,98.8,0
54,35.9,98.4,0
84,36.3,96.9,0
77,36.8,96.3,8.5
83,35.7,98.2,0
85,36.3,98.5,0
69,36.1,97.7,0
75,36.7,96.4,5.7
82,36.5,95,6.6
79,36.6,95.2,7.3
90,36.8,97.9,9.2
93,35.6,95.4,0
88,34.5,98.2,0
81,37,97.7,10.9
79,36.6,99.7,0
80,36.5,97,2
79,36.3,99.4,0
88,36.2,99.9,0
78,36.4,95.8,1.8
68,36,96.9,0
75,36.3,97.9,0
77,37,96.3,12.5
79,36,99.7,0
85,36.5,94.9,7.7
96,36.1,96,0.8
79,36.7,99.5,0.7
90,36.7,93.8,15.4
86,36,99,0
92,36.6,98,5.6
84,36.7,91.1,19
100,36.5,98.2,5.6
96,36.7,94.4,16
85,38.9,97.9,49.7
82,36.2,96.4,0
91,36.6,97.7,5.9
102,36.8,98.6,11.4
87,36.4,96.5,3.1
58,36.3,91,3.4
85,36.2,98,0
100,36.8,99.9,8.2
90,36.7,97.8,7.4
73,36.4,96.5,0
77,36.2,97.3,0
61,36.3,98.2,0
79,36.8,96.1,9.5
79,38.1,99.8,28.1
77,36.9,96.4,10.3
75,34.8,96.2,0
78,36.9,96.6,10.2
84,35.8,97.4,0
77,36.3,98,0
90,37.2,99,15
83,36.4,99.6,0
91,35.9,98.2,0
84,36.9,96,13.2
83,36.4,99.2,0
82,36.4,99.3,0
81,36.1,99.5,0
81,36.4,95.3,3.7
81,36.9,96.2,11.9
79,37.1,95.2,17.3
80,36.8,96,10
90,36.7,99.2,4.6
111,36.4,99.5,4.3
104,36.8,96.2,16.8
100,36.4,96.5,7
79,37.1,98.4,10.9
76,36.7,95.2,8.4
88,36.5,99.8,0
75,36.4,95.4,1.7
80,36.2,97.3,0
73,38.4,99.5,32.9
83,36.1,96.5,0
80,36.6,96,6
84,36.4,99.5,0
63,37.3,95.4,16.1
64,36.7,99.1,0
86,37.1,97.3,15.2
92,36.7,96.7,10.2
93,36.8,97.6,10.7
65,36,96.9,0
86,36.4,97.8,0.2
91,36.8,98.9,7.5
81,36.5,96.9,2.5
57,35.9,98.2,0
84,36.7,99.4,2.4
63,36.5,96.1,0
58,36.4,99.8,0
56,36.4,92.9,1
84,35.9,97.5,0
63,36.7,95.6,3.7
58,36.7,98.5,0
62,36.6,96.1,0.4
72,36.3,95.7,0
77,36,90.2,4.7
66,36,95.7,0
72,36.5,95,3.6
88,36.7,99.2,4
83,36.3,97.1,0
79,36.2,98.2,0
70,36.8,99.2,0.6
74,36.9,98.6,5
79,37,97.3,11.1
76,36.7,96.9,5
80,36.8,96.8,8.4
90,36.3,99.4,0
79,36.6,91.4,14.9
77,36.5,98,0
75,35.8,94.1,0
66,36.4,99.9,0
67,36.7,93,10.1
53,36.2,94,0
83,36.6,97.3,4.3
57,36.1,96.5,0
62,36.1,95.6,0
48,36.4,96.2,0
53,36,99.9,0
83,36.6,97.2,4.5
82,36.5,97.4,1.8
72,36.4,98.6,0
65,36.2,97.5,0
75,36.9,97.4,7.7
67,36,99.8,0
88,36.4,97.4,1.6
58,34.6,97,0
51,36.5,96.4,0
77,36.5,99.6,0
78,36.9,92.3,18.8
80,36.6,96.7,4.6
103,36.2,96.3,4.3
86,37,96.9,14
82,36.9,95.6,13.4
81,36.1,90.4,7.5
77,36.6,99.7,0
80,36.9,97,10
81,36.3,98.5,0
85,38.1,95.7,38.1
82,36.5,96.8,3
85,36.6,95.9,7.7
92,36.9,90.3,27
89,36.8,97.2,10.3
83,36,94,0
94,36.6,97.8,6.6
81,36.2,95.2,0
91,36.9,96.8,13.7
93,36.2,96.7,0.5
84,36.1,99,0
94,36.6,97.5,7.2
88,36.5,95.1,8.2
82,36.4,99,0
91,36.1,98.5,0
93,36.9,100,7.9
92,36.5,92.3,15
84,36.5,96.3,4.6
91,36.5,97.4,4.5
84,36.1,99.8,0
81,34.9,96.2,0
81,36.3,95.8,0.7
88,36.6,98.5,3.4
93,36.1,95.8,0.3
65,36.6,97.2,0
75,37.1,99.2,8.1
89,36.3,98.1,0
102,36.5,95.6,11.4
87,36.5,97.7,2.7
92,37.1,97.5,16.6
94,36.7,95.3,13.6
87,37,97.7,12.7
80,36.7,98.9,2.2
96,36.3,97,2.8
78,36.2,99.6,0
80,36.3,97.6,0
56,36.7,97.5,0
84,36.6,99.2,0.8
74,36.2,98.5,0
83,36.3,97.7,0
91,36,98,0
72,36.9,99.1,3.4
98,36.1,95.3,2.8
78,36.9,95.5,12.4
73,35,95.1,0
75,36.4,93.4,5.7
55,36.7,96.4,0
74,36.5,99.8,0
84,36.6,98.7,1.8
91,36.3,95.2,4.9
84,36.7,99.6,2
102,35.9,97.5,0
87,36.1,98.8,0
92,36.8,99.2,7.2
84,36.4,97.4,0.4
82,36.4,95.3,4
97,36.4,95.8,7.5
94,37,98.2,13.8
89,36.4,98.8,0
76,36.4,97.1,0
95,36.7,99,6.5
95,36.4,96.2,6.1
94,36.9,99.8,8.6
97,36.8,96.2,14.7
100,36.5,98.2,5.6
96,36.6,98,6.8
94,36.1,99.8,0
95,36.2,96.3,1.9
94,36.8,97.7,10.8
95,35.9,96.1,0
76,36.5,98.6,0
91,36.3,98.3,0
93,36.6,99.7,2.5
83,36.6,99.4,0.1
77,36.4,96.7,0
83,36.8,96.4,10.1
91,36.4,87.1,23.1
87,35.8,95.1,0
75,36.4,95.4,1.7
88,37,95,18.4
91,37,98.7,11.9
94,36.6,99,4.2
88,37,97.9,12.6
92,36.4,98,1.6
84,36.4,95.5,4.2
91,35.9,98.1,0
93,36.4,99.7,0
84,36.6,99.5,0.2
86,34.4,96.1,0
81,36.5,96.8,2.7
79,36.3,98.4,0
77,37,98.3,8.5
89,36.3,96.2,2.3
93,36.4,92.5,12.9
77,36.8,98.2,4.7
90,36.6,99.1,2.8
87,36.7,98.8,4.5
92,37,96.4,16.8
94,36.7,98.5,7.2
83,36.6,95.3,8.3
101,36.7,96.5,13.3
90,36.2,96,1
92,36,97.2,0
88,36.6,96.3,7.8
92,35.9,97.6,0
85,36.3,95.1,3.3
78,36.5,95.5,4.4
90,36.5,97.3,4.4
99,36.9,95.8,18.1
84,36.3,95.2,2.8
90,36.1,93.9,3.2
93,36.9,96.1,15.7
88,36.7,98.1,6.2
92,35.8,95.6,0
100,36.2,98.6,0
96,36.4,95.9,7
81,36.6,99.1,0.1
85,36.8,97.5,8.5
63,36.5,97.1,0
69,36.8,96.5,5.7
63,36.3,95.4,0
57,38.6,96.1,38.9
67,36.5,98.1,0
74,36.8,95.1,10
86,36.6,88.2,23.4
93,36.2,95,3.9
83,36.9,99.6,5.7
85,36.1,96.3,0
78,36.2,96.3,0
93,36.5,98.7,2.5
94,36.3,100,0
93,36.5,91.5,16.9
88,36.8,96.6,11.2
93,36.1,97.8,0
82,36.4,96.9,0.8
92,36.6,95.4,10.8
82,36.3,96.5,0
81,37,96.3,13.7
84,36.9,95.5,14.2
84,36.3,98.5,0
81,36.5,99.3,0
79,36.6,96.8,4.1
84,36,98.6,0
80,36.5,95.8,4.4
81,36.4,95.6,3.1
79,36.5,97.5,0.7
89,36.4,96.7,3.3
83,36.6,97.2,4.5
78,36.2,93.3,2.8
80,36.5,96.3,3.4
96,36.4,98.3,2.2
88,36,96.6,0
93,36,98.6,0
84,36.5,98.8,0
94,36.4,99.6,0
94,36.4,96.4,5.4
94,36.5,98.9,2.4
95,36.9,99.4,9.7
94,36.4,98.4,1.4
80,36.4,99.9,0
90,36.5,99.5,0
93,36.1,96.3,0
88,36.6,98.1,4.2
93,36.6,95.9,10.1
62,36.8,96.4,3.8
76,36.1,95.7,0
90,36.4,97.6,1.8
87,36.6,85.3,29.5
92,36.6,96.2,9.2
88,36.9,97.1,12.2
83,36.4,97.5,0
77,36.2,97.8,0
80,36.9,96.4,11.2
84,36.5,99.8,0
74,36.7,96.8,4.6
72,36.5,99.8,0
88,36.3,99.8,0
92,36.4,98.3,1
69,36.3,96.9,0
53,36.8,97.7,0
89,36.8,96.2,12.3
82,38.8,91.1,60.4
81,36.4,97.7,0
75,36.9,99.3,3.9
83,36.4,96.9,1.1
82,36.4,99.6,0
85,36.5,95.7,6.1
75,36.8,97.1,6.3
73,36.5,95.1,3.7
55,36.2,97.4,0
84,37,96.5,14.2
82,36.2,97.9,0
80,36.1,96.2,0
77,36.7,96.8,5.5
80,37.3,98.1,15.8
56,36.6,97,0
74,36.3,97.1,0
79,36.4,95.1,3.5
77,36.7,98.9,1.3
78,36.4,99.2,0
80,36.9,95.5,13
68,36.2,98.4,0
70,36.6,96.3,2.4
69,36.6,96.8,1.1
76,36.9,95.1,12.6
75,36.8,95.4,9.7
78,36.2,96.2,0
73,36.4,97.7,0
77,36.4,95,3.1
84,36.2,97.4,0
91,36.4,96.2,4.9
84,36.3,98.9,0
77,36.7,98.8,1.5
75,36.3,96.2,0
76,36.5,95.4,4
89,36.4,95.1,6.5
82,36.1,96.2,0
82,36.2,95.2,0.2
76,36.9,96.7,9.4
75,36.3,99,0
72,36.8,98.8,2
73,36.1,95.2,0
76,35.8,94.9,0
80,36.8,97.8,6.4
56,36.8,96,2.8
72,36.6,99.5,0
54,36.7,98.8,0
68,36.8,97.4,3.6
87,36.8,98.9,6.3
80,36.5,99.2,0
78,36.6,95.1,7.2
77,36.5,98,0
86,36.2,89.3,13.2
80,36.3,98.1,0
79,36.7,90.6,18.5
90,36.1,98.3,0
81,36.6,99.1,0.1
91,36.5,95.1,9.1
80,36.6,97.5,3
90,36.2,96.4,0.2
76,36.2,99.7,0
83,36.1,95.8,0
82,36.6,97.6,3.4
77,36.5,98.5,0
78,36.6,94.3,8.8
80,36.7,97,6
90,36.6,97.2,6.6
86,36.4,99.4,0
92,36.9,99,9.6
88,36.1,97.5,0
81,36.8,95.4,11.5
80,36.5,98.6,0
98,36.7,97.9,9.6
83,36.6,97.4,4.1
91,36.2,97.8,0
76,36.5,95.8,3.2
89,36.1,98.1,0
78,35.9,96.4,0
90,36.9,96.4,14.2
76,36.8,99.9,1
83,36.7,98,4.9
77,36.3,98.6,0
68,36.1,99.3,0
81,36.2,97.9,0
62,37,97.3,6
72,36.6,98,0
77,36.9,95.7,11.7
72,36.1,99.4,0
74,37.1,97.3,11.6
77,36.1,96.6,0
80,37,95.5,15
84,36.6,100,0
91,36.7,91.2,20.9
59,36.6,98.8,0
73,36.9,92.3,17.3
77,36.6,98.1,0.9
78,36.2,96.9,0
66,36.5,95.6,0.6
76,36.1,98.5,0
71,36.3,96.8,0
65,35.9,98.9,0
72,36.3,98.6,0
88,36.2,95.8,0.8
59,36.3,97.5,0
94,34.3,99,0
95,36.2,98.5,0
88,36.3,99,0
92,36.8,95.1,15.4
78,36.4,96.7,0
83,36.7,97.9,5.1
74,36.5,97.1,1.15E-14
79,35.8,98.1,0
78,36.5,99.8,0
72,36.2,98.7,0
76,36.9,95.5,11.8
89,36.5,95.6,7.5
81,36.4,95.3,3.7
85,36.7,93.7,14.1
81,36.6,93.5,11.3
90,36.6,98.1,4.8
83,36.5,98.3,0.3
78,36.7,98,3.4
90,36.4,99.6,0
83,36.2,86.3,18.3
87,36.1,96.8,0
92,36.6,97,7.6
80,36.4,98.1,0
61,36.4,97.9,0
95,36.7,97,10.5
85,36.5,95.3,6.9
63,36.4,98.8,0
80,36.6,96.5,5
84,36.6,97.9,3.4
91,36.4,97.5,2.3
93,36.3,95,5.9
73,36.7,98.8,0.3
88,36.2,96.1,0.2
93,36.4,96,5.9
94,37,97.2,15.8
84,37.1,97.6,14
80,34.6,96.3,0
81,36.6,96.4,5.5
79,36.2,95.9,0
81,36.3,97.9,0
85,35.8,96.7,0
82,36.1,99.7,0
81,35.9,99.8,0
81,36.6,99.4,0
81,36.7,98.7,2.9
91,36.6,99.6,2.1
105,36.2,96.4,4.7
87,36.8,97.8,8.5
104,36.8,98,13.2
87,36.6,98.7,2.7
116,37,97.4,22
100,35.6,93.1,0
90,36.9,95.2,16.6
82,36.7,98.2,4.2
81,38.6,98.6,41.1
92,37,95.2,19.2
84,36.6,99.1,1
63,36.1,99.1,0
76,35.9,98.1,0
81,36.4,96.8,0.7
91,36.3,99.1,0
84,36.4,98.7,0
91,36.5,95.3,8.7
57,36.5,95.9,0
84,36.8,98.6,6
77,36.1,98.4,0
75,36.3,95.8,0
77,36.1,99,0
81,36.2,97.4,0
90,36.7,97.9,7.2
85,36.7,97,7.5
81,36.2,96.8,0
76,36.4,99.3,0
80,36.5,98.4,0
81,36.6,90.2,17.9
85,36,99.6,0
75,38.4,98.4,35.7
89,36.9,91.2,24.3
76,36.7,99.3,0.2
55,36.6,97.3,0
72,36.4,96,0
88,36.8,99.7,5
92,36.5,97.1,5.4
60,36.6,97.4,0
78,36.9,99.8,3.8
74,36.5,95.7,2.8
89,36.8,97.2,10.3
87,36.9,99.9,6.3
77,34.9,97.4,0
78,36.4,95.5,2.4
66,36.3,99.3,0
87,35.8,96.7,0
71,36.8,95.6,8.1
78,36.4,98.5,0
99,36.8,98.4,10.9
84,36.2,98.5,0
74,36.6,91.4,13.4
79,36.3,95.1,1.5
79,36.4,96.7,0.3
56,36.7,88.6,15.6
80,36.7,97.2,5.6
77,37.4,97.8,17.5
78,36.5,98.9,0
90,36.6,96.7,7.6
86,36.1,99.8,0
88,36.7,97.5,7.4
86,36.9,99.7,6.4
86,36.3,98.2,0
92,36.4,95.6,6.4
65,36.1,93.3,0
74,36.4,95.7,0.8
78,36.7,97.2,5
90,36.4,94.8,7.4
85,36.4,95.6,4.3
78,36.6,99.7,0
78,36.4,98.4,0
82,36.6,99.9,0
85,36.8,98.9,5.7
82,36.5,93.3,10
74,36.2,96.2,0
82,36.9,97.5,9.6
74,36.3,95.3,0
79,36.6,99.4,0
83,36.7,98.2,4.5
85,37.3,96,21.5
58,36.7,99.6,0
70,36.5,99.9,0
54,36.5,95.8,0
72,36.6,98,0
80,36.2,95.9,0
62,37,95.7,9.2
69,36.3,95.4,0
81,36,97.4,0
80,36.2,97.9,0
78,36.4,95.8,1.8
84,36.7,95.1,11
85,36.5,95.2,7.1
80,36.1,98.8,0
89,36.2,97.2,0
86,36.7,97.5,6.8
78,36,96.3,0
79,36.4,95.6,2.5
72,36.4,95.9,0
75,36.9,97.6,7.3
83,36.9,95.9,13.1
79,37.2,95.8,18.1
81,36,100,0
79,36.2,96.2,0
90,36.4,95,7
79,36.5,95.6,4.5
84,36.7,97.9,5.4
69,36.5,98.4,0
78,36.6,93.3,10.8
90,36.5,96.8,5.4
83,36.7,97.4,6.1
87,36.1,97.6,0
58,36.8,99.4,0
74,36.4,99.2,0
79,36.2,95.6,0
78,36.4,97.7,0
60,36.1,95.6,0
51,36.3,95.6,0
69,36.7,99.4,0
88,36.8,98.7,7
87,36.5,90.1,17.9
82,34.2,95.7,0
79,36.8,96.7,8.3
73,36.8,99.7,0.5
72,36.5,98.3,0
79,36.6,95.4,6.9
74,36.8,96.1,8
82,36.6,96.4,5.8
69,36.3,91.9,4.9
76,36.1,99.5,0
77,36.8,96.9,7.3
96,35.9,99.6,0
78,36.6,93.5,10.4
68,36.4,97.3,0
88,36.7,91.5,19.4
80,37.1,98,12
78,36.8,97.6,6.2
79,36.8,96.8,8.1
73,36.8,95.7,8.5
88,36.1,91.5,7.4
91,36.8,97.5,10.3
87,36.3,95.4,3.3
80,36.5,97.1,1.8
75,35.6,97.2,0
75,36.2,95.3,0
79,36.7,95.4,8.9
70,36.7,98.1,0.8
76,36.5,94.8,5.2
76,36.1,96,0
72,36.7,92.6,12.4
74,36.6,96.4,3.4
72,36.7,98.4,0.8
76,36.2,95.1,0
72,36.4,99.2,0
111,36.8,95.6,20.1
88,36.9,100,6.4
79,36.8,99.8,2.1
73,36.6,98.6,0
75,36.6,95.6,5.3
72,36.5,96.6,0.4
74,36.8,99.6,1
67,36.1,96.2,0
75,36.8,97.7,5.1
79,36,96.5,0
71,36.7,96.7,3.9
88,37.3,97.5,19.4
93,36.3,97.2,1.5
94,37,94.8,20.6
72,36.7,98.8,6.22E-14
70,36.1,96.8,0
70,36.5,99.5,0
76,36.3,98.9,0
78,36.4,96.4,0.6
79,36.3,99.6,0
72,36.4,97.6,0
54,36.3,97.5,0
50,36.6,99.8,0
65,36.3,96.1,0
77,36.2,99.4,0
75,36.7,99.1,0.3
72,36.1,98.4,0
79,35.7,97.6,0
73,36.2,96.5,0
80,36.9,95.6,12.8
81,36.7,97.9,4.5
91,36.3,97.7,0
84,35.9,96.4,0
85,36.4,95,5.5
82,36.3,99.2,0
81,36.3,98.8,0
96,36.4,96.3,6.2
77,36.7,98.6,1.9
73,36.6,97.7,0.5
60,36.8,99.3,0
51,36.5,97.8,0
61,36.3,96.2,0
85,36.6,97.5,4.5
81,36.7,95.4,9.5
81,36.3,99.4,0
85,36.7,98.1,5.3
75,36.1,95.3,0
79,36.5,98.6,0
86,36.1,96,0
81,36,99.5,0
57,37,98.7,1.7
84,36.8,96.8,9.6
80,36.2,95.4,0
85,36.5,98.2,1.1
80,36.4,97.7,0
101,36.4,98.7,2.9
101,36.4,95.4,9.5
82,38,90.4,45.8
91,36.2,97.7,0
84,36.1,99.8,0
80,36.6,91.6,14.8
81,35.9,98.1,0
81,36.9,95.8,12.7
77,36.5,94.6,5.9
90,36.6,99.1,2.8
81,36.5,95.3,5.7
91,37,97.4,14.5
93,36.6,98.5,4.9
93,37.2,90.2,33.5
87,36.3,99.1,0
89,36.2,97.2,0
93,36.4,100,0
90,36.4,99.6,0
83,36.4,95.8,3.3
74,36.8,95.7,8.8
74,36.6,97.6,1
75,36.5,97,0.5
89,36.4,98.9,0
83,37,97.2,12.5
90,36.5,99.2,0.6
94,36.8,99.6,7
80,36.1,96.3,0
90,37,99.9,9.2
83,36,97.3,0
77,36.3,98.2,0
81,36.3,97.9,0
81,36.7,99.4,1.5
91,36.5,97.3,4.7
84,36.2,96.1,0
77,36.2,99.5,0
83,37.1,87,34.9
74,36.8,92.6,15
79,36.6,98.7,0.3
81,36.5,96.3,3.7
81,36.7,97,6.3
93,38.4,95,47.9
92,36.3,96.9,1.8
89,36.6,90.4,19.9
104,37,99.7,13.8
87,36.9,96.6,12.9
93,36.8,96,13.9
84,37,95.1,17
77,36.1,97.8,0
76,36.6,97.6,1.6
89,36.3,96.8,1.1
81,36.7,99,2.3
76,36.7,98.5,1.8
83,36.5,98.5,0
91,37.2,98.8,15.7
93,36.4,98.3,1.3
94,35.9,98.2,0
94,36.2,97.5,0
93,36.8,98.4,9.1
82,38.5,95.3,46
79,34.8,97.1,0
91,36.7,98.1,7.1
72,36.6,96.6,2.4
75,36.8,97.3,5.9
89,36.4,97.9,0.9
86,36.5,95.9,6
92,36.4,95.2,7.2
86,36.1,98,0
80,36,92.5,1
90,37,96.9,15.2
92,36.4,97.2,3.2
82,36.6,95.5,7.6
82,36.5,99.5,0
84,36.4,95.9,3.4
80,36,96.4,0
81,36.2,97.6,0
85,36.2,99.9,0
83,36.9,98.6,7.7
85,36.5,96.4,4.7
86,36.1,96.2,0
92,36.6,96,9.6
93,36.5,96.4,7.1
85,36.4,98,0
97,37.1,99.8,13.5
101,36.9,99,12.3
96,36.1,99.2,0
95,36,98.3,0
91,36.4,97.5,2.3
84,37,99.7,7.8
78,36.4,95.6,2.2
83,36.6,99.9,0
101,36.1,95.5,3.3
106,36.2,99,0
97,37.2,98.3,18.5
85,36.3,96.7,0.1
82,35.1,99.5,0
93,36.8,93.2,19.5
117,38.8,98.3,56.5
100,37,99.7,12.6
96,36.6,94.2,14.4
85,36.4,95.5,4.5
92,36.2,96,1.6
95,36.7,98.9,6.7
88,36.5,99.6,0
76,36.3,95.2,0.4
83,36.2,96.1,0
90,36.5,99.7,0
80,36.2,99.7,0
68,36.4,97.2,0
81,36.4,98.8,0
91,36.1,95.8,0
94,36.4,98.3,1.6
95,36.6,98.1,6.3
94,36.4,97.9,2.4
84,37.1,90.4,28.4
69,36.5,99.1,0
65,36,97.5,0
86,36.6,91.8,16.2
92,36.4,95.1,7.4
82,36.5,96.1,4.4
81,36.3,94.4,3.5
63,36.8,99,0
73,36.7,95.4,7.1
82,36.1,99.3,0
86,36.3,96.8,0.2
81,36.2,99.9,0
81,36.5,95.3,5.7
85,36.8,96.2,11.1
80,36.9,97.9,8.2
81,36.3,96.8,0
81,36.2,99.4,0
83,36.2,88.4,14.1
85,36.6,98.8,1.9
93,36.4,97.3,3.3
82,36.6,97.1,4.4
80,36.6,95.7,6.6
84,36.4,86.8,21.6
82,36.4,95.2,4.2
81,36.4,99.5,0
78,36.8,98.6,4.2
80,36.2,96.5,0
83,36.3,97.6,0
92,36.9,95.1,17.4
60,36.3,97.8,0
78,36.2,91.7,6
77,36.9,96.9,9.3
70,36.4,97.6,0
59,36.3,95.7,0
79,36.3,98,0
78,36.2,97.1,0
90,36.7,85.3,32.4
86,36.4,95.9,4
86,36.6,97.5,4.8
86,36.5,98.4,1
82,36.7,97.9,4.8
91,36.8,95.1,15.1
85,36.4,98.3,0
78,36.9,97.2,9
84,36.2,97.2,0
85,36.7,96.2,9.1
58,36.3,96.7,0
74,34.4,95.4,0
78,36.6,98.6,0.2
78,36.8,99.7,2
73,36.7,98.5,0.9
77,36.1,96.3,0
80,36.6,99.7,0
79,34.2,98,0
90,36.4,96.1,4.8
83,36.1,99.5,0
79,36.5,95.8,4.1
83,37,98.4,10.1
93,36.7,95.8,12.3
84,36.5,95.5,6.2
82,36.6,98.1,2.4
81,36.9,99,6.3
85,36.8,98.4,6.7
84,36.3,94.3,4.6
81,36.6,99.1,0.1
57,36.5,97.8,0
67,36.2,96.2,0
76,36.3,96.2,0
72,36.7,97.9,1.8
77,36.4,97.1,0
67,36.4,95.3,0
82,36.5,98,0.6
83,36.5,99.2,0
79,36.8,95.2,11.3
77,36.5,96.2,2.7
80,36.6,99,2.84E-14
79,36.4,98.6,0
88,36.4,100,0
81,36.7,97,6.3
84,36.6,97.2,4.8
85,36.9,97.8,9.9
75,36.4,99.8,0
82,36.7,95.5,9.6
81,36.2,98.8,0
81,36.3,99,0
84,36.4,100,0
91,36.9,95.8,15.7
102,36.6,99.5,5.6
87,36.6,97.9,4.3
92,36.5,92.2,15.2
80,37,95.9,14.2
73,36.6,97.6,0.7
75,36.3,96.1,0
80,36.6,95.5,7
81,36.2,91.7,6.9
78,38.1,99,29.4
80,36.3,95.2,1.6
76,36.6,99,0
67,36.2,95.2,0
87,36,99.9,0
92,36.7,96.1,11.4
82,36,98.8,0
58,36.4,99,0
75,36.5,95.5,3.5
79,36.5,95.8,4.1
81,36.7,98.6,3.1
76,36.8,97.8,5.2
73,36.5,96.4,1.1
77,36.1,96.3,0
89,36.4,98.1,0.5
83,36.7,98.5,3.9
80,36.3,90.8,10.4
79,36.3,98.4,0
91,36.8,95.5,14.3
82,36.1,95,0
79,36.5,98.2,0
90,37,98.2,12.6
83,36.8,95,12.9
79,36.9,97.1,9.5
68,36.4,97.7,0
81,36.6,95.3,7.7
80,36.7,96,8
54,36.6,97.9,0
83,38.9,96.4,52.1
74,37.1,96.3,13.6
89,36.5,99.5,0
81,36.7,95.4,9.5
88,36.9,95.7,15
101,36.1,98.9,0
84,37,94.3,18.6
80,36.3,96,0
68,37,96.6,9.2
78,36.2,96.7,0
73,36.7,98.6,0.7
75,36.6,95.1,6.3
72,36.6,95.7,4.2
77,36.4,98.9,0
84,36.6,97.5,4.2
77,36.5,97.3,0.5
79,36.9,96,11.7
74,36.4,98.3,0
75,36.5,96.8,0.9
78,36.5,98.4,0
56,36.4,97.2,0
84,36.7,99.5,2.2
80,36.6,95.4,7.2
90,35.9,99,0
85,36.7,96.6,8.3
75,36.4,95.3,1.9
72,37,98.4,6.8
82,36.1,95.1,0
73,36.7,97.6,2.7
80,37.1,90.5,27
73,36.8,99.5,0.9
87,36.5,96.2,5.7
92,36.8,97.1,11.4
94,36.1,97.3,0
89,36.2,99.1,0
90,36.5,97.7,3.6
80,36.7,96.9,6.2
90,36.4,99.7,0
85,36.7,96,9.5
86,36.3,98.4,0
97,36.7,98.3,8.5
95,36.5,99.6,1.3
94,36.6,98.3,5.6
81,36.9,97.1,10.1
76,36.6,96.9,3
72,36.7,97,3.6
79,36,96.9,0
75,36.4,99.6,0
78,36.4,97.9,0
79,36.6,98.7,0.3
78,36.5,95.5,4.4
78,36.2,97,0
80,36.4,99,0
81,36.3,96.6,0
91,36.4,91.8,13.7
84,36.4,96.4,2.4
80,36.8,96.5,9
76,36.4,96.8,0
76,36.5,97.9,0
72,36.7,97.7,2.2
75,37.1,86.4,33.7
72,36.8,99.3,1
75,36.3,97.4,0
79,35.8,92.9,0
72,36.4,98.5,0
77,36.4,92,9.1
79,36.3,99.1,0
90,36.5,96.7,5.6
80,36.4,97,0
90,36.5,98.5,2
83,36.5,98.8,0
86,36.4,96.7,2.4
80,36.6,96.9,4.2
73,36.9,94.6,12.7
77,37.2,97.1,14.9
73,36.8,99.4,1.1
86,36.5,94.3,9.2
79,36.4,97.9,0
77,36.7,95.7,7.7
90,36,96.7,0
102,36.4,97.6,5.4
79,36.2,95.2,0
84,36.4,96.4,2.4
74,36.6,97.2,1.8
67,36.6,98.2,0
81,36.6,96.2,5.9
83,36.5,98.7,0
82,36.6,99,0.6
74,36.5,92.4,9.4
83,36.8,97.2,8.5
57,36.8,96.2,2.7
55,36.7,96.3,0
70,36.4,92,7
71,36.1,97,0
76,36,95.2,0
72,36.9,99.1,3.4
82,36.3,97.1,0
74,35.9,97,0
89,36.4,98.7,0
83,36.7,98.7,3.5
91,37.1,95.1,21.1
81,36.7,97.9,4.5
90,36.4,96,5
71,36.4,95.9,0
82,36.6,95.9,6.8
90,36.4,95.5,6
83,36.6,99.2,0.5
81,36.6,95.9,6.5
74,36.2,98.5,0
75,36.3,91.1,8.3
82,36.5,96.5,3.6
75,36.5,99.9,0
77,35.9,97.8,0
101,36.5,98.2,5.9
86,37.3,97.2,19.4
90,37,99.4,10.2
94,36.1,97.9,0
100,36.8,95.1,17.8
112,36.7,97.8,14
88,37,99.1,10.2
92,36.7,95.1,13.4
83,36.2,99.2,0
97,37.1,95.9,21.3
95,36.3,96.6,3.3
93,36.1,96.4,0
56,36.5,95.6,0
84,35.9,95.6,0
85,36.9,98.1,9.3
77,36.5,98.3,0
73,36.4,99,0
75,36.2,97.8,0
66,36.5,95.5,0.8
77,35.9,90.3,2.5
90,36.5,96.2,6.6
79,36.5,95.2,5.3
77,36.5,95.1,4.9
76,36.3,97.3,0
83,36.2,90.7,9.5
91,35.6,98.7,0
85,36.5,96.1,5.3
75,36.8,98.9,2.7
75,36.4,97.7,0
77,36.4,99.6,0
76,36.7,95.2,8.4
80,36.2,99.6,0
90,36.2,99.4,0
83,36.3,97.4,0
84,36.6,95.7,7.8
82,36.3,95.3,2
85,36.5,98.9,0
69,36.4,95.2,0.3
85,36.6,96.6,6.3
75,35.7,98.7,0
83,36.7,99.4,2.1
86,37.2,96.8,18.2
85,37,98.3,10.9
86,36.7,99,3.8
85,36.3,98.8,0
86,36.9,91,23.8
84,36.8,99.6,4
84,36.2,98.8,0
77,36.5,95.6,3.9
79,36.2,97.3,0
90,36.2,96.9,0
86,37,98.1,11.6
92,36.4,98.2,1.2
88,36.7,95.5,11.4
79,36.4,97.5,0
83,36.6,95.4,8.1
82,36.2,97.8,0
80,36.7,97.5,5
78,36.4,98.4,0
89,36.6,96,8.7
83,36.1,95.5,0
87,36.3,96.8,0.5
85,36.9,97,11.5
92,36.7,96,11.6
88,35.8,99.8,0
81,36.1,97.8,0
89,37.1,95.8,19.1
91,36.5,92.2,14.9
87,36.7,97.9,6.3
88,36.6,94.4,11.6
81,36.9,100,4.3
89,36.7,97.5,7.7
92,37.1,96.8,18
88,36.8,97.8,8.8
86,36.6,96.2,7.4
92,36.2,99.8,0
89,36.7,98.9,4.9
93,37.2,98.6,16.7
77,36.4,97.4,0
80,37,96.9,12.2
90,36.8,98,9
68,37,97.9,6.6
87,36.7,96.6,8.9
91,36.6,97.5,6.3
93,37.1,95.4,21.1
87,36.5,96.7,4.7
91,36.5,96.3,6.7
87,36.1,98,0
85,36.7,96.8,7.9
81,36.8,95.6,11.1
80,36.4,99.5,0
78,36.3,95.7,0
80,38.8,93.5,55
85,36.8,96.4,10.7
91,36.8,97.6,10.1
89,36.7,97.2,8.3
87,37.2,98.2,15.7
79,36.2,98.1,0
75,36.5,98.1,0
77,37,96.7,11.7
78,36.5,97.9,0
87,36.5,98.9,0.3
79,36.3,96.5,0
74,36.2,97.1,0
72,37.3,96.1,17.4
77,36.2,98.4,0
78,37,96.8,11.8
77,36.7,96.9,5.3
89,36.6,96,8.7
82,38.3,96,40.6
86,36.8,95.9,12
89,36.2,98.9,0
87,36.3,98,0
85,36.6,98,3.5
86,37,96,15.8
80,36.4,97,0
78,38.9,96.9,49.6
82,36.5,98.1,0.4
77,36.5,99.7,0
84,36.4,99.6,0
63,37,99.2,2.5
67,36.4,95.7,0
77,36.4,95.9,1.3
90,36.9,99.5,8
59,36.5,94.7,0.3
82,36.9,97,10.6
80,36.3,99,0
85,36.6,99.7,0.1
92,36.6,96.5,8.6
81,36.5,95.7,4.9
89,36.1,97.2,0
81,36.5,99.4,0
74,36.4,96,0.2
83,36.1,97.7,0
74,36.7,98.2,1.8
68,36.3,99.4,0
81,36.6,95.3,7.7
88,36.4,97.2,2
87,36.7,99.8,2.5
92,36.1,96.4,0
85,35.9,98.7,0
91,36.2,99.3,0
92,36.2,96.7,0.2
77,36.4,92.7,7.7
72,36.3,97.6,0
75,36.8,96.8,6.9
55,36.5,97,0
50,36.3,95.9,0
71,34.6,97.5,0
88,36.1,98.5,0
90,36.2,98.6,0
93,36.3,97.5,0.9
94,36.6,97.1,8
94,36.5,99.4,1.4
94,36.4,97.9,2.4
81,36.7,95.8,8.7
85,36.3,99.4,0
80,36.2,99.5,0
90,36.2,95.7,1.6
93,36.5,97.6,4.7
94,36.9,96.6,15
81,36.7,96.1,8.1
77,36.1,95.2,0
67,36.6,99.6,0
70,36.3,95.4,0
81,36.4,99.4,0
79,36.9,98.9,5.9
80,36.6,98.8,0.4
77,38.4,99.6,33.9
78,36.2,99.2,0
75,36.3,96.6,0
82,36.8,98.4,5.8
91,36.7,98,7.3
75,36.5,96.3,1.9
72,37,98.7,6.2
71,36.6,95.1,5.1
77,36,96.2,0
83,36.4,99.4,0
91,36.7,95,13.3
81,36.3,99.7,0
78,36.4,99.2,0
80,37,98.9,8.2
77,36.7,97.6,3.9
73,36.4,95.8,0.3
77,36.6,99.2,0
75,36.6,94.7,7.1
89,36.3,96,2.7
83,36.4,95.3,4.3
74,36.5,95.7,2.8
106,36.6,95.5,14.8
93,36.3,95.6,4.7
94,36.5,98,4.2
82,36.6,95,8.6
77,36.6,97,3.1
89,36.7,97.6,7.5
83,36.6,98.7,1.5
85,36.4,97.5,0.5
109,38.8,98.1,54.5
86,36.6,99.4,1
79,36.5,99.2,0
88,36.4,99.8,0
73,36.6,98.3,0
88,36.2,91.4,9.6
93,36.8,95.5,14.9
84,36.6,99.3,0.6
86,36.7,98.8,4.2
82,36.7,97.6,5.4
81,36.8,96.3,9.7
91,36.4,98.3,0.7
82,37,96.7,13.2
91,36.2,99.5,0
81,36.5,99.6,0
74,36.8,98.8,2.6
96,35.8,98.4,0
95,36.3,97.7,1.1
85,36.4,99.4,0
92,36.2,99.5,0
76,36.5,99.2,0
80,36.5,97.2,1.6
81,37,98.9,8.5
82,36.3,99.9,0
81,36.5,97.6,1.1
85,36.3,96.3,0.9
78,36.7,95.8,7.8
73,36.2,99.9,0
81,36.1,99.8,0
77,37,90.8,23.5
90,36.6,96.5,8
87,36.5,95.3,7.5
79,36.5,99.7,0
89,36.6,93.5,13.7
93,36.3,95.3,5.3
80,35.8,99.6,0
78,36.8,96.1,9.2
91,36.2,97.3,0
81,36.4,98.2,0
85,36.5,95.6,6.3
80,36.2,96.2,0
81,36.9,98.9,6.5
90,36.8,99.4,6.2
76,36.3,97.6,0
72,36.4,93,5.6
79,36.6,99.1,0
77,36.6,96.5,4.1
78,36.4,95.4,2.6
78,36.6,95.6,6.2
77,36.2,97.6,0
76,36.3,99.2,0
55,36.6,99.7,0
74,36.9,95,12.2
71,36.2,97.5,0
71,36.3,96.3,0
78,37.2,98.7,12
90,36.2,95.6,1.8
93,36.5,98.4,3.1
92,36.5,95.3,9
94,36.8,97.7,10.8
94,36.3,98.9,0
97,36.8,98.5,10.1
95,36.5,98.5,3.5
94,36.6,95.8,10.6
88,36.8,90.4,23.6
92,36.4,95.1,7.4
84,36.6,97.4,4.4
82,38.2,96.6,37.4
91,36.9,98.4,10.5
64,36.6,96,1.2
75,36.4,97.1,0
88,36.3,96,2.4
92,36.6,96.3,9
54,36.7,95.7,0.8
76,38.6,98.2,40.4
80,36,98.1,0
79,37,95.5,14.7
76,36.6,97,2.8
89,36.1,97.9,0
93,37.2,95.8,22.3
94,36.8,96.9,12.4
83,36.2,95.9,0
82,36.1,98.7,0
95,36.4,96.7,5.1
94,36.7,95.6,13
92,36.8,98.9,7.8
82,36.4,95.8,3
79,36.5,98.7,0
78,36.8,99.7,2
84,36.6,99,1.2
80,36.7,99.8,0.4
56,36.7,98.6,0
74,36.8,97.2,5.8
78,36.8,98.2,5
78,36.3,99,0
90,36.6,95.3,10.4
94,36,99.5,0
94,36.5,98.1,4
94,37,98.5,13.2
84,36.8,97.4,8.4
91,37.1,99.2,12.9
84,35.8,99.1,0
91,36.6,96,9.3
93,36.2,97.9,0
94,37.2,97.8,18.6
94,36.7,98.8,6.6
111,36.5,99.1,7.1
98,36.2,97.7,5.15E-14
79,35.2,96.9,0
90,36.4,98.9,0
80,36.9,97.9,8.2
73,36.8,98.2,3.5
75,36.6,98.1,0.3
79,36,98.3,0
89,36.8,96.3,12.1
92,36.4,99.5,0
93,36.6,98.1,5.7
83,34.9,97.9,0
92,36.6,97.9,5.8
77,36.5,96.3,2.5
95,36.6,96.5,9.5
78,36.4,96,1.4
73,36.3,95.3,0
69,36.5,95.9,0.9
50,36.7,99.1,0
65,36.5,97.7,0
86,36.1,95.3,0
58,36.3,96,0
68,36.3,97.8,0
56,36.3,95.8,0
81,36.5,98.8,0
81,36.3,97.3,0
91,38.8,95.8,53.7
93,36.4,90.7,16.5
78,36.3,98.8,0
78,37.2,99.8,9.8
89,36.6,99.9,0.9
81,36.8,91,20.3
79,36.8,99.5,2.7
75,36.4,99.3,0
77,36.4,98.8,0
73,36.5,98.9,0
72,36.7,99.2,0
76,36.6,95.8,5.2
74,36.2,95.1,0
87,36.6,95.7,8.7
80,36.5,91.6,12.8
77,36.6,95.1,6.9
73,36.2,99.8,0
78,36.6,95.5,6.4
72,36.7,98.1,1.4
76,36.6,97.5,1.8
78,36.8,89.1,23.2
76,36.2,98.2,0
73,37.1,96.3,13.3
83,36.3,93.6,5.7
80,36.9,97.5,9
79,36.4,96.1,1.5
77,36.5,97.2,0.7
75,36.8,97.6,5.3
77,36.8,92.3,16.5
73,36.6,97.1,1.7
90,36.4,98.5,0
93,36.3,93.4,9.1
80,35.9,96.6,0
81,36,95.3,0
81,36.7,95.3,9.7
78,36.5,97.4,0.6
90,36.4,96.9,3.2
81,36.4,99.7,0
81,36.1,97.7,0
77,35.7,99.3,0
68,36.6,96.9,0.6
65,36.5,95.1,1.3
84,36.6,97.9,3.4
80,36.7,97.6,4.8
73,36.4,99.3,0
89,36.8,97.5,9.7
82,36.3,99.3,0
103,36.4,95.5,9.9
82,37.1,95.9,16.8
91,36.4,97.2,2.9
84,36.1,98.6,0
91,36.6,96.2,8.9
87,36.2,99.2,0
75,35.9,95.8,0
90,36.6,95.8,9.4
80,36.5,97.8,0.4
90,36,96.3,0
83,36.5,99.1,0
77,36.5,97.3,0.5
84,36.4,99.3,0
92,36.4,97.7,2.2
93,36.6,96.8,8.3
94,36.7,99.4,5.4
112,36.8,99.7,12.2
87,36.5,95.8,6.5
93,36.6,99.5,2.9
94,36.2,95.2,3.8
80,36.6,99.1,0
81,36.2,96.6,0
68,36.8,97.4,3.6
76,36.4,98.8,0
72,36.6,95.9,3.8
79,36.2,95.6,0
80,36.6,98.5,1
81,36.7,97,6.3
81,36.5,97.6,1.1
81,36.7,96.5,7.3
80,36.4,98.5,0
77,36.5,97.3,0.5
80,36,97.5,0
90,36.7,95.2,12.6
83,36.6,96,6.9
82,36.9,96.3,12
81,36.2,98.6,0
85,36.4,96.1,3.3
92,35.9,95.2,0
84,36.2,99.2,0
80,34.9,97,0
81,36.7,97.5,5.3
91,36.1,95.5,0.3
84,36.2,96.5,0
91,36.8,95.6,14.1
93,37.1,95.5,20.9
84,36.3,95.7,1.8
74,36.4,100,0
79,36.6,99.3,0
81,36.4,96.1,2.1
85,36.7,96.8,7.9
92,36.2,98.2,0
93,36.5,95.8,8.3
84,36.6,97.5,4.2
78,36.8,99.2,3
76,36.5,97.7,0
89,36.8,98.4,7.9
82,36.4,93.2,8.2
85,36.6,91.7,16.1
80,36.8,97.3,7.4
78,36.8,97.9,5.6
61,36.1,97.5,0
74,36.5,95.4,3.4
78,36.2,97.3,0
90,37,87.4,34.2
71,36.8,96.5,6.3
78,36.1,97.8,0
76,36.6,96.6,3.6
78,36.4,95.3,2.8
80,36.2,95.9,0
73,36.5,97.4,0
83,36.3,99.3,0
77,36.8,96.5,8.1
84,36.6,98.6,2
91,36.4,96.1,5.1
93,36.2,98.2,0
72,36.4,96.3,0
82,36.8,99.5,3.6
75,36.2,96.3,0
89,36.5,94.6,9.5
82,36.1,99.2,0
74,36.5,96.3,1.6
76,36.6,98.4,1.69E-14
75,35.8,98.2,0
79,36.3,99.1,0
84,36.7,97.1,7
80,35.8,95.8,0
56,35.9,98.4,0
84,36.2,95.2,0.8
80,36,98.5,0
81,36.1,95.3,0
90,36.7,97.2,8.6
93,36.7,92.9,18.1
77,36.5,99.9,0
78,36.8,97,7.4
80,36.5,95.7,4.6
73,36.8,97.6,4.7
78,36.3,95.4,0.6
85,36.2,97.2,0
86,35.9,96.9,0
86,36.6,99.5,0.8
80,36.2,99.5,0
79,36.3,100,0
76,37,98.7,7.4
83,36.4,98.4,0
91,36.7,98.7,5.9
87,36.5,96.7,4.7
78,36.6,97.1,3.2
80,36.3,99.9,0
83,36.8,98.8,5.3
82,36.3,96.4,0
91,36.1,95.5,0.3
90,36.2,97.9,0
80,36.3,95,2
73,36.2,98.9,0
75,35.9,95.1,0
78,36.3,99.2,0
78,36.3,95.5,0.4
77,36.2,98.6,0
78,36.5,99,0
76,36.3,98.3,0
80,36,97.7,0
78,37,97.8,9.8
80,36.4,98.1,0
73,38.3,97.8,34.3
89,36.5,90.8,17.1
79,37,98.7,8.3
90,36.5,98.4,2.2
93,36.5,96,7.9
74,36.7,96.8,4.6
89,36.9,96.8,13.1
93,36.8,96.5,12.9
84,36,96.9,0
95,36.3,99,0
94,36.6,95.9,10.4
82,36.9,98,8.6
62,36.9,95.8,7
86,36.2,96.9,0
78,36.2,95.4,0
76,36.2,98.8,0
72,36.5,98.2,0
74,36.5,98.3,0
72,36.7,97.5,2.6
79,36,96.5,0
80,36.7,96.5,7
77,37,96.6,11.9
80,36.2,95.4,0
81,36,96.8,0
81,36.8,99.1,4.1
99,36.4,99.2,1.3
77,36.3,96.9,0
89,36.1,99.8,0
87,36.6,97.6,4.9
80,36.6,96.8,4.4
56,36.1,99.1,0
78,36.6,95.2,7
84,36.5,95.9,5.4
91,36.8,98.9,7.5
76,36.1,95.1,0
83,36.7,96.5,7.9
57,36.7,99.8,0
78,36.5,97.6,0.2
84,36.8,97.3,8.6
82,36.5,98.9,0
92,35.9,95.7,0
76,36.4,99.1,0
76,36.9,97.4,8
72,36.3,98.3,0
77,36.5,99.6,0
72,36.6,95.3,5
79,36.1,99.2,0
74,37,98.1,8
76,36.3,95.7,0
72,36.5,96.3,1
71,36.6,96.9,1.5
76,36.6,99.9,0
77,36.4,98.4,0
73,36.1,96,0
84,36.8,95,13.2
68,36.6,97.9,0
81,35.8,98.4,0
90,36.9,98.6,9.8
83,36.6,99.3,0.3
81,36.7,97.6,5.1
79,36.5,97.3,1.1
83,36.5,99.2,0
80,36.5,96.7,2.6
84,36.9,98.7,7.8
87,36.4,99.9,0
92,36.5,98.4,2.8
82,36.2,99.4,0
75,36.4,97.3,0
82,36.7,97.9,4.8
61,36.6,98.1,0
76,36.4,100,0
78,35.8,99.2,0
56,36.2,96,0
84,36.2,96.8,0
90,36.3,96.4,2.2
93,36.2,91.3,11.3
88,36.7,99,4.4
81,36.7,96.9,6.5
85,36.2,98.9,0
85,34.9,99.1,0
81,36.4,96.6,1.1
83,36.3,96.2,0.5
62,36.6,99,0
80,37,99.3,7.4
67,36.5,99.8,0
81,36.4,95.1,4.1
91,37,95.3,18.7
93,36.5,96.6,6.7
84,36.4,96.3,2.6
90,36.4,99,0
80,36.4,98,0
77,36.4,98.5,0
78,36.2,98.1,0
84,36.3,98.2,0
79,36.8,99.9,1.9
80,36.1,97.9,0
84,36.3,99.6,0
79,36.6,99.5,0
78,36.6,96.1,5.2
76,36.3,99.4,0
78,36.3,97.7,0
68,36.1,97.1,0
81,36.5,99,0
91,36.9,93.1,21.1
81,36.7,97.5,5.3
90,36.6,96,9
93,36.7,95.7,12.5
84,36.3,92.3,8.6
97,36.5,95.8,9.5
95,36.6,97.5,7.5
85,36,97.4,0
82,36.8,95,12.6
81,35.8,98.3,0
80,36.2,95,5.68E-14
81,36.4,98.6,0
79,36.6,97.8,2.1
77,36.7,97.1,4.9
80,36.4,99.3,0
81,36.5,98.7,0
77,36.8,97.9,5.3
75,36.5,100,0
77,36.3,99.6,0
73,36.5,97.6,0
72,36.7,98.6,0.4
69,36,98.6,0
76,36.5,96.1,2.6
84,36.3,100,0
82,36.6,95.3,8
91,36.3,97.2,0.9
93,36.7,95.7,12.5
100,36.7,98.5,9
92,36.7,99.1,5.4
84,36.7,93.5,14.2
82,36.3,87.8,17
90,35.6,99,0
103,36.3,95.6,7.7
97,36.7,94.4,16.3
94,36.3,96.1,4
105,36.5,98.4,6.7
97,35.9,95.4,0
89,38.8,98.5,47.7
93,36.6,97.5,6.9
94,36.6,99.4,3.4
100,36.2,98.4,0
90,36.9,99.7,7.6
94,36.8,97.4,11.4
82,36.8,98.4,5.8
81,36.5,96.1,4.1
80,36.4,97.7,0
79,36.3,97.5,0
76,36.5,97.3,0.2
84,36.6,95.5,8.2
82,36.3,98.3,0
99,37,97.8,16.1
86,36.6,93.9,12
93,36.5,97.9,4.1
94,36.6,96.2,9.8
94,36.5,95.5,9.2
97,36.7,96.1,12.9
95,36.3,94.1,8.3
85,36.4,97.5,0.5
92,35.8,96.2,0
93,37.1,98.1,15.7
83,37.5,96.6,23.7
91,36.7,98.6,6.1
84,36.6,98.5,2.2
74,36.6,96.7,2.8
93,36.1,96.7,0
80,36.6,94.5,9
76,36.9,98.9,5
82,36.2,96.6,0
81,36.1,95.4,0
90,36.5,100,0
99,35.9,97.4,0
114,36.8,93.1,26
104,36.4,96.6,8
97,36.6,97.1,8.9
81,36.6,98,2.3
77,36.5,98,0
56,36.7,97.3,0
68,36.4,97.8,0
74,36,97.2,0
89,36.5,98.7,1.3
82,36.5,98.6,0
91,37.1,98,15.3
93,36.3,95.9,4.1
111,36.4,98.8,5.7
89,36.4,97.1,2.5
88,36,95.4,0
92,36.1,97.9,0
103,36.5,97.9,7.1
87,36.6,96.6,6.9
78,36.6,97.5,2.4
81,36.6,96.8,4.7
91,36.4,98,1.3
94,36.1,97.9,0
85,36.2,99.4,0
92,36.3,97.5,0.6
82,37.1,96.2,16.2
90,36.5,95.5,8
83,36.3,93.2,6.5
80,36.1,90.5,7
78,36.9,97.8,7.8
84,36.6,99.7,0
74,36.7,96.2,5.8
82,36.3,96,0.6
80,36.9,96.5,11
81,36.5,95.8,4.7
81,36.5,98.4,0
78,36.7,98.7,2
61,36.8,97.8,0.7
51,36.1,99.8,0
73,36.8,95,9.9
83,36.4,97.6,0
91,36.7,97.7,7.9
83,36,99.9,0
87,37,96.5,15.1
92,36.8,92.6,20.4
95,36.7,97.6,9.3
94,36.7,98.2,7.8
77,36.6,98.5,0.1
90,36.3,98.9,0
92,36.3,99.8,0
102,36.6,97.7,9.2
96,36.8,97.3,12.2
61,36.6,99,0
79,36.4,96.3,1.1
91,36.8,95.7,13.9
87,36.6,99.2,1.7
86,35.8,94.5,0
81,36.3,98,0
74,36.3,95.2,0
75,36.7,96.7,5.1
75,37.2,96.7,15.1
79,36.6,96.4,4.9
81,36.5,98.3,0
90,36.7,95.7,11.6
83,36.7,99.4,2.1
57,36.6,96.1,0
75,37.2,97.7,13.1
88,36.5,99.7,0
93,36.1,94.5,2.9
80,36.7,98.4,3.2
87,36.7,95.1,11.9
82,36.5,96.2,4.2
91,36.7,98.4,6.5
84,36.5,99.7,0
82,36.3,91.9,8.8
75,36.5,96.1,2.3
98,34.4,95.6,0
85,36.3,98.5,0
85,36.7,97.8,5.9
82,36.3,99.2,0
84,36.4,99.6,0
106,36.2,100,0
84,36.4,96.7,1.8
96,36.9,95.6,17.6
99,36.7,95.2,15.3
86,36.6,98.4,3
81,34.2,97.4,0
81,36,95.2,0
91,36.8,99.8,5.7
86,36.6,98.2,3.4
84,36.6,99.5,0.2
77,36.4,96.8,0
89,36.2,98.1,0
85,36.4,98.5,0
82,36.2,99.1,0
86,36.3,97,0
91,36.8,97.7,9.9
62,36.1,98.7,0
76,36.5,99.2,0
54,36.3,99.7,0
82,36.6,97,4.6
92,36.9,98.3,11
93,36.7,96.7,10.5
84,36.8,99.5,4.2
80,36.5,99.4,0
82,36.5,97.3,2
81,36.5,98.1,0.1
91,36.9,98.6,10.1
81,35.9,99.7,0
80,36.9,97.6,8.8
82,36.9,97.4,9.8
91,36.1,96,0
84,37.4,95.2,24.8
78,36.5,95.4,4.6
84,36.3,98.3,0
80,36.2,95.1,0
81,36.3,95.2,1.9
96,36.3,99.3,0
78,36.3,95.9,0
84,36.4,97.1,1
92,36.6,91.5,18.6
92,36.3,97.8,0
84,36.3,98.1,0
100,35.8,98.6,0
80,36.5,92.4,11.2
90,36.1,95.1,0.8
76,36.9,98.4,6
80,37,97.1,11.8
81,36.9,98,8.3
80,36.4,92,10
85,37.1,99.2,11.1
82,36.1,92.3,4
114,36.6,95.3,17.6
90,36.9,95.4,16.2
94,36.2,95.2,3.8
90,36.6,96.1,8.8
80,36.3,99.7,0
82,36.5,98.8,0
83,36.6,99,0.9
81,36.8,96.6,9.1
81,36.4,99.4,0
89,36.2,96.9,0
110,36.2,96.7,5.6
76,36.1,95.1,0
80,36.1,93.7,0.6
81,36.6,97.5,3.3
90,35.7,95.7,0
95,36.7,93.4,17.7
85,37.2,98.4,14.7
82,36.6,97.8,3
81,36.4,99.9,0
92,36.3,97.9,0
84,37.3,99.3,14.6
82,36.4,96.5,1.6
81,36.4,98.6,0
91,36.8,92,21.3
79,36.3,96.1,0
83,36.1,97.1,0
77,37.2,95.4,18.3
67,36.5,99.1,0
70,36.1,95.7,0
82,36.6,90.2,18.2
81,36.4,93.4,7.5
77,36.2,98.8,0
78,36.2,86.8,15.8
79,36.2,95.3,0
68,36.4,98.1,0
87,36.8,99.3,5.5
79,36.2,96.5,0
78,36.8,99.2,3
55,37,99.8,0
74,36,98.1,0
89,34.1,96,0
79,35.8,96.8,0
68,36.6,95.9,2.6
71,36.4,97,0
71,36.4,99.9,0
97,36.5,96.2,8.7
95,36.6,96.4,9.7
81,36.8,95.9,10.5
74,36.7,95.6,7
77,36.2,98,0
78,36.5,98.9,0
77,36.5,98,0
82,36.4,93.4,7.8
79,37.3,96.8,18.1
80,36.3,98.3,0
91,36.4,98.4,0.5
79,36.2,95.5,0
107,36.3,97.1,5.9
88,36.2,97.3,0
81,36.8,95.2,11.9
85,36.7,96.3,8.9
114,36.6,97.1,14
90,36.6,95.3,10.4
93,36.4,97.5,2.9
84,36.5,99.4,0
88,37,98.1,12.2
75,36.4,95.5,1.5
79,36.9,96.7,10.3
77,36.1,96.3,0
73,36.8,96.2,7.5
88,37,97.6,13.2
81,37,96.1,14.1
77,36.4,95.1,2.9
79,36.9,95,13.7
90,36.7,96.9,9.2
76,36.5,97,0.8
80,36.1,98.3,0
84,36.7,96,9.2
91,36.8,97.7,9.9
93,35.9,95.6,0
84,36.4,86.1,23
56,36.7,99,0
71,36.3,98.9,0
82,37.1,99.2,10.2
91,36.2,100,0
93,36.3,99.8,0
94,36.3,99.6,0
94,36.4,97.9,2.4
84,36.4,96.7,1.8
75,36.8,98.1,4.3
55,36.1,99.6,0
79,36.5,91.7,12.3
77,36.4,99.7,0
80,35.9,99.5,0
77,36.5,95.2,4.7
103,36.1,99.3,0
87,36.4,97.9,0.3
92,36.2,96.4,0.8
60,36.1,97.8,0
75,36.7,99.6,0
85,36.3,95.9,1.7
92,36,95.1,0
82,36.7,96.4,7.8
74,36.2,99.5,0
83,36.4,90.9,13.1
79,36.3,98.9,0
81,36.7,93.5,13.3
90,36.2,99,0
81,36,95,0
81,36.7,97.3,5.7
81,37.1,96.4,15.5
81,36.6,96.9,4.5
74,36.7,97,4.2
78,36.5,95.6,4.2
76,36.6,95.5,5.8
83,37,95.2,16.5
92,35.7,96.5,0
60,36.8,95.9,4.2
79,36.1,97.6,0
79,36.5,99.5,0
90,36.9,99.1,8.8
85,37.2,92.8,25.9
78,36.3,98.8,0
96,36.4,99.9,0
97,36.5,96.4,8.3
82,36.7,98.8,3
81,36.6,96.6,5.1
80,36.6,98.2,1.6
90,36.9,96.4,14.2
93,36.8,99.9,6.1
103,36.9,97.7,15.5
74,36.5,99.3,0
87,35.9,96.5,0
80,36.7,96.8,6.4
81,36,95.3,0
91,36.3,90.8,13.7
83,36.7,97.3,6.3
80,36.3,98.3,0
81,35.9,97.9,0
91,36.1,95.3,0.7
84,36.8,98.6,6
84,36.9,96.4,12.4
82,36.4,97.2,0.2
97,36.8,96.8,13.5
85,36.6,99.2,1.1
82,36,96.2,0
77,36.5,95.7,3.7
73,37,95.6,12.7
93,36.3,96.5,2.9
92,36.6,97.7,6.2
84,36,98.3,0
82,36.7,90.4,19.8
80,37.3,95.2,21.6
78,36.5,98.5,0
80,36.4,96.9,0.2
90,36.1,99.4,0
94,36.7,95.9,12.4
94,36,97.2,0
88,37,96.4,15.6
83,36.7,95.3,10.3
100,36.4,100,0
101,36.9,96.5,17.3
96,36.6,98.4,6
89,36.8,92.6,19.5
92,36.2,98,0
84,36.9,96,13.2
93,36.7,95.8,12.3
81,36.3,98,0
81,37,99.1,8.1
84,36.7,96.2,8.8
91,36.8,97,11.3
91,36.4,97.5,2.3
98,36.6,95.8,11.8
87,36.5,100,0
90,36.2,95.1,2.8
93,36.6,96.2,9.5
111,37.1,96.7,23.9
85,36.6,96.4,6.7
81,36,97,0
74,36.2,95.9,0
60,36.4,90.3,7.4
85,36,96.7,0
92,36.8,99.7,6.2
88,36.7,95.3,11.8
91,36,95.3,0
93,37.1,96.3,19.3
94,37,98.3,13.6
103,36.1,98.3,0
96,36.2,98.3,0
74,36.7,98.5,1.2
82,36.6,95.8,7
89,35.9,98.9,0
80,36.1,85.2,17.6
79,36.3,95.2,1.3
78,36.8,95.3,10.8
90,36.4,98.4,0.2
97,36,97.1,0
83,36.5,99.1,0
85,36.4,97.5,0.5
81,36.4,97.4,0
85,36.4,95.8,3.9
92,36.4,97.7,2.2
84,36.4,99.2,0
74,36.8,96.1,8
89,36.5,93.6,11.5
75,36.5,99,0
60,36.2,97.9,0
84,34.1,96.1,0
82,36.3,98.7,0
65,36.3,95.3,0
77,36.5,95.2,4.7
80,37,95.2,15.6
61,36.5,96,0
79,36.4,96.3,1.1
75,36.6,95.3,5.9
89,36.3,96.8,1.1
87,36.7,97.2,7.7
92,36.4,99.4,0
83,36.7,97.1,6.7
87,36.4,97.7,0.7
83,36,97.7,0
81,36.8,98.8,4.7
85,36.5,99.9,0
85,36.2,95.8,0
79,36.3,95.8,0.1
91,36.4,99.1,0
84,37.1,94.1,21
88,36.1,98.7,0
81,36.5,96.1,4.1
82,36.5,98,0.6
81,36.3,95.1,2.1
80,35.9,95.3,0
78,36.3,95.8,0
99,36.2,98.2,0
106,34.9,99.2,0
88,36.8,95.1,14.2
83,36.8,95,12.9
85,36.8,99.6,4.3
86,36.2,96.5,0
82,36.4,96,2.6
78,36.5,98.8,0
92,35.9,90.7,6.2
94,36.1,92.4,7.4
84,36.8,94.7,13.8
91,36.3,97.7,0
79,36.4,96.1,1.5
82,36.1,96.5,0
112,36.6,99.3,9
99,36.6,96.8,10.1
92,36.2,99.1,0
111,36.2,99.7,0
93,36.1,97.7,0
111,36.3,98,5.3
89,36.5,97.2,4.3
87,36.3,96.1,1.9
83,37.1,99.3,10.3
74,36.7,98.4,1.4
77,36.2,96.7,0
76,36.5,98.4,0
89,36.6,95.9,8.9
79,36.8,94,13.7
80,36.6,91.5,15
81,36.4,98.5,0
79,37,99.6,6.5
93,36.8,95.5,14.9
84,36.4,96.1,3
85,37,95.3,16.9
82,36.3,98.7,0
81,36.5,99.1,0
80,36.8,98,6
79,36.3,96.1,0
90,36.6,95.1,10.8
93,36.3,97.3,1.3
84,36.8,97.4,8.4
82,36.5,97.8,1
91,36.6,99.2,2.9
82,36.7,99.4,1.8
91,36.6,98.6,4.1
80,36.5,95.2,5.6
84,36.4,97,1.2
86,37.2,95.8,20.2
92,36.5,96.4,6.8
94,36.1,96.7,0
81,35.7,95.3,0
91,36.4,99.2,0
84,37,95.8,15.6
85,36.3,96.7,0.1
92,36.6,97.5,6.6
84,36.4,95.1,5
82,36.2,96.3,0
81,36.6,98.3,1.7
81,36.7,97.1,6.1
91,36.5,96.5,6.3
98,36.3,96,5.4
86,36.8,97.3,9.2
79,36.7,99.6,0.5
90,36.3,98.9,0
93,36.6,97.2,7.5
78,36.6,93.3,10.8
78,36.2,94.7,5.06E-14
80,36.3,94.6,2.8
79,36.2,98.8,0
77,36.1,95,0
78,36.9,96.1,11.2
79,36.8,95.3,11.1
80,36.4,99.9,0
81,36.3,97.6,0
81,36.9,99.4,5.5
81,37,97.6,11.1
91,36.5,98.3,2.7
87,36.5,97.7,2.7
83,36.6,98.7,1.5
91,36.5,98.4,2.5
87,36.2,98.6,0
75,36,96.3,0
67,36.3,91.4,5.3
87,36.3,99.9,0
75,36.2,99.6,0
83,36.3,96.1,0.7
74,36.7,97.2,3.8
76,37.1,96.6,13.6
72,36.5,99.3,0
77,36.6,98.3,0.5
73,36.9,97.2,7.5
106,37.3,90.5,38.8
103,37,90.8,31.3
90,36.4,99,0
78,36.8,95.1,11.2
71,37,96.4,10.5
88,36.7,96.9,8.6
86,36.4,96.8,2.2
82,36.7,95.4,9.8
92,36.3,96.8,2
84,37.1,97,15.2
77,36.4,99.9,0
80,37,99,8
95,36.1,99.8,0
94,36.2,99.8,0
82,36.3,99.4,0
91,36.3,97.2,0.9
84,36.2,86.3,18.6
85,36.4,98.6,0
92,36.7,99,5.6
88,36.6,95.1,10.2
83,36.3,98,0
81,36.4,99,0
77,36.6,99.1,0
79,36.4,97.4,0
91,36.7,97.4,8.5
93,36.5,98,3.9
88,35.5,95.9,0
80,36.5,99.4,0
76,36.6,98.3,0.2
77,36.7,98.9,1.3
90,36.8,97.6,9.8
83,36.3,97.4,0
91,36.2,98.8,0
76,36.1,99.9,0
89,36.5,99.4,0
81,36.3,99.2,0
57,35.9,97.8,0
85,36.6,96.8,5.9
82,36.6,98.5,1.6
91,36.1,96.3,0
76,36.5,95.6,3.6
78,36.7,98.8,1.8
68,36.6,98.5,0
88,35.9,95.4,0
81,36.4,99.5,0
90,35.9,96.1,0
87,36.9,97.7,10.7
58,36.6,95.7,2.26E-14
67,36.5,98.1,0
87,36.4,98.2,0
92,36.3,99.1,0
77,36.5,97.4,0.3
78,36.6,97.9,1.6
90,36.7,95.7,11.6
71,36.9,97.8,5.7
78,36.7,99.1,1.2
90,36.7,96.7,9.6
83,36.8,99.7,3.5
82,36.4,97.5,0
81,36.3,97,0
74,36.2,97.1,0
79,36.1,96.4,0
90,36.9,98.9,9.2
83,36.3,92.3,8.3
102,36.7,92.7,21.2
83,36.2,98.7,0
91,36.2,99.6,0
93,36.8,95.3,15.3
63,36.5,98.4,0
64,36.6,98.1,0
60,37,97.6,4.8
62,36.1,97.6,0
62,36,97.3,0
61,36.8,99.7,0
61,36,97.9,0
62,36.8,97.3,2
64,36,98.3,0
63,36.5,99.4,0
63,36.8,98.1,0.7
63,36.4,97.1,0
64,36.7,96.7,1.8
64,36,99.1,0
65,36.7,99.8,0
63,36.7,97.9,0
63,36.6,98.8,0
63,36.9,95.1,8.7
64,36.7,96.6,2
63,36.7,98.6,0
63,36.3,99.6,0
63,36.3,98.1,0
63,36.3,97,0
64,36,99.4,0
64,36.2,95.9,0
62,36.1,99.2,0
64,36.8,99.7,0
64,36.6,96.5,0.2
63,36.6,95.7,1.5
65,36.2,99.4,0
64,36.8,99.9,0
64,36.3,92.7,1.8
63,36.3,98.3,0
62,36.6,95.6,1.4
61,36.2,98.9,0
63,36.3,99.5,0
66,37.1,91.8,20.2
65,36.8,96.9,3.7
64,36.1,96.1,0
63,36.7,100,0
66,36.7,98.7,0
64,36.7,97.9,0
63,36.2,98.6,0
69,36.6,99.8,0
67,36.8,95.9,6.3
60,36.3,98.2,0
62,36.3,97.6,0
63,36.5,99.3,0
52,35.7,95.5,0
54,36.9,96.1,4
49,37,97.8,1.1
59,37.1,95.3,11.1
62,36.7,95.2,4.2
76,36.2,95.8,0
63,36.4,98.4,0
58,36.9,98,1.4
57,36.3,95.6,0
56,36.8,98.2,0
58,36.6,99.5,0
59,36.8,98.9,0
57,36.9,98.7,0
56,36.7,99.3,0
58,36.3,98.8,0
57,36.5,95.8,0
56,35.9,99.5,0
57,36.5,96.9,0
55,36.2,97.2,0
56,37.2,96.9,9
57,36.5,95.5,0
56,36.5,97.7,0
58,36.6,98.3,0
57,36.3,96.8,0
56,36.7,94.1,4.6
57,36.3,96.3,0
58,36.4,95.4,0
59,36.7,95.9,1.9
75,36.5,99.7,0
66,36.5,99,0
65,36.2,95.6,0
75,36.4,98.9,0
62,36.4,96.9,0
61,36.3,97,0
68,36.8,98.3,1.8
60,36.5,97.2,0
72,36.9,96,9.6
62,36.8,96.7,3.2
57,36.2,99.7,0
57,36,98.3,0
57,37,99.2,0.7
58,36.5,99.1,0
63,36.7,90.3,14.3
72,36.4,97.9,0
60,36.2,99.7,0
59,36.6,96.1,0
66,36.5,95.6,0.6
59,36.9,97.3,3.1
60,36.8,99.2,0
56,35.9,98.2,0
62,36.5,96.4,0
57,36.4,99.3,0
58,36.6,99.7,0
63,36.8,99,0
63,36.8,97.5,1.9
64,36.5,96.9,0
63,36,95.6,0
60,36.5,98.2,0
57,36.3,94,0
60,36.6,97.7,0
56,36,99.7,0
58,36.4,97.4,0
57,36.3,97.4,0
56,36.3,96.6,0
84,36.3,95.3,2.6
63,36.3,95.4,0
59,36.7,97.5,0
57,36.5,99.5,0
55,36.3,85.7,13.1
61,36.5,95.7,0
57,36.3,97.2,0
60,37.1,99.7,2.6
59,37.1,99.3,3.1
56,36.4,97.4,0
58,36.5,97.9,0
51,36.4,96.1,0
60,36.7,95.6,2.8
86,36.6,96.8,6.2
64,37,95.8,9.6
57,36.4,96.9,0
58,35.9,96.6,0
56,36.2,95,0
62,36.3,97.1,0
61,36.6,99.1,0
58,36.6,98,0
62,36.9,95.3,8
57,36.4,98.5,0
56,36.4,96,0
56,36.7,95.1,2.6
58,36.2,97.3,0
56,36.4,99.7,0
74,36.9,97.7,6.8
65,36.2,96.5,0
60,36.1,99.2,0
58,36.7,95.4,2.6
56,36.1,95.3,0
56,36.8,96.3,2.2
57,36.1,96,0
58,36.4,96,0
58,36.4,96.6,0
57,36.7,95.2,2.7
55,36.2,93.2,0
59,36.5,96.2,0
57,36.5,97.9,0
55,36,99.1,0
56,36.2,95,0
56,36.8,98.7,0
58,36.4,96.2,0
59,35.7,90.1,0
62,36.7,96.6,1.4
57,36.4,95.5,0
58,36.3,97.2,0
57,36.8,97.4,0.3
59,36.1,94.9,0
61,36.8,97.9,0.5
61,36,97.2,0
61,36.2,96.5,0
58,36.8,95.9,3.6
59,35.8,99.7,0
61,37.3,97.4,11.5
62,36.7,94.7,5.2
61,36.6,96.9,0
62,35.8,95.9,0
63,36.8,98.2,0.5
62,36.5,97.8,0
63,36.3,95.7,0
64,36.6,99.2,0
62,36.2,97,0
74,36.5,97.6,0
72,36.4,99.7,0
65,36.5,95.2,1.1
64,36.9,97.1,5
61,36.6,100,0
63,36.4,97.3,0
63,36.6,100,0
66,35.8,96,0
65,37,98.4,4.7
62,36,99.2,0
63,36.6,96.6,0
61,36.4,92.7,2.9
60,36.4,96.4,0
62,36.1,96.3,0
64,36.2,96.5,0
62,36.7,95.2,4.2
65,36.5,98.9,0
67,35.9,98.9,0
64,36.7,99.4,0
66,36.2,98.8,0
77,36.4,95.8,1.5
66,36.6,96.4,1
65,36.6,97.9,0
69,36,95.8,0
65,36.5,98.8,0
68,36.7,97.1,2.2
68,36.1,95.1,0
66,36.5,95.1,1.6
70,36.6,98.8,0
65,37,96.5,8.5
66,36.8,96.8,4.2
67,36.8,93.8,10.5
66,36,98.1,0
65,36.4,97.6,0
66,36.6,99.2,0
65,36.9,99.2,1.1
67,36.4,94.4,1.3
69,36.4,96.9,0
70,36.3,97,0
66,36.4,97.5,0
69,36.6,95.2,4.3
68,35,99,0
70,36.6,98.8,0
69,36.7,98.4,0
68,36.7,100,0
63,36.7,98.5,0
67,36.7,97,2.1
67,36.6,97.2,0
67,36.6,96.3,1.5
68,36.3,96.2,0
76,38.4,95.1,42.6
61,36.8,95.2,5.9
63,36.5,93.4,4.1
76,36.9,90.1,22.6
72,36.1,99.9,0
71,36.5,95.1,3.1
71,36.6,99.3,0
71,36.2,98.7,0
66,34.9,91.8,0
64,35.8,97.4,0
64,36.4,97.5,0
69,35.7,95.5,0
71,36.3,99.3,0
78,36.3,96.2,0
79,36.8,99.8,2.1
94,36,96,0
76,36.4,98.2,0
70,37.2,96,15
66,36.4,98.8,0
64,36.8,97.6,2
64,35.9,97.2,0
68,36.2,97.3,0
64,36.5,99.2,0
64,36.6,97.6,0
64,36.9,99.6,0
64,36.3,97,0
64,37,95,11.2
64,36.8,96.8,3.6
64,36.5,99.7,0
64,36.4,98.4,0
64,36.6,99.8,0
64,35.8,96.1,0
63,36.4,97,0
64,36.8,95.1,7
63,36,95.9,0
64,36.6,95.3,2.6
65,36.3,96.3,0
64,36.7,97.1,1
62,36.3,95.3,0
63,36.9,98.4,2.1
64,36.5,99.8,0
64,36.7,98,0
63,36.6,95.4,2.1
64,36.5,96.1,0
63,36.4,98.3,0
63,36.4,99,0
57,36.8,98.1,0
62,36.4,98.8,0
64,36.3,96.1,0
61,36.2,96,0
63,36.5,99.5,0
69,36.5,99.5,0
65,36.4,96.1,0
64,36.6,98.2,0
62,35,96.6,0
61,36.2,96.4,0
65,36.8,99.4,0
67,36.8,99.6,0
64,35.9,96.6,0
65,34.5,99.4,0
64,36.5,97.9,0
63,36.5,95.9,0
62,36.8,99.1,0
63,36.7,95.8,3.3
62,36.7,95.8,3
63,36.6,96.9,0
60,36.2,97.4,0
61,36.4,99.8,0
57,37.3,95.8,13.5
57,36.3,99.9,0
58,36.5,95.3,0
59,37,98.6,2.5
57,36.8,97.4,0.3
62,36.7,95.3,4
63,37.1,99.6,3.7
62,36.6,99.4,0
63,36.4,96.2,0
64,36.3,99.2,0
62,36.4,95.5,0
65,36.5,98.1,0
65,36.8,97.4,2.7
66,36.8,98.1,1.6
63,36.4,98.8,0
64,36.9,94.5,10.2
64,36.2,98.5,0
64,36.4,92.5,4.2
62,36.7,97.2,0.2
63,36.3,99.7,0
68,36.6,96.4,1.6
69,36.6,99.7,0
66,36.8,95.5,6.8
70,36.8,96,7
66,36.3,95.5,0
65,36.2,99.3,0
58,36.2,95.5,0
62,36.7,97.6,0
58,36.4,98,0
60,36.9,93.2,11.6
62,36.8,98.4,0
61,37,98.2,3.9
68,36.6,95.5,3.4
64,36.6,96.3,0.6
64,36.6,95.4,2.4
71,36.5,96.3,0.7
73,36.8,98.5,2.9
72,36.6,97.7,0.2
72,36.5,99.7,0
65,36.3,97.1,0
58,36.3,98.2,0
63,36.5,93.1,4.7
64,36.8,96.5,4.2
60,36.3,95.5,0
64,36.3,96.9,0
62,36.8,95.5,5.6
52,36.8,98.8,0
61,36.7,95.6,3.1
73,36.7,91.3,15.3
65,37.1,96.5,10.5
64,36.4,98.6,0
60,37,95.3,9.4
62,36.6,95.3,2
64,36.4,98.3,0
61,36.5,99.8,0
61,36.6,99.9,0
62,36.6,95.3,2
61,36.8,97.3,1.7
63,36.8,97.5,1.9
60,36.4,97.7,0
64,36.2,99,0
62,36.4,96.5,0
62,36.4,99.8,0
61,36.1,95.6,0
60,36.2,99.5,0
62,36.4,97.1,0
63,36.3,96.1,0
63,36.2,99,0
64,36.3,97.8,0
64,36.5,96,0
64,36.7,98.3,0
63,36.7,95.1,4.7
64,36.5,97.2,0
65,36,97.2,0
58,36.3,98.6,0
59,36.7,95.5,2.7
63,37,95.6,9.7
67,36.4,95.6,0
68,36.2,97.4,0
63,36.8,98.9,0
76,36.4,86.6,19.6
61,36.3,99.3,0
62,37,92.6,15.4
64,36.7,98.2,0
63,36.1,99.7,0
68,36.4,96.7,0
66,36.5,96.9,0
62,36.3,99.2,0
66,36.6,98.7,0
62,38.9,99.8,39
69,36.5,98.4,0
67,36.3,99.1,0
68,36.6,97.5,0
65,36.3,96.3,0
64,36.8,97.3,2.6
64,36.2,98.7,0
57,36.1,99.4,0
55,37,98.3,1.9
62,35.9,96.2,0
85,36.7,97.7,6.1
83,36.4,96.9,1.1
90,36.5,95.3,8.4
83,36,98.3,0
73,36.7,98.8,0.3
66,36.2,99.8,0
68,36.4,97,0
64,36.2,96.1,0
74,36.5,98.1,0
67,36.8,99.1,0
75,36.4,96.1,0.3
69,36.6,91.7,11.3
68,36.4,95.3,0
69,36.1,96.1,0
67,36.6,97.6,0
64,37,96.4,8.4
72,36.8,99.1,1.4
70,36,98.5,0
81,36,90.1,6.1
82,36.5,90.7,15.2
92,38,97.6,34.4
94,36.1,98.2,0
95,36.2,97.2,0.1
95,36,96.9,0
85,35.7,95.4,0
82,36.1,90.2,8.2
74,36.4,98.6,0
70,36.4,94.9,1.2
71,36.9,99.8,1.7
82,36.4,96.7,1.2
83,36.9,97.8,9.3
80,36.7,99,2
99,36.8,98.8,10.1
62,36.4,99,0
76,36.2,96.2,0
89,36.6,95.7,9.3
83,36.5,96.9,3.1
82,36.6,97.6,3.4
69,36.7,96.1,4.5
90,36.4,96.2,4.6
94,37.3,90.2,35.8
82,36.5,96.1,4.4
81,36.3,97.3,0
84,36.2,90.8,9.6
91,36.5,99.8,0
87,36.4,96,4.1
86,36.1,99.8,0
82,36.7,95.5,9.6
77,36.1,99.6,0
75,36.6,98.3,0
88,36.7,98.4,5.6
83,37.1,93.2,22.5
82,36.3,98.9,0
69,36,95.3,0
74,36.1,95.7,0
76,36.1,98.9,0
80,36.1,87.9,12.2
79,36.7,99.6,0.5
77,36.6,96,5.1
73,36.8,99.8,0.3
79,36.2,95,0
79,36.7,99.5,0.7
78,36,96.5,0
77,38.4,96.2,40.7
78,36.5,98.8,0
83,37,90.5,25.9
76,36.3,99.2,0
76,36,93.7,0
78,36.9,98.6,6.2
78,36.4,96.2,1
84,36.7,97.3,6.6
79,36,99.5,0
84,36.3,97,0
82,35.8,99.5,0
78,36.4,96.5,0.4
97,36.8,95.4,16.3
94,36.4,97.1,4
88,36.8,95.4,13.6
94,36.6,97.3,7.6
83,36.6,97.1,4.7
77,36.6,97,3.1
84,36.8,98.8,5.6
85,36,97.8,0
78,36.2,95.8,0
84,36.1,98.4,0
80,37.1,98,12
68,36.6,98.1,0
81,36.8,93.8,14.7
84,36.9,95.5,14.2
85,36.9,95.6,14.3
75,36.1,99,0
80,36.4,98.1,0
90,36.4,95.2,6.6
94,36.8,97.4,11.4
81,36.1,95.9,0
73,36.8,98.3,3.3
72,35.6,96.6,0
76,36.2,98.7,0
78,36.8,97.3,6.8
73,36.5,98.9,0
60,37,92.5,15
71,36.4,95.9,0
89,37.1,95.8,19.1
87,36.6,99.7,0.7
92,36.8,96.6,12.4
93,36.9,99.3,9.3
95,36.9,99.4,9.7
88,36.3,95.6,3.2
93,36.9,95.2,17.5
84,36.4,91.6,12
81,36.8,99.6,3.1
91,36,95,0
89,36.7,95.2,12.3
62,36.9,97.7,3.2
61,36.4,97.2,0
51,36.6,96.4,0
61,36.2,97.7,0
85,36.5,98.8,0
86,36.8,91.6,20.6
86,35.9,99.8,0
81,36.4,91.4,11.5
57,35.9,96.7,0
78,36.4,97.9,0
83,36.7,96.9,7.1
80,36.6,98.4,1.2
81,36.7,96.3,7.7
91,36.1,97,0
71,36.5,95.7,1.9
78,36.5,99.8,0
76,36.9,96,10.8
83,36.3,93,6.9
85,36.5,98.6,0.3
82,36.4,96.4,1.8
80,36.4,99.8,0
62,36.6,96.8,0
74,36.7,97.9,2.4
83,36.5,96.2,4.5
84,36.5,97.5,2.2
78,36.5,97,1.4
78,36.5,94,7.4
78,36.8,99.3,2.8
71,37,95.6,12.1
76,36.6,95.4,6
76,36.4,99.3,0
77,36.4,97.1,0
78,36.5,98.6,0
98,36.4,98.1,3.2
88,36.4,95,6.4
76,36.8,97.7,5.4
83,36.1,99.5,0
85,36.3,96.5,0.5
86,36.9,98.1,9.6
80,36.6,97.4,3.2
79,36.8,100,1.7
78,36.2,90,9.4
78,36.5,97.7,0
61,36.7,98.8,0
79,38.4,99.2,35.3
84,36.3,99,0
80,36.6,97.9,2.2
81,36.2,95.2,0
90,36.4,96.5,4
86,36.7,95.1,11.6
85,36.1,96.2,0
85,36.4,99.7,0
86,36.7,97.4,7
85,36.6,98.1,3.3
81,36.3,97.5,0
68,36.3,99.6,0
87,36.3,98.5,0
92,36.5,96.7,6.2
82,36.5,95.7,5.2
81,37.2,97.9,14.5
84,37.1,97.2,14.8
80,35.9,96,0
77,36.5,97.4,0.3
55,36.3,95.7,0
62,36.8,97.2,2.2
86,35.8,95,0
75,36,98.6,0
89,36.3,98.8,0
79,36.2,99.9,0
56,36.5,99.7,0
72,36.5,98.3,0
82,36.3,95.1,2.4
62,36.4,99.5,0
86,36.1,97.4,0
81,36.6,96.1,6.1
85,36.6,96.8,5.9
78,36.8,96,9.4
84,36.6,99,1.2
80,36.9,98,8
84,36.5,96.1,5
63,36.5,95.5,0
74,36.5,97.8,0
89,36.5,99.8,0
93,36.2,95.8,2.3
94,36.3,97.4,1.4
82,36.1,95.8,0
81,36.5,98.7,0
69,36.7,98.3,0.1
59,36.8,98.2,0
71,36.5,98.2,0
54,36.6,98.2,0
78,36.4,96,1.4
78,36.3,92.2,7
76,36.4,98.3,0
72,36.2,90.8,6
88,36.6,93.7,13
81,36,99,0
85,36.4,98.6,0
80,36.2,95.9,0
84,36,97.5,0
77,36,98.5,0
78,36.9,98.4,6.6
80,36.7,99.2,1.6
90,36.9,96.6,13.8
83,36.5,98.8,0
85,36.8,98.2,7.1
82,36.5,98.9,0
79,36.4,99.2,0
56,36.8,98.8,0
84,36.3,99.2,0
91,36.4,99.6,0
94,36.2,98.8,0
82,36.5,92.8,11
81,36.1,96.2,0
76,36.6,95.1,6.6
72,36.3,98.1,0
79,36.1,95.3,0
67,37.3,96.7,14.7
100,36.6,99.6,4.8
81,36.4,99.2,0
78,36.4,91.2,11
80,36.4,97.2,0
77,36.7,95.5,8.1
90,36.8,99.4,6.2
81,36.5,95.3,5.7
79,36.3,98.3,0
77,36.7,99.9,0
80,37,96.3,13.4
73,36.4,96.2,0
89,36.6,90.5,19.7
93,36.4,98.1,1.7
80,36.7,96,8
81,37,98,10.3
81,36.3,97.7,0
91,36.2,95.9,1.5
81,36.8,95.4,11.5
81,36.5,96.7,2.9
77,36.5,93,9.1
78,36.2,97.6,0
73,36.2,98.5,0
74,36.4,97.7,0
78,36.8,97.5,6.4
80,36.5,96.1,3.8
91,36.1,96.8,0
79,36.5,96.7,2.3
81,36.3,95.4,1.5
74,36.7,98.7,0.8
75,36.4,99.1,0
55,36.2,97.2,0
89,36.4,95.2,6.3
93,36.3,98.4,0
88,36.7,95.9,10.6
79,36.2,98.5,0
90,37.1,96.5,18
93,35.8,97.8,0
87,36.4,98.9,0
83,36.7,99.1,2.7
92,36.5,97.1,5.4
94,37,99.5,11.2
94,36.3,95.5,5.2
94,36.4,98.9,0.4
100,36.6,99.4,5.2
96,37.1,98.6,15.6
103,36.3,93.3,12.3
79,36.3,96.3,0
83,37,99.6,7.7
93,36.3,98.2,0
83,37.1,95.7,17.5
85,35.7,97,0
85,36.8,97.8,7.9
81,36.4,97.5,0
81,36,94.2,0
79,36,99.7,0
61,36.5,95.7,0
68,36.4,98.2,0
77,36.8,95.9,9.3
76,36.8,99.3,2.2
67,36.7,99.6,0
77,36.6,99.7,0
64,36.5,96.1,0
80,36.3,99.6,0
91,36.8,98.3,8.7
76,36.7,98,2.8
61,36.5,97.8,0
79,36.7,96.7,6.3
56,36.2,86.6,9.6
77,36.6,96.2,4.7
83,36.8,95.4,12.1
91,35.9,98.2,0
92,36.9,95.7,16.2
84,36.4,95.3,4.6
80,36.6,97.9,2.2
73,36.7,96.8,4.3
55,36.5,99.1,0
76,36.2,96,0
78,36.5,95.3,4.8
79,36.2,94.1,1.5
61,36.1,97.3,0
79,35.9,97.5,0
73,37.1,95,15.9
77,36.9,99.5,4.1
79,36.4,98,0
61,36.6,95.3,1.7
63,36.6,99.8,0
86,36.4,97,1.8
92,36.7,99.2,5.2
88,36.7,96.8,8.8
81,36.2,97.4,0
79,36.5,97.1,1.5
78,36.7,97.6,4.2
73,36,97.6,0
60,36.8,95.6,4.8
68,36.7,97.3,1.8
75,36.6,99.6,0
78,36.3,97.6,0
77,37,95.1,14.9
79,36.6,95.3,7.1
78,36.3,97.3,0
68,36.3,99,0
75,36.9,99.5,3.5
60,36.1,95.4,0
68,36.5,98.2,0
76,36.5,96.6,1.6
70,36.6,95.8,3.4
70,36.6,98.4,0
66,36.4,97.5,0
76,36.9,96,10.8
78,36,99,0
78,36.5,97.3,0.8
77,36.9,97.2,8.7
89,36.3,95.1,4.5
76,36.2,91.9,5
72,36.7,95.1,7.4
79,37.3,96.8,18.1
77,36.7,97.7,3.7
90,36.4,97.3,2.4
71,36.5,95.5,2.3
88,36.2,95.6,1.2
83,36.2,96.4,0
81,36.8,98,6.3
77,36,98.6,0
80,36.7,97,6
102,36.5,96,10.6
80,36.1,96.2,0
79,36.3,98.3,0
87,36.7,98.9,4.3
82,36.1,99.2,0
80,36.6,98.7,0.6
79,36,99.2,0
80,36.2,97,0
68,36.4,99,0
77,36.8,98,5.1
90,36.6,99.2,2.6
81,36.5,98.8,0
57,36.3,95.4,0
55,36.3,98,0
73,36.2,95.3,0
74,37,97.7,8.8
77,36.8,97.1,6.9
78,36.2,97.6,0
68,37.3,96.3,15.8
74,36.5,99.6,0
89,36.6,90.6,19.5
76,36.9,98.9,5
77,36.8,99.8,1.5
73,36.3,95.6,0
71,36.2,97.2,0
75,36.4,99.4,0
77,36.4,96.4,0.3
84,36.3,96,1.2
79,36.5,96,3.7
73,36,99.5,0
79,36.6,95.6,6.5
73,37.3,99.4,11.1
77,37,85.4,34.3
78,35.7,95.1,0
78,36.4,98.9,0
78,36.5,97.6,0.2
78,36.9,95.1,13.2
61,36.3,98.7,0
85,36.4,95.3,4.9
63,36.4,99.7,0
74,36.2,98.6,0
89,37.2,98.4,15.9
94,36.4,99,0.2
84,36.9,99.1,7
82,38.7,95.1,50.4
80,36.8,99.8,2.4
79,36.3,95.6,0.5
84,36.4,96,3.2
85,37.2,97.6,16.3
74,36.9,98.7,4.8
74,36.5,99.5,0
79,36.1,95.3,0
76,37.3,95.4,20
55,35.9,95.8,0
78,36.4,95.9,1.6
78,36.4,95.6,2.2
90,36.7,99.8,3.4
83,36.6,95.1,8.7
79,36.1,96.5,0
77,36.7,94.4,10.3
89,36.4,93.9,8.9
87,36.3,95,4.1
86,36.2,98.2,0
82,36.6,97.2,4.2
69,36.1,95.6,0
78,36.4,95.2,3
79,36.3,98.8,0
77,36.9,99.1,4.9
89,36.3,98.2,0
81,36,96.5,0
78,36.6,96.8,3.8
77,36.4,93.7,5.7
75,36.6,99.4,0
76,36.5,96.9,1
80,36.3,97.9,0
78,36.7,93.9,11.6
78,36.7,97.6,4.2
90,35.3,97.1,0
76,37,98.4,8
72,36.2,95,0
76,37,98.2,8.4
83,36.8,97.2,8.5
81,36,96.1,0
80,36.1,95.7,0
84,37.6,96.5,26.2
80,36.3,93.6,4.8
78,36.2,99.9,0
79,36.4,85.4,22.9
77,36.4,96.2,0.7
78,36.5,96.5,2.4
68,36.7,99.4,0
75,36.3,97.2,0
78,37.1,99.5,8.4
78,36.3,96.7,0
79,36.4,95.1,3.5
84,36.3,99.8,0
80,36.6,95.6,6.8
78,36.5,97,1.4
83,36.7,98.3,4.3
80,36.3,95.1,1.8
84,36.3,97.8,0
80,37.1,98.7,10.6
78,36.6,96.6,4.2
79,36.3,85.4,20.9
80,36.4,98.2,0
79,36.2,96.4,0
75,36.8,95.8,8.9
72,36.8,98,3.6
88,36.9,96.5,13.4
81,36.6,98.9,0.5
91,37,99.4,10.5
81,37.1,98.3,11.7
79,36.7,97.7,4.3
81,35.9,97.4,0
80,36.8,96.9,8.2
81,36.6,87.3,23.7
81,36.7,95.6,9.1
80,36.5,99.4,0
84,36.2,98.1,0
79,36.9,95.3,13.1
77,36.5,99.6,0
76,36.7,99.3,0.2
78,36.3,99.6,0
84,36.3,99.4,0
78,36.7,99.3,0.8
78,36.1,95.5,0
72,36.5,98.6,0
76,36.6,95.8,5.2
83,36.6,95.5,7.9
79,36.6,99.5,0
61,35.9,98.8,0
80,36.2,92,6
81,36.7,97.4,5.5
80,36.3,99.6,0
77,36.9,99,5.1
84,36.7,97.4,6.4
82,36.3,96.5,0
114,36.5,97,12.2
83,36.6,97.9,3.1
82,36.2,99,0
79,36.5,96.8,2.1
80,36.4,99.4,0
73,36.5,97.6,0
75,36.5,96.3,1.9
79,36.4,97.8,0
91,36.2,96,1.3
81,36.6,98.5,1.3
77,37,95,15.1
78,36,95,0
84,35.6,98.2,0
78,38.2,96.9,35.6
84,36.7,99.3,2.6
91,36.4,99.7,0
76,37,99.2,6.4
78,36.4,95.9,1.6
68,36.8,95.9,6.6
70,36.7,99,0
77,36.3,98.7,0
72,36.8,98.6,2.4
76,36.5,98.6,0
75,36.8,96.5,7.5
75,36.5,95.5,3.5
89,36.1,95.5,0
81,37,96.5,13.3
85,37.1,95.2,19.1
75,36.7,96.2,6.1
78,36.8,98.3,4.8
79,36.7,96.7,6.3
91,36.4,98.8,0
79,36.2,90.9,7.9
90,36.6,98.9,3.2
70,36.5,99.5,0
82,36,95.7,0
85,36.4,97.7,0.1
78,36.6,99.9,0
84,36.8,99.4,4.4
78,36.2,95.5,0
79,37.1,96.9,13.9
83,36.7,99.4,2.1
85,36.6,94.6,10.3
78,36.2,98.9,0
83,36.8,92.5,17.9
85,36.7,96.4,8.7
87,36.6,96,8.1
101,36.6,98.6,7.1
104,37.3,99.6,20
83,36,95.9,0
85,36.4,98.1,0
80,36.1,97.3,0
76,37.2,98.5,11.8
78,36.5,99.2,0
56,36.3,96.9,0
72,39,97.1,49.4
78,36.4,96.6,0.2
82,36.9,96.6,11.4
62,36.3,99.9,0
72,36.9,98,5.6
77,36.4,96.1,0.9
78,36.7,98.3,2.8
78,36.4,97.4,0
68,36.7,96.8,2.8
65,37.4,96.5,16.5
80,36.5,97.7,0.6
79,36.3,98.6,0
84,36,99,0
91,36.6,98.6,4.1
79,35.9,98.4,0
68,36.7,98.3,0
53,36.1,96,0
72,36.7,95.2,7.2
71,36.8,99.8,0
78,36.1,99.3,0
80,36.8,97.5,7
85,36.4,99.1,0
80,36.9,96.4,11.2
84,36.9,98.9,7.4
74,34.3,99.5,0
60,36.6,99.4,0
74,36.7,97.6,3
83,37,98.2,10.5
62,36.7,99.1,0
86,36.6,96.7,6.4
82,36.6,95.8,7
68,37,95.3,11.8
73,36.4,94.7,2.5
83,36.7,93.6,13.7
57,36.4,87.1,12.9
75,36.4,96.8,0
76,36.8,97.5,5.8
67,36.4,98.6,0
74,36.3,98.9,0
77,36.3,96.2,0
89,37.1,98.5,13.7
82,36.4,97.7,0
81,36.5,98.1,0.1
69,36.6,95.9,2.9
78,36,96.5,0
80,37.2,99.8,10.4
81,36.5,97.7,0.9
93,36.9,97.2,13.5
98,36.6,96.8,9.8
103,36.7,95.1,16.7
112,36.7,97.9,13.8
112,36.9,98.8,16
101,37.2,98.1,20.1
62,37,98.3,4
72,36.4,97,0
75,36.4,95.8,0.9
75,36.4,97.5,0
72,36.4,97.7,0
82,36.5,100,0
81,36.5,98.1,0.1
79,36.3,95.7,0.3
73,36.8,96.4,7.1
74,36.6,96.9,2.4
75,36.8,94.6,11.3
72,36,95.7,0
79,36.5,98.7,0
90,36.5,99,1
83,36.4,94.9,5.1
85,36.8,95.3,12.9
74,36.6,97.3,1.6
89,37.1,97,16.7
83,36.2,99.4,0
111,36,95,5.3
99,35.9,96.9,0
97,36.7,95.1,14.9
90,36.4,99.6,0
88,36.4,96.7,3
79,36.6,95.8,6.1
92,36.3,95.7,4.2
102,36.4,99.2,2.2
87,36.4,93.6,8.9
82,36.4,98.8,0
85,36.5,99.4,0
58,36.9,99.5,0
81,36.3,90.6,11.1
88,36.7,95.6,11.2
87,36.4,95.1,5.9
86,36.2,95.1,1.6
95,36.5,98,4.5
96,35.7,95.1,0
96,36.5,95.6,9.6
104,36.3,97.2,4.8
80,36.4,98.8,0
90,36,95.8,0
83,36.1,98.9,0
91,36.4,97.5,2.3
84,36.1,98.5,0
91,36.7,99,5.3
82,36.3,97.7,0
81,36.6,96.6,5.1
89,36.4,99.5,0
93,36.4,97.8,2.3
87,36.8,97.7,8.7
89,35.9,97.2,0
93,36.8,97.1,11.7
94,36.5,95.6,9
80,36.4,95.4,3.2
84,37,99.6,8
80,38.4,99.4,35.2
104,36.6,96.3,12.6
104,36.8,100,9.2
89,36.5,99.5,0
87,36.8,90.6,22.9
87,37.2,97,18.1
81,36.2,96.2,0
77,36.6,96.4,4.3
90,38.6,95.6,49.8
87,36.5,98.3,1.5
86,36.3,97.6,0
87,36.6,99.2,1.7
90,36.5,98.7,1.6
89,35.8,99.5,0
89,36.3,96.3,2.1
90,36.8,97.8,9.4
93,36.9,96.8,14.3
98,36.4,100,0
98,36.4,97.5,4.4
96,36.2,98,0
83,36.2,90.4,10.1
91,36.1,97.8,0
96,35.8,95.7,0
95,36.7,99.9,4.7
72,37,95.3,13
88,37,99.9,8.6
92,36.7,93.6,16.4
94,36.4,96.7,4.8
94,36.4,98.2,1.8
88,36.7,98.5,5.4
92,36.2,99,0
83,37.1,95.2,18.5
92,36.4,97.7,2.2
98,36.4,95.7,8
83,37,97.8,11.3
76,37.2,95.5,17.8
74,36.3,96.1,0
72,36.6,95.7,4.2
76,36.1,97.8,0
78,36.7,97.2,5
77,36.4,98.6,0
70,36.4,98.2,0
67,36.5,97.2,0
71,36.5,96.1,1.1
76,36.2,96.6,0
72,36.7,98.3,1
69,36.7,98.2,0.3
68,36.6,97.8,0
70,36.4,95.2,0.6
66,36.3,97.1,0
70,36.7,96.8,3.4
68,35.8,97.4,0
69,35.8,97.7,0
70,36.9,95.3,10.4
69,36.6,95.1,4.5
74,36.7,96.7,4.8
72,36.1,90.3,5
69,36.3,96,0
69,36.7,88.8,19.1
70,34.8,96.4,0
65,36.1,97.4,0
66,36.6,96.5,0.8
96,36.9,95.9,17
81,36.7,95.1,10.1
81,38.5,96,44.3
77,36.7,97.4,4.3
67,36.6,97.6,0
74,36.2,97,0
89,37,89.3,30.1
87,36.8,98.2,7.7
92,36.6,95.4,10.8
80,36.2,96.3,0
78,37,97.7,10
76,36.1,99,0
80,36.6,97.5,3
78,36.5,86.8,21.8
78,36.5,91.1,13.2
84,37,97.5,12.2
77,36.7,97.2,4.7
85,36.3,95.8,1.9
79,36.1,95,0
73,36.4,96.8,0
75,36.3,99.7,0
75,36.9,96.4,9.7
90,35.9,95.7,0
79,36.6,87.9,21.9
84,36.5,97.2,2.8
82,38.4,96,42.6
81,36.6,98.2,1.9
76,36.3,96.8,0
89,34.5,98.6,0
93,36.8,99,7.9
87,36.4,95.9,4.3
77,37,99.2,6.7
84,36.4,96,3.2
80,36.7,96.2,7.6
90,36.7,99.4,4.2
83,36.4,97.2,0.5
82,36.3,97.9,0
77,36.5,93.4,8.3
81,36.3,99,0
80,36.3,98.5,0
90,36.4,96.4,4.2
82,36.3,98.3,0
75,36.6,99.2,0
75,36.7,95.8,6.9
72,36.5,99.2,0
77,36.7,98.8,1.5
76,36.3,98.8,0
90,36.4,99.6,0
80,36.6,96.4,5.2
73,36.6,96.2,3.5
71,36.8,96,7.3
76,36.5,98.4,0
74,36.4,99.4,0
71,36.6,96.4,2.5
71,36.3,95.6,0
77,35.9,98.6,0
81,36.6,95.6,7.1
81,36.2,96.8,0
74,36.7,95.6,7
72,36.6,98.3,0
74,36.9,99.3,3.6
72,36.3,97.9,0
88,35.7,97.9,0
83,36.5,97.9,1.1
81,36.9,97.7,8.9
79,36.1,99.9,0
92,36.5,98.2,3.2
85,38.2,98,35.5
90,36.9,97.2,12.6
76,36.7,98.2,2.4
72,36.7,99.3,0
74,36.5,96.8,0.6
74,36.8,96.1,8
84,36.7,95.1,11
89,36.4,98.6,0
85,37.1,95.9,17.7
85,36.2,97,0
78,36.5,95.1,5.2
76,36.9,97.8,7.2
88,36.4,95.3,5.8
90,36.4,99.1,0
86,36.6,96.1,7.6
80,36.6,96.6,4.8
74,36.2,99.1,0
75,36.4,97.8,0
72,36.4,97.8,0
70,36.3,96.2,0
71,36.4,96.7,0
69,36.7,97.6,1.5
69,36.3,99.5,0
78,36.5,97,1.4
79,36.6,98.8,0.1
91,36.5,94.8,9.7
84,36.9,99.3,6.6
78,36.9,97.6,8.2
72,36.5,99.6,0
76,36.8,97.6,5.6
67,36.3,99.9,0
70,36.8,96.2,6.6
74,36.6,99.7,0
69,36.7,98.2,0.3
65,36.9,99.6,0.3
75,36.2,97.2,0
68,36.2,97.1,0
73,37.2,99.4,9.1
91,36.6,99.3,2.7
91,36.5,96.2,6.9
94,36.7,96.4,11.4
95,36.6,96.6,9.3
85,35.9,95.8,0
93,36.1,99.2,0
88,36.9,99,8.4
75,36.9,99.1,4.3
76,36.4,98.3,0
80,36.5,97.6,0.8
78,36.1,99,0
60,36.5,95.1,0
75,37.3,99.6,11.3
80,36.4,99.9,0
65,36,97.1,0
69,36.1,97,0
65,36.4,99.8,0
66,36.4,95.3,0
59,36.5,99.3,0
58,36.2,92.6,0
62,36.5,94.2,2.2
64,36.6,96,1.2
65,36.8,97.7,2.1
64,36.1,97.3,0
64,35.7,86.9,1.4
63,36.5,96.7,0
60,36.2,96.9,0
63,36.3,96.2,0
65,36.8,98.1,1.3
81,36.4,97.3,0
73,36.4,95.8,0.3
71,37,96,11.3
74,36.3,99.2,0
73,36.2,98.8,0
73,36.6,99.3,0
77,36.7,98.1,2.9
81,36.6,97.2,3.9
84,36.8,97.4,8.4
73,36.6,98.4,0
72,36.8,99,1.6
68,36.6,99.1,0
66,36.5,97.6,0
64,36.3,99.7,0
63,36.5,97.4,0
64,36.1,99.1,0
76,36.7,98.8,1.2
75,36.1,96.9,0
71,36.4,98.9,0
68,36.2,96.7,0
75,36.7,97.4,3.7
78,36.3,99.2,0
80,36.1,95.9,0
68,36.7,96.2,4
71,36.9,99.1,3.1
63,37,97.7,5.5
67,36.4,97.8,0
77,36.6,95.1,6.9
76,36.7,99,0.8
76,36.6,96.8,3.2
70,36,98.9,0
68,36.4,99.3,0
66,36.8,95.9,6
65,36.8,94.3,8.9
67,37,95,12.1
63,36.1,96.7,0
64,36.9,99.3,0.6
67,36.4,97.2,0
94,37.1,99.6,13
75,36.5,96.6,1.3
72,36,98.6,0
82,36.9,99.2,6.2
81,36,96.1,0
74,36.7,95.9,6.4
70,36.9,99.4,2.2
71,36.2,97.1,0
76,36.8,100,0.8
77,36.5,95.4,4.3
73,36.2,97.6,0
74,36.8,97.3,5.6
69,36.5,99.2,0
71,36.5,99.3,0
71,36.4,96.5,0
69,36.5,96.3,0.1
68,38.9,97.3,45.8
68,37,97.4,7.6
70,36.6,97.5,2.84E-14
71,36.1,95.5,0
68,36.2,99.6,0
69,36.3,95.5,0
70,36.4,95.9,0
70,36,97.5,0
77,36.7,95.4,8.3
71,36.6,98.9,0
65,36.3,98.7,0
69,36.3,95.1,0
67,36.7,97.3,1.5
67,36.1,97.5,0
77,36.2,95.3,0
74,36,99.7,0
72,36.5,96.2,1.2
76,36.4,97.5,0
73,36.4,99.7,0
75,36.7,98.6,1.3
77,36.8,97,7.1
72,36,93.8,0
73,36.9,97,7.9
77,36.7,96.6,5.9
77,36.4,96.4,0.3
78,36.7,96,7.4
82,36.6,99.6,0
57,35.8,98.9,0
70,36.9,97,7
85,36.7,96.4,8.7
81,36.4,97.2,0
85,36.6,98,3.5
75,36.6,96.8,2.9
78,36,97.5,0
74,36.7,98,2.2
76,36.9,98.2,6.4
73,36.2,99.4,0
77,36.9,98.9,5.3
77,36.4,98.5,0
77,36.7,95.9,7.3
73,36.4,95.3,1.3
74,36.4,92.9,6.4
73,36.6,97.1,1.7
73,36.8,95.9,8.1
75,36.2,97.3,0
76,36.3,97.3,0
78,36.7,99.8,0
74,36.4,95.4,1.4
72,36.4,97.6,0
77,36.4,97.2,0
78,36.5,99.7,0
75,34.9,95.9,0
75,36.7,96.1,6.3
79,36.5,99,0
73,36.1,98,0
74,36.2,96.6,0
72,36.5,93.8,6
72,36.4,99.6,0
74,36.6,95.4,5.4
76,36.5,97.9,0
77,36.8,99.5,2.1
73,36.3,95.2,0
77,36.3,97.1,0
80,36.7,97.4,5.2
71,36.4,99.1,0
78,36.6,96.1,5.2
89,36.6,95.1,10.5
92,36.4,97,3.6
88,36.7,99.2,4
89,36.7,96.3,10.1
92,36.9,97,13.6
82,37.2,98.2,14.2
85,36.4,95.7,4.1
82,36.4,96.2,2.2
75,36.8,99.2,2.1
73,37,99.8,4.3
77,36.1,96.4,0
65,36.8,96.7,4.1
64,36.1,98.7,0
63,36.2,97.2,0
86,37,97,13.8
80,36.9,99,6
76,36.7,98,2.8
74,36.4,99.5,0
77,36.9,97.3,8.5
73,37,90.4,23.1
82,36.4,95.4,3.8
72,36.3,99.5,0
70,36.2,99.3,0
66,36.9,97.8,4.2
70,36.6,95.3,4.4
76,36.6,98.6,0
77,36.9,98.6,5.9
77,36.6,99.9,0
73,37.1,99,7.9
69,36.5,94.1,4.5
71,36.4,95.3,0.7
71,36.5,95.3,2.7
75,36.8,96.1,8.3
71,36.4,97.2,0
78,36.4,95.6,2.2
79,36.7,98.9,1.9
69,36.2,97.4,0
62,36.5,97.4,0
61,36.6,95.4,1.5
76,36.5,94.3,6.2
76,36.4,98.2,0
66,36.9,95.6,8.6
65,36.8,97.1,3.3
63,36.6,95.4,2.1
72,36.7,98.1,1.4
63,36.9,97.8,3.3
72,37,96.2,11.2
63,36.8,99.5,0
65,36.3,97.9,0
61,36.9,99.6,0
65,35.8,96.4,0
64,36,98.8,0
69,36.3,95.1,0
64,36.9,99.7,0
69,37,96.2,10.3
82,36.2,96.4,0
77,36.5,96,3.1
69,36.8,97.7,3.3
65,36.5,96.7,0
70,37,95.2,12.6
65,36.3,96.7,0
66,36.4,88.1,13.6
59,36.8,94.3,7.1
58,36.9,97.3,2.8
59,36.8,99.1,0
58,36.4,95.5,0
62,36.6,97.6,0
58,35.9,97.4,0
62,36.7,92.4,9.8
58,36.3,98.8,0
57,36.8,91.7,11.7
57,36,95.8,0
56,36.9,99.8,0
55,36.7,95.4,1.7
56,36.5,98.3,0
55,36.6,98.6,0
56,36.4,95.3,0
55,36.1,92.7,0
56,35.9,95,0
57,36,95.5,0
56,36.6,95.9,0
58,36.9,99.6,0
57,36.6,99.5,0
56,36.6,99.4,0
56,36.2,99.2,0
56,36.4,99.2,0
57,36.2,99.3,0
55,36.5,96.9,0
58,36.6,99.4,0
57,36.5,96.9,0
56,38.9,95.1,46.6
55,36.5,95.2,0
55,37,98.5,1.5
62,36.9,97.4,3.8
60,36.8,99.4,0
62,36.5,97.5,0
58,37.1,95.4,10.6
59,36.2,95.4,0
57,36.8,95.5,4.1
57,36.8,96.6,1.9
61,36.1,96.5,0
60,35.8,95.3,0
56,35.9,97.5,0
57,36.9,99.2,0
58,36.8,99,0
59,36.3,95.2,0
57,36.3,96.3,0
67,37,97.4,7.3
63,36.6,95.6,1.7
59,36,96.1,0
59,36,97.3,0
62,36.7,98.9,0
65,36.8,96.1,5.3
75,36.1,99.3,0
66,36.7,95.5,4.8
67,36.4,95.4,0
63,36.1,99.4,0
63,36.8,93.9,9.1
61,36.4,97.3,0
64,36.1,95.5,0
62,36.1,96.8,0
64,36.2,98,0
60,34.8,98.3,0
85,36.7,95,11.5
71,36.5,95.9,1.5
65,36.1,95.2,0
62,36.2,99.6,0
64,36,97,0
60,36.2,95.7,0
63,36.7,98.2,0
63,36.2,99,0
65,36.6,95.4,2.7
64,36,96.1,0
62,35.6,97.8,0
63,36.2,98.8,0
63,36.5,95.5,0
64,36.8,97,3.2
63,36.4,95.8,0
62,36.4,95,0
63,36.4,96.5,0
66,36.5,95.4,1
59,35.9,95.4,0
65,36.5,98.1,0
63,36.5,98.1,0
68,36.7,96,4.4
66,36.6,97.1,0
70,36.8,97.5,4
65,36.6,99,0
67,36.4,99.8,0
63,37,97.7,5.5
66,36.7,98,0
64,36.3,99.6,0
66,36.9,95.2,9.4
62,36.4,98.8,0
67,36.2,98.1,0
63,36.7,97.6,0
64,36.2,95.6,0
68,36.5,96.7,0
63,36,96.6,0
61,37,98,4.3
63,36.5,99.1,0
67,36.7,98.5,0
64,36.2,98.7,0
59,36,95,0
65,36.5,99.7,0
64,36.5,95.7,0
63,36.5,99,0
64,36.8,95.3,6.6
62,35.8,99.6,0
61,36.2,98.8,0
63,37,95.7,9.5
64,36.6,96.1,1
62,36.4,97.5,0
66,37.1,95.5,12.8
62,36.6,96.3,3.42E-14
64,36.2,96.9,0
72,36.4,97.1,0
71,36.8,97.1,5.1
65,36.5,99,0
70,36.6,93,9
62,36.4,98,0
60,36.4,95.6,0
64,36.6,97.8,0
60,36.6,99,0
57,36.8,99.8,0
61,36.6,95.5,1.3
60,37.1,94.6,12.8
60,36.6,97.1,0
59,36.3,99.2,0
57,36.4,95.9,0
60,36.4,96,0
61,36.8,96.7,2.9
60,36.4,95.2,0
56,36.5,97.6,0
72,36.2,98.9,0
65,36.7,97.8,0
60,36.3,97.3,0
61,36.7,99.4,0
64,36.3,95.3,0
62,36,96.4,0
63,36.4,98.5,0
64,36.3,94.3,0
67,36.7,98.7,0
63,36.3,95.6,0
63,36.8,95.4,6.1
64,36.5,96.9,0
63,36.4,99.5,0
66,37.3,96.4,15
65,36.7,99.8,0
67,36.7,98.3,0
65,36.2,96.5,0
65,37,99.4,2.7
65,36.4,99.5,0
68,36.2,97.9,0
67,36.1,99.3,0
66,36.1,99.2,0
67,36.2,92.6,0.9
66,38.9,96.8,46.2
67,36.8,100,0
63,36.6,96,0.9
63,36.4,98.2,0
64,35.9,98.5,0
66,36.1,98.4,0
67,36.4,95.1,0
65,36.1,98.3,0
66,36.1,98.3,0
65,36.4,95.4,0
65,36.4,97.5,0
67,37,99.4,3.3
66,36.8,97.5,2.8
64,36.4,98.8,0
76,35.9,95.6,0
70,36.3,98.1,0
67,36.3,99.4,0
68,36.6,99.3,0
78,36.4,97.9,0
68,36.6,98.3,0
67,36.3,98.1,0
69,36.2,95.3,0
74,35.8,93.1,0
68,36.8,98.6,1.2
64,36.3,96.1,0
67,36.6,95.7,2.7
66,36.1,97.5,0
67,36,97.8,0
68,36.1,97.9,0
68,37.1,96.3,11.8
68,36,99.1,0
66,37,91.3,19.2
66,36.3,99.3,0
65,36.8,95.5,6.5
67,36.3,99.8,0
68,37.1,91.8,20.8
66,36.5,97.5,0
67,36.8,97,4.1
68,36.5,96.3,0
67,36.6,97.6,0
67,36.4,95.6,0
66,36.5,95.1,1.6
67,36.2,95.4,0
64,36.1,97.5,0
66,36.6,99.3,0
65,36.2,96.2,0
64,36.2,99.6,0
66,36.7,95.3,5.2
67,36.4,96.7,0
69,36.4,97.7,0
65,36.5,98.5,0
66,36.8,97.4,3
64,36.5,98.6,0
66,36.5,97.6,0
70,36.1,95.8,0
66,38.5,98.7,34.4
70,35.9,90.6,0
76,36.3,98.1,0
72,36.4,98.6,0
73,36.3,97.6,0
77,36.4,95.6,1.9
78,36.3,97,0
78,36.9,96.1,11.2
75,36.7,97.4,3.7
71,36.7,97.1,3.1
76,37,97.4,10
72,36.7,95.1,7.4
75,36.5,98.3,0
68,36.4,97,0
70,35.8,98.5,0
71,37,97.9,7.5
69,36.7,98.3,0.1
68,36.2,95.5,0
66,36.4,98.8,0
67,36.7,98,0.1
65,36.8,98,1.5
63,37,97.5,5.9
64,36.4,98.7,0
65,36.4,95.5,0
68,36.2,98.9,0
69,36,99.5,0
68,36.4,98.6,0
67,36.5,95.2,1.7
66,36.4,95.7,0
59,36.5,97.7,0
63,36.8,96.3,4.3
67,36.2,97.9,0
67,36.7,95.1,5.9
68,36.7,99.5,0
68,36.6,99.7,0
67,36.7,94.2,7.7
62,36.2,97.1,0
66,36.6,98,0
67,36.5,99.8,0
76,36.6,96.1,4.6
83,36.2,96.1,0
81,36.6,98.9,0.5
80,36.7,94.5,11
78,36.5,95.9,3.6
73,36.4,97.1,0
72,36.7,97.9,1.8
69,36.6,98.8,0
65,36.4,97.2,0
66,36.5,95.1,1.6
62,36.2,98.7,0
64,36.2,98.7,0
59,35.8,96,0
59,36.7,91.4,10.9
68,36.1,98.1,0
63,36.7,95.5,3.9
59,36.6,99.8,0
60,36.7,98.9,0
56,36.9,90.5,15.8
58,36,98.4,0
60,36.2,95.5,0
59,36.3,99.9,0
59,36.5,95.2,0
59,36.5,95.2,0
59,36.2,99.9,0
60,38.4,99.3,29.4
57,36.4,96.7,0
58,36.6,96.3,0
57,36,92.4,0
59,36.2,98.7,0
60,36.5,98.4,0
59,36.9,94.8,8.1
61,37.1,97.3,7.7
61,36.9,97.3,3.7
59,36.7,91.4,10.9
59,36.3,97.1,0
59,37.1,98.9,3.9
59,36.4,96.2,0
57,37.1,99.4,2.3
60,36.7,96.6,0.8
59,36.2,99.5,0
58,36.6,96.2,0
58,38.1,95.1,31.2
59,36.3,98.1,0
59,36.9,97.2,3.3
56,36.7,96.1,0.6
58,36.9,98.7,0
56,36.9,98.1,0.6
59,36.5,99.7,0
58,36.2,97.1,0
57,36.3,97.8,0
58,36.6,97.8,0
60,36.7,95.3,3.4
62,36.6,96.5,0
60,36.7,95.9,2.2
58,35.7,95.3,0
59,36.1,99.7,0
57,38.2,95.1,32.9
62,36.6,96.3,3.42E-14
64,36.4,95.3,0
69,37.1,97.3,10.1
65,36.4,97.6,0
59,37.1,95.5,10.7
58,36.7,96.4,0.6
60,36,98.8,0
59,36.8,96.7,2.3
72,38,96.1,31.4
59,36.8,96.6,2.5
57,36.5,96.2,0
75,37,97.1,10.3
66,36.9,96.7,6.4
58,36.4,96,0
79,36.8,99.3,3.1
80,36,95.1,0
71,36.3,96.5,0
71,36.5,97.1,0
70,36.1,99.9,0
71,36,96.9,0
69,36.8,99.8,0
71,36.6,99.5,0
82,36.5,98.2,0.2
73,36,97.1,0
83,36.3,97.5,0
79,36.6,96.5,4.7
78,36.1,99.6,0
84,36.4,96,3.2
57,36.8,97.2,0.7
73,36,90.3,3.3
77,36.6,98.6,0
78,36.6,96.5,4.4
78,36.5,97.6,0.2
73,36.2,97.7,0
76,36,96.8,0
77,36.5,99.9,0
76,36.4,96.9,0
78,36.6,99.7,0
72,36.2,95.8,0
88,36.2,92.6,7.2
79,36.7,98.3,3.1
77,36.5,97,1.1
73,36.7,96.5,4.9
77,36.3,97.9,0
79,36.7,93.9,11.9
75,36.6,99.4,0
78,35.5,100,0
79,36.4,100,0
79,36.7,95.4,8.9
72,36.2,98.1,0
68,36.7,98.9,0
70,36.9,95.6,9.8
70,36.6,95.9,3.2
66,36.4,100,0
79,36.6,98.1,1.5
84,36.6,95.4,8.4
91,36.3,97.3,0.7
82,36.2,95,0.6
79,37,99.9,5.9
83,36.4,97.8,0
76,37.1,96.1,14.6
92,36.4,96.7,4.2
84,36.2,98.8,0
80,36.9,98.9,6.2
98,36.6,98.5,6.4
88,36.3,95.9,2.6
77,36.3,98.6,0
78,36.6,96.2,5
93,36.7,98.5,6.9
107,37,98.6,16.9
88,36.2,85.7,21
103,37,98.7,15.5
108,36.5,95.1,14.2
102,37.2,95.6,25.4
103,36.2,99.6,0
99,37.1,98.5,16.7
95,35.8,96.6,0
89,37,96.9,14.9
93,36.6,97.2,7.5
96,36.3,99.8,0
102,36.4,95.4,9.8
61,36.7,95.4,3.5
76,36.1,91.3,4.2
80,36,99.6,0
81,36.6,99.5,0
94,36.6,99.5,3.2
79,36.2,98.5,0
89,36.3,95.7,3.3
59,36.4,97.5,0
85,36.6,96,7.5
72,36.9,99,3.6
71,36.7,96.5,4.3
76,36.5,99.5,0
78,36.4,99.8,0
76,36.3,97.1,0
72,36.3,97.9,0
71,36.7,98.7,0
76,36.7,97.5,3.8
72,36.2,98.8,0
71,36.3,96.1,0
75,36.4,98.1,0
79,36.2,99.2,0
78,36.6,95.1,7.2
77,36.3,98.9,0
80,36.8,95.3,11.4
107,36.3,99.4,1.3
100,36.3,96.7,4.6
90,36.3,98.1,0
75,36.3,97.2,0
77,36.3,98.9,0
84,36.9,99.1,7
85,36.8,95.1,13.3
78,37.1,97.1,13.2
76,36.5,95.4,4
77,36.9,99.1,4.9
80,35.8,96.2,0
90,36.3,95.6,3.8
76,36.7,96.9,5
90,38,96.7,35.6
87,36.3,98.3,0
97,36.9,95.5,18.1
96,36.3,97.8,1.2
89,36,95.3,0
80,36.4,92.8,8.4
84,36.8,98,7.2
80,36.4,95.3,3.4
57,36.9,91.8,13.5
73,35.9,96.4,0
83,36.7,98,4.9
91,36.6,97.6,6.1
87,36.2,99.9,0
86,36.3,97.4,0
82,36.7,96.1,8.4
85,36.8,95,13.5
97,36.3,98.9,0
84,36,98.1,0
97,36.4,96,7.1
95,36.7,94.7,15.1
106,36.8,95.7,18.4
91,36.6,97,7.3
87,36.7,97,8.1
86,36.3,98.4,0
92,36.6,95.7,10.2
87,36.8,98.1,7.9
85,36.4,98.7,0
78,36.3,97.8,0
85,35.8,99,0
86,36.8,96,11.8
96,36.5,97.4,6
98,37.1,97.9,17.6
81,38.4,99.9,34.5
78,36.2,96.8,0
83,36,97.5,0
87,35.9,96.3,0
83,36.6,96.2,6.5
85,36,95.1,0
92,36.8,97.4,10.8
87,36.2,96.6,0
92,36.8,99.6,6.4
93,36.4,97.1,3.7
87,36.7,98.9,4.3
91,36.8,96.6,12.1
93,36.5,95.7,8.5
80,37,98.1,9.8
77,36.5,98.2,0
76,36.7,96.7,5.4
76,36.5,95.1,4.6
72,35.4,99.1,0
75,36.4,96,0.5
76,36,99.2,0
78,36.3,95.3,0.8
76,36,94.7,0
90,36.5,98.6,1.8
89,36.7,99.5,3.7
93,36.9,99.3,9.3
92,36.4,90,17.6
82,36.7,97.6,5.4
92,36.3,97.2,1.2
93,36.2,95.4,3.1
88,36.5,96,6.4
81,36.7,95.1,10.1
81,36.6,97.4,3.5
78,36.2,99,0
77,36.9,99.8,3.5
73,36.7,97.2,3.5
88,37.1,95.8,18.8
82,36.3,99.4,0
85,36.9,95.7,14.1
70,36.2,96.1,0
88,36.4,98.9,0
90,36.2,95,3
87,36.4,95.4,5.3
83,36.4,99.6,0
85,37.1,95.6,18.3
86,37.2,97.5,16.8
86,36.2,91,9.8
92,36.8,100,5.6
93,36.3,100,0
84,36,98.7,0
82,36.2,96.7,0
85,36.8,98.2,7.1
86,36.7,96.2,9.4
82,36,96,0
85,37.3,90.4,32.7
86,36.3,96.7,0.4
86,36.6,96.5,6.8
96,36.6,96.3,10.2
81,36.6,99.4,0
91,37,96.1,17.1
86,37,97.3,13.2
90,36.3,96.4,2.2
83,36.6,98.9,1.1
80,36.3,98.2,0
79,36.3,95.4,0.9
84,36.7,96.3,8.6
80,36.5,95.3,5.4
68,36.6,96.2,2
78,36.7,99.9,0
76,35.7,94.4,0
89,36.5,97.8,3.1
93,36.6,98.5,4.9
87,36.5,99.6,0
78,36.6,96.4,4.6
91,36.3,98.9,0
80,36.4,98.8,0
76,36.8,95.7,9.4
75,36.5,99.9,0
75,36.4,97.3,0
79,36.2,95.6,0
61,36.3,95.2,0
80,36.5,95.5,5
84,36.7,95.8,9.6
78,36,95.8,0
84,36.3,98.1,0
85,36.3,95.2,3.1
92,36.9,98.5,10.6
93,36.6,96,9.9
77,36.4,98.8,0
84,36.8,99,5.2
85,36.8,96.6,10.3
101,37,99.8,12.7
90,36.3,95.1,4.8
80,36.2,98,0
78,36.3,95.4,0.6
84,36,90.5,6.2
82,36,98.7,0
91,36.2,95.7,1.9
95,36.4,95.6,7.3
83,36.7,98.7,3.5
91,36,97.5,0
79,36.4,90.6,12.5
91,36.3,97.4,0.5
82,36.1,98.5,0
81,36.6,95.5,7.3
81,36.7,98.1,4.1
91,36.3,99.9,0
93,36.8,96.2,13.5
84,36.4,97.3,0.6
91,36.3,98.6,0
101,36.4,96.6,7.1
100,37,97.8,16.4
102,36.6,98.4,7.8
100,37.1,98.3,17.4
95,36.7,96.6,11.3
94,37.3,91.7,32.8
94,36.2,97.1,6.75E-14
88,36.8,95.5,13.4
98,36.1,95.7,2
94,36.3,95.1,6
87,36.3,99.7,0
92,36.7,96,11.6
77,36.2,99.4,0
87,36.6,97.3,5.5
70,35.9,99.9,0
78,36.8,99.4,2.6
90,36.4,96.9,3.2
98,36.5,96.1,9.2
96,37,99.2,12.4
95,36.6,98,6.5
93,36.4,96.1,5.7
91,37,99.1,11.1
94,36.7,99.1,6
94,36.6,98,6.2
94,36.7,95.8,12.6
88,36.6,97.2,6
92,35.8,95.4,0
94,36.3,98.9,0
84,36.3,96.8,0
91,36.8,97,11.3
94,35.5,96.9,0
88,36.8,99.4,5.6
98,36.7,99.6,6.2
105,36.3,96,7.5
111,38.3,96.7,47.9
104,37,98.2,16.8
97,36.1,98.6,0
89,36.5,96,6.7
93,36.3,92.7,10.5
84,36.5,99.5,0
91,36.2,97.6,0
79,36.3,96.3,0
73,36.4,95.1,1.7
66,36.3,99.5,0
87,36.5,97.3,3.5
97,36.6,99.4,4.3
78,34.9,96.5,0
80,36.4,97.2,0
90,36.9,95.7,15.6
92,36.2,95.7,2.2
94,36.2,98.6,0
60,36.5,96.3,0
63,36.5,97.8,0
76,36,95.5,0
66,36.6,91.5,10.8
87,34,98.9,0
92,36.5,95.4,8.8
99,36.5,98.5,4.7
96,36.4,99.5,0
95,36,99.4,0
95,36.2,96.3,1.9
90,36.3,98.1,0
87,36.8,98.9,6.3
92,36.8,99.4,6.8
80,36.3,95.8,0.4
84,36.2,99.2,0
91,36.6,98.5,4.3
94,36.5,99.2,1.8
87,36.8,97.2,9.7
98,35.9,96.3,0
97,36.3,95.1,6.9
89,36.3,95.7,3.3
85,36.9,95.5,14.5
91,36.7,86.2,30.9
82,36.4,97.2,0.2
80,36,98.5,0
84,36.2,97.6,0
80,36.7,98,4
85,36.2,97.4,0
80,36.7,95.5,9
87,36.5,96.9,4.3
92,36.6,97.7,6.2
87,36.9,99.9,6.3
92,36.5,99,1.6
94,36.6,99.8,2.6
77,36.6,95.8,5.5
90,36.8,95.3,14.4
79,36.7,96.4,6.9
78,36.8,90.8,19.8
84,36.5,97.9,1.4
85,36.8,98.9,5.7
92,36.3,96.2,3.2
88,36.3,99.6,0
81,36.6,98.2,1.9
77,36.1,98.9,0
84,36.9,95.3,14.6
91,36.7,98.3,6.7
95,36.4,96.4,5.7
94,36.6,95.2,11.8
88,38.4,97.7,41
87,36.6,96.1,7.9
93,36.3,97.6,0.7
94,36.2,97.3,0
101,36.4,98.9,2.5
85,35.9,95.5,0
92,36.7,97,9.6
82,37,90.6,25.4
79,36.5,97.5,0.7
83,36.8,97.8,7.3
77,36.5,97.8,0
83,36.6,97.5,3.9
84,35.7,95.3,0
86,36,99.7,0
91,36.1,96.6,0
87,36.4,100,0
85,36.3,99.2,0
84,36.3,95.8,1.6
86,37,100,7.8
86,36.6,99.6,0.6
92,36.2,98.2,0
88,36.1,94.3,1.8
93,36.3,97.1,1.7
88,36.3,98.3,0
86,36.4,96,3.8
86,36.2,95.6,0.6
82,34.9,95.2,0
91,36.2,96.6,0.1
80,36.4,97.2,0
77,36.1,98,0
84,36.5,99,0
91,36.5,97.9,3.5
87,37,96.8,14.5
86,36.4,96.3,3.2
85,35.9,95.1,0
87,36.7,98.8,4.5
85,36.9,98.8,7.9
87,36.7,98.9,4.3
85,36.7,96.8,7.9
78,37,98.4,8.6
80,36.5,96.6,2.8
83,36.3,97.5,0
85,36.3,96.2,1.1
86,36.9,96.7,12.4
86,36.9,99.9,6
86,36.2,97.9,0
92,36.2,97,0
88,36.5,97.2,4
86,34.5,96.2,0
86,36.6,89.8,20.2
79,36.7,92.9,13.9
61,36.4,95.3,0
85,37,96.9,13.7
85,36.4,92.5,10.5
81,36.3,94.5,3.3
85,36.8,96.7,10.1
82,36.4,95.5,3.6
69,36.5,95.1,2.5
76,36.6,96.1,4.6
83,36.6,90.9,17.1
81,35.9,96.7,0
83,36.7,97.1,6.7
85,36.7,97.6,6.3
92,36.5,96.6,6.4
88,36.7,96.2,10
86,36.5,97.3,3.2
85,36.4,96.3,2.9
86,36.5,99,0
73,36.4,99.1,0
83,37,97.4,12.1
85,36.5,95.1,7.3
85,36.4,98.8,0
92,36.4,96,5.6
82,36.4,99.1,0
79,35.8,98.9,0
90,36.5,96.2,6.6
82,36.6,95.6,7.4
92,36.4,96.5,4.6
82,36.5,99,0
73,36.6,97.1,1.7
77,36.6,98.4,0.3
83,36.7,96.4,8.1
101,36.5,95.2,11.9
87,36.1,95.2,0
78,36.5,95.4,4.6
91,36.5,95.4,8.5
82,36.5,98.2,0.2
80,37,99.2,7.6
90,36.8,96.4,12.2
81,36.1,96.6,0
80,36.6,95.9,6.2
78,36.8,97.5,6.4
80,36.3,96.5,0
85,36.6,90.4,18.7
86,36.6,96.9,6
82,36.3,96.7,0
79,37,95.4,14.9
78,36.4,99.4,0
73,36.9,96.9,8.1
77,36.5,95,5.1
78,36.5,98.9,0
86,35.9,95.2,0
87,36.7,96.9,8.3
86,36.7,98.6,4.6
80,36.8,92.7,16.6
84,36.8,99.5,4.2
82,36.6,96.8,5
78,36.8,96.8,7.8
79,36.3,98.4,0
73,36.9,98.8,4.3
77,36.8,99.6,1.9
78,36.9,96.4,10.6
79,36.4,95.8,2.1
77,36.9,99.5,4.1
73,37,95.1,13.7
88,36.3,99.1,0
83,37.2,98.8,13.3
85,36.5,97.7,2.1
80,36.2,95.1,0
78,36.9,98.9,5.6
84,36.7,96.8,7.6
81,36.8,96,10.3
99,36.5,95,11.7
101,36.5,96.4,9.5
67,36.2,95.7,0
75,36.1,96.9,0
75,36.9,95.2,12.1
66,36.5,97.6,0
75,36.6,95.6,5.3
73,36.5,90.4,13.1
79,36.4,97.1,0
80,36.4,96.7,0.6
73,36.4,97.4,0
75,36.9,97.8,6.9
78,36.8,98.2,5
84,36.6,98.5,2.2
74,36.6,95.7,4.8
89,35.9,97.2,0
81,38.1,96.7,34.9
79,36.4,99.9,0
84,36.8,95.5,12.2
86,37,97,13.8
76,36.6,97.8,1.2
72,36.2,95.4,0
82,36.3,91.4,9.8
77,36.2,98.6,0
84,34.6,99.4,0
80,36.6,96.8,4.4
80,36.9,97.8,8.4
79,36.7,99.8,0.1
61,36.6,99.2,0
74,36.6,99.9,0
83,36.7,92.4,16.1
79,36,98.2,0
78,37.1,97,13.4
73,36.1,95.7,0
78,37.1,96.1,15.2
80,36.5,99.7,0
83,36.3,98.9,0
85,36.4,95.6,4.3
93,36.6,95.3,11.3
103,36.5,98,6.9
90,36.3,95,5
87,36.3,99,0
95,36.4,96.7,5.1
83,35.9,96.6,0
91,36.6,97.7,5.9
81,36.3,99.7,0
81,36.6,96.9,4.5
80,36.6,96.4,5.2
84,36.2,99,0
80,36.5,96.7,2.6
79,36.5,98.7,0
79,36.2,98.1,0
78,36.3,99.4,0
79,37,96.4,12.9
83,36,96,0
85,36.7,97,7.5
92,36,96.7,0
82,36.2,97.7,0
79,36.4,95.5,2.7
79,36.3,99.1,0
92,36.3,96,3.6
93,36.6,98.3,5.3
83,36.2,98.1,0
77,36.8,98.3,4.5
80,36.5,95.6,4.8
81,36.5,97.9,0.5
68,36.6,97.9,0
88,36.3,96.8,0.8
83,36.3,97.8,0
79,36.6,98.5,0.7
83,36.6,97.6,3.7
57,36.5,98.8,0
77,36.5,99.3,0
76,36.1,97.2,0
83,36.2,98.4,0
80,36.6,95.8,6.4
79,36.6,97.4,2.9
78,36,95.1,0
79,36.5,98.7,0
79,37.1,99.6,8.5
78,36.9,95.8,11.8
77,36.5,94.8,5.5
78,36.6,97.5,2.4
90,36.5,96.4,6.2
83,36.7,98.6,3.7
74,36.7,99.1,6.75E-14
78,36.5,95.4,4.6
80,36.4,97.1,0
81,36.7,98.6,3.1
77,36.7,98.2,2.7
76,36.5,96.1,2.6
78,37.1,98.6,10.2
90,36,95,0
93,36.4,99,0
60,36.5,95,0
74,36.9,96.5,9.2
60,35.9,99.3,0
73,36.5,93.4,7.1
82,36.5,92.8,11
85,36.8,95.9,11.7
86,36.5,95.5,6.8
92,36,99,0
85,36.6,97.1,5.3
87,35.9,99.9,0
80,36.1,98.5,0
79,36.4,99.4,0
77,36.3,95.5,0.1
78,36.6,96.1,5.2
78,37.1,95.5,16.4
73,36.6,99.7,0
77,36.4,97,0
79,36.4,97.6,0
78,36.4,98.4,0
73,36.2,98.8,0
76,36.1,95.8,0
72,36.5,96.8,5.33E-15
75,36.3,96,0
72,36.8,98.9,1.8
82,36.1,97.4,0
74,36.6,97,2.2
77,36.3,99.2,0
73,36.1,99.6,0
73,36.2,99.9,0
77,36.6,99.8,0
98,36.4,95.8,7.8
103,36.6,95.2,14.5
102,36.2,96.6,3.4
112,36.8,99.8,12
89,36.1,96.7,0
82,36.3,95.9,0.8
83,34.4,99.4,0
82,36.4,98.1,0
85,36.2,98.8,0
92,36.5,98.5,2.6
94,36.6,96.6,9
77,36.5,97.3,0.5
80,36.8,98,6
87,36.9,98.1,9.9
93,37,99.3,11.3
80,36.7,99,2
84,36.4,97.7,0
82,37,95,16.6
92,36.2,97.6,0
65,36.9,93.5,12.5
87,36.7,98.1,5.9
86,36.5,98.6,0.6
93,36.2,99.6,0
94,36.8,98.4,9.4
84,36.3,97.2,0
87,36.2,99.3,0
86,36.9,96.1,13.6
86,36.8,96.6,10.6
81,36.2,97.3,0
79,36.5,98.4,0
73,36.2,96.4,0
79,36.8,99.5,2.7
77,36.6,99.8,0
83,36.5,97.8,1.3
87,36.3,96.9,0.3
70,36.9,99.8,1.4
80,36.6,98.2,1.6
76,36.4,96.6,0
71,35.9,99.5,0
75,36.4,98,0
89,36.4,99.5,0
79,36.8,99.2,3.3
78,36.6,95.5,6.4
78,36.4,91.2,11
72,36.7,99.2,0
72,37.1,97.3,11
71,36,99.6,0
70,36.7,95.9,5.2
75,36.3,95.9,0
71,36.5,97.5,0
71,36.1,97.5,0
65,36,92.2,0
68,36.7,98.7,0
68,36.3,98.7,0
71,36.8,95.5,8.3
68,36.5,96,0.4
66,36.9,98.8,2.2
67,36.4,96.9,0
68,36.6,93.4,7.6
66,36.3,96.4,0
64,36.1,96.4,0
66,36.6,98.1,0
67,36.7,96.7,2.7
68,36.6,97.1,0.2
65,36.6,99.8,0
66,36,96.8,0
65,36.6,98.9,0
64,36.5,99.9,0
63,36.6,96.1,0.7
63,34.8,99.6,0
64,36.4,96,0
65,35.9,95.6,0
65,36.5,99.1,0
64,36.5,99,0
64,36.3,98.3,0
64,36.8,95.4,6.4
65,36.6,91.8,9.9
63,36,99.3,0
65,36.5,95.5,0.5
63,36.1,96,0
65,36.5,97,0
63,36.7,97.5,0
64,36.2,97.1,0
63,36.5,97.9,0
66,36.2,98.5,0
67,36,95.2,0
86,36.4,95.9,4
76,36.6,97.5,1.8
78,36.5,97.7,0
68,36.3,97.2,0
70,36.6,98.5,0
71,36.7,98,1.3
71,36.7,98.9,0
71,36.6,96,3.3
78,36.4,96.1,1.2
73,36.7,96.5,4.9
79,36.7,86,27.7
77,36.3,95.8,0
79,36.2,96.7,0
73,36,98.4,0
79,36.4,97.2,0
78,36,95.7,0
67,38.2,97.2,31.7
70,36.6,97.6,0
76,36.4,97.7,0
77,36.7,95,9.1
79,36.4,96.3,1.1
80,34.5,98.8,0
76,36.2,99.5,0
61,36.3,98.3,0
76,36.3,97,0
78,36.2,96.5,0
79,36.3,98.8,0
78,36.5,97.3,0.8
80,36.3,97.4,0
80,36.4,96.6,0.8
76,36.5,99.4,0
80,36.5,96.3,3.4
76,36.8,99,2.8
78,36.3,99.8,0
78,36.6,96.4,4.6
72,36.7,98.2,1.2
76,36.8,96.3,8.2
80,36.5,97.6,0.8
78,36.2,92.5,4.4
80,36.7,99.3,1.4
79,36.5,98.7,0
79,36.3,99.8,0
83,36.6,95.5,7.9
82,36.8,98.5,5.6
74,36.6,97.2,1.8
79,36.5,97.9,0
83,36.5,97.8,1.3
79,36.4,97.7,0
78,36.1,90.2,7
80,36.9,90.3,23.4
84,36.8,98.5,6.2
74,36.1,95.2,0
83,36.6,96.8,5.3
73,36.6,90.5,14.9
71,36.5,99.8,0
76,36.6,95.8,5.2
76,36.1,96.7,0
80,36.2,95.4,0
78,36.3,95.4,0.6
56,36.7,95.4,2
78,36.2,95.8,0
84,36.2,97.5,0
92,36.3,99.6,0
77,36.4,98.9,0
78,36.3,93.3,4.8
83,36.6,97.4,4.1
91,36.2,97.6,0
76,36.6,96.8,3.2
67,36.9,95.3,9.5
77,36.5,97.1,0.9
75,34.2,98.3,0
79,36.7,97.9,3.9
74,36.5,99.8,0
67,36.2,95.5,0
65,36.2,97.9,0
95,36.4,95,8.5
103,36.8,93,22.9
86,36.2,96.9,0
81,36.6,97.4,3.5
70,37,96.2,10.6
66,36.3,97.4,0
79,36.4,96.2,1.3
72,36.8,99.7,0.2
69,36.4,99,0
83,36.7,96.2,8.5
73,36.5,96,1.9
68,36.3,95.7,0
72,36.3,99.4,0
71,36.3,92.8,3.7
64,36.8,96.1,5
68,36.1,95,0
96,36.1,96.5,0
98,36.8,98.3,10.8
72,37,96.8,10
63,36.4,99.5,0
63,36.5,99.6,0
73,36.6,97.7,0.5
64,36.6,99.5,0
72,36.6,98.3,0
77,36.3,98.9,0
77,35.9,96.8,0
84,36,96.9,0
68,36.3,97.2,0
65,36.6,99.7,0
64,36.8,98.4,0.4
63,36.8,99,0
72,36.4,96.1,0
79,36.5,96.9,1.9
68,36.8,97.7,3
64,36.3,99.2,0
69,36.9,97.5,5.7
73,36.4,97,0
69,36.4,96,0
67,35.9,95.2,0
65,36.8,95.5,6.5
69,36.6,97.9,0
66,36.9,95.2,9.4
67,36.7,98.1,0
63,36.3,96.9,0
64,36.8,95.9,5.4
62,36.3,97.4,0
63,36.2,95.1,0
64,36.3,96.9,0
62,36.6,99.4,0
60,36.4,98.8,0
61,36.4,97.4,0
65,36.4,99.2,0
70,36.7,99.8,0
66,36.7,99.6,0
64,36,96.1,0
62,36.3,97,0
69,37,95.2,12.3
65,36.4,96.3,0
71,36.8,95.9,7.5
66,36.8,96.2,5.4
77,36.8,95.2,10.7
67,36.6,98.2,0
65,36.5,98.5,0
66,36.9,96.3,7.2
62,36.5,91,8.6
71,36,96.3,0
64,36.4,97.7,0
59,36.9,96.3,5.1
71,36.1,96.7,0
63,36.7,97.6,0
63,36.4,94.7,0
64,36.6,97.2,0
86,36.3,98.5,0
70,37,99.9,3.2
74,37,99.3,5.6
65,36.1,97.1,0
64,36.2,99.8,0
60,36.5,98.2,0
61,36.7,97.1,0.1
72,35.9,96.6,0
67,36.4,96.5,0
88,37.1,98.4,13.6
83,36.8,96.2,10.5
68,36.9,99.9,0.6
65,36.5,97.6,0
72,36.7,95.8,6
68,36.3,99.8,0
68,36.5,96.7,0
63,36.6,93.4,6.1
61,36.5,92.4,5.5
63,37.1,100,2.9
72,37,98,7.6
66,36.8,96,5.8
58,37,95.6,8.2
85,36.6,99.9,0
78,38.3,98.3,34.8
70,36.7,96.3,4.4
63,36.3,97,0
61,36,97.2,0
59,36.1,98,0
59,36.2,90.3,3.1
56,35.5,93.5,0
61,36.6,99.9,0
63,36.8,99.5,0
61,36.5,99.5,0
60,36.8,97.2,1.6
72,36.2,98.3,0
77,36.4,95.9,1.3
72,36.4,98.9,0
60,36.8,96.7,2.6
79,36.2,95.6,0
64,36.7,98.4,0
82,36.7,98.5,3.6
72,36.8,91.5,16.6
69,36.6,99.7,0
65,36.8,96.8,3.9
64,36.7,95.6,4
64,36.7,95.3,4.6
61,37.1,95.9,10.5
61,36.5,98.7,0
58,36.7,99.7,0
68,36.3,98.8,0
61,36.3,96.3,0
61,36.3,98.1,0
57,36.7,97.9,0
57,36.5,95.6,0
58,36.5,99.3,0
64,36.3,97.6,0
58,36.3,99.4,0
62,36.5,95.1,0.4
71,36.6,97.9,0
65,35.7,97.3,0
64,36.6,95.3,2.6
66,36.5,96.8,0
64,36.5,95.7,0
68,36.7,99,0
64,36.3,96.2,0
64,36.2,92.5,0.2
61,36.1,95.7,0
60,36.8,91.5,13
61,36.3,97.3,0
61,36.2,96.4,0
72,36.6,95.7,4.2
59,36.8,97.7,0.3
58,36.6,95.5,0.4
56,36.6,97,0
62,36.4,99.7,0
57,36.9,97.6,1.9
55,36.7,97.6,0
55,36.5,93.8,0.9
55,36.1,98.2,0
57,37,98.3,2.5
56,36.3,97.3,0
55,36.6,98.9,0
55,38.9,98.5,39.5
55,36.8,99.3,0
57,37,97.1,4.9
59,36.7,97.4,0
58,36.7,93.4,6.6
57,36.5,99.8,0
58,36.2,96.7,0
56,36.5,96.9,0
55,36.7,97.1,0
55,36.5,96.2,0
55,36.8,95.9,2.7
55,36.2,96,0
55,36.4,92,2.5
54,36.5,98.5,0
56,36.7,95.2,2.4
59,36.4,96.6,0
59,36.3,99.5,0
62,36.6,99.1,0
63,36.5,95.1,0.7
61,35.8,99.9,0
60,36.6,97.5,0
59,36.4,91.8,4.1
62,36.8,99,0
63,36.8,96.7,3.5
64,36.9,97.5,4.2
57,36.2,98.3,0
59,37,99.9,0
56,36.6,98.5,0
62,37.3,96.3,14
68,38,95.1,32.2
72,36.7,95,7.6
63,36.3,95.7,0
62,36.8,95.4,5.8
69,36.6,95.5,3.7
66,37,95.3,11.2
65,36.7,91.4,12.7
66,36.6,96.6,0.6
67,35.9,98.1,0
67,36.2,99.6,0
66,36.6,96,1.8
63,36.9,96.3,6.3
61,36.1,85.6,11.1
61,36.6,97.7,0
64,35.9,95.4,0
63,36.6,96.3,0.3
64,36.4,98.5,0
67,36.2,97.2,0
67,36.5,95.7,0.7
69,36.5,98.2,0
69,36.4,98.7,0
68,36.5,99.9,0
68,36.5,98.2,0
67,36.7,98.8,0
66,37,96.8,8.2
70,36.5,98.2,0
68,36.6,99.4,0
67,36.2,98.1,0
69,37.3,97.1,14.5
68,36.4,96.1,0
67,36.4,91.2,7.7
64,36.5,99.6,0
66,36.5,97.6,0
66,36.5,97.7,0
66,36.1,99.5,0
65,36.2,97.1,0
65,36.6,98.6,0
65,36.8,96.8,3.9
61,36.6,99.2,0
63,36.2,95.1,0
60,36.5,98.1,0
62,35.9,98,0
65,37.1,96.9,9.7
63,36.2,95.9,0
64,36.2,96,0
66,36.8,95.3,7.2
62,36.8,97.7,1.2
64,36.6,95.1,3
64,36.4,96.4,0
63,36.6,90.4,12.1
65,36.3,98.4,0
63,36.4,95.3,0
62,36,97.2,0
63,36,99.7,0
61,36.7,99.4,0
64,36.5,95.1,1
64,36.6,98.7,0
60,36.1,97.4,0
63,36.1,95.9,0
63,36.3,99.7,0
64,36.9,99.4,0.4
65,36.7,96.6,2.3
65,36.4,95.3,0
64,37,97.2,6.8
63,36.4,98.4,0
64,36.1,95.8,0
68,36.2,96.6,0
62,36.7,95.6,3.4
61,36.2,95.4,0
58,36.6,95.1,1.2
60,36,95.2,0
59,36.6,98.2,0
59,36.1,98.7,0
59,36.4,99.2,0
59,36.6,99.9,0
58,36.3,96.6,0
60,36.2,96.5,0
61,36.2,96.9,0
79,36.4,95.2,3.3
66,37.1,96,11.8
62,36.5,98,0
64,36.5,96.7,0
66,36.8,93.2,11.4
69,36.8,99.1,0.5
67,36.7,86.1,23.9
75,36.4,95.8,0.9
73,36.7,95.5,6.9
77,36.6,95.8,5.5
69,36.1,99,0
71,36.6,97.2,0.9
69,36.2,100,0
71,36.5,99.6,0
71,36.3,97.2,0
88,36.5,97.2,4
73,36.1,95.2,0
72,36.8,96.7,6.2
69,36.3,96.4,0
66,36.7,99.5,0
67,35.9,97.9,0
72,36.1,100,0
76,36.5,96.2,2.4
72,36.7,95.6,6.4
75,36.1,96.7,0
77,36.1,98.2,0
71,36.2,99.8,0
70,36.3,96.8,0
67,36.9,91.3,17.5
67,36.5,96.6,0
70,36.5,95.9,1.2
66,36.7,98.9,0
67,36.5,97.2,0
63,36,96.9,0
63,36,95.4,0
63,36.1,97.9,0
69,36.4,97.9,0
65,36.6,96.1,1.3
67,36.4,95.4,0
64,36.5,96.7,0
68,36.9,96.3,7.8
67,36.4,98,0
63,37,87.2,26.5
67,36.3,95.9,0
69,36.3,95.6,0
68,36.6,99.5,0
68,36.1,95.9,0
68,36,98.3,0
70,36.7,97.1,2.8
68,36.7,98.7,0
66,36.3,96.5,0
68,34.9,99.7,0
69,36.2,96.4,0
70,36.8,99.6,0
68,36.4,99.9,0
70,37.3,99.1,10.8
66,36.2,95,0
68,36.2,95.1,0
64,36.2,98.5,0
63,35.9,99,0
64,37,97.8,5.6
67,36.7,98,0.1
66,37,95.9,10
62,36.2,95.5,0
63,36.4,96.9,0
63,38.1,99.6,23.7
62,36.7,95.6,3.4
61,36.9,97.7,2.9
61,36.1,93.8,0
61,36.3,86.2,13.9
63,36.4,96.7,0
60,36.8,96.7,2.6
60,36.5,96.6,0
63,36.1,95.4,0
63,36.1,96.3,0
64,36.3,96.4,0
65,36.9,98.5,2.5
65,36.3,100,0
64,36.6,91.3,10.6
62,36.2,97.7,0
63,36.6,99.1,0
64,36.5,96.6,0
64,35.7,98.3,0
64,37,95.9,9.4
63,36.2,95.1,0
62,36.3,96.2,0
60,36.6,96.8,0
61,36,98.9,0
61,36.3,99.4,0
63,36.5,95.9,0
60,36.6,97,0
74,36.7,97,4.2
65,36.9,94.7,10.1
64,36.5,98.6,0
60,36.7,94.5,5
60,36.4,98.6,0
72,36.7,98.7,0.2
61,36.4,97.6,0
57,36.7,99.9,0
59,37,95.1,9.5
57,36.8,95.3,4.5
56,36.7,98.4,0
56,36.4,96.5,0
55,36.4,86,14.5
56,36.2,97.7,0
56,36.7,96.5,0
57,36,95.1,0
55,35.8,96.3,0
62,36.5,96.5,0
59,36.5,95.3,0
63,36,97.4,0
61,36.3,98.2,0
63,36.3,97,0
59,36,98.7,0
59,36.8,98.1,0
56,36.5,95.3,0
57,36.4,95.3,0
57,36.5,97.7,0
57,36.2,98.4,0
57,36.2,95.6,0
56,36.5,99.5,0
55,36.2,98.4,0
61,36.5,97,0
62,36.2,99.5,0
62,36.4,97.7,0
69,36.8,97,4.7
66,36.9,96.9,6
65,36.3,97.6,0
55,36.4,97.4,0
58,36.4,95.8,0
62,36.8,96.3,4
61,36.7,99.5,0
66,36.5,97.3,0
67,36.2,91.6,2.9
77,37.2,99,11.1
79,36.8,98.9,3.9
99,36.6,97,9.7
97,35.8,97.8,0
87,36.3,97.8,0
75,36.1,88.4,9.7
72,36.8,97.2,5.2
69,37,95.3,12.1
70,35.9,99.1,0
66,36.6,95.4,3
68,36.8,95.3,7.8
75,36.8,96.3,7.9
69,36.8,95.3,8.1
68,37,96.6,9.2
67,36.7,91.7,12.7
64,36.9,99.9,0
65,36.2,98.7,0
75,36.4,95.3,1.9
71,37.1,95.8,13.7
67,36.2,99.8,0
65,36.4,99.8,0
67,36.9,95.4,9.3
65,36.8,97.6,2.3
69,36.4,99.1,0
65,38.8,93.4,50.7
61,36.7,97.7,0
62,36.8,99.5,0
67,36.1,95.3,0
65,34.9,99.5,0
64,36.6,97,0
73,36.8,96.6,6.7
63,35.9,95.5,0
66,36.1,98.6,0
62,36.6,95.9,0.8
69,36.2,99.7,0
63,36.3,97.7,0
63,36.7,98.1,0
57,36.6,96.1,0
60,36.3,98,0
62,35.9,96.3,0
58,36.1,98.2,0
62,36,95.3,0
61,37.2,96.6,11.1
63,36.6,97.3,0
64,36.5,96.7,0
63,36.4,96.1,0
63,36.5,98.9,0
60,36.4,97.4,0
56,36.3,98,0
57,36.3,98.4,0
64,36.5,96.5,0
65,36.3,97.3,0
63,36.7,95.2,4.5
68,36.6,95.2,4
67,36.6,98.9,0
70,36.8,96.9,5.2
65,36.3,96.1,0
61,36.5,99.8,0
59,37.2,100,3.7
61,36.7,92.9,8.5
56,36.7,99.3,0
56,36.6,96.2,0
63,36.8,98.2,0.5
61,36.8,99.7,0
64,36.3,98.3,0
57,36.2,99.9,0
107,36.2,97.2,3.7
69,36.9,96.1,8.5
65,36.1,99.8,0
52,36.8,99.5,0
63,36.3,95.9,0
66,36.3,98.8,0
59,36.2,92,0
63,36.1,99.7,0
56,36.5,98.8,0
62,36.6,97.1,0
63,34.5,96.5,0
64,36.4,96.6,0
60,36.7,99.8,0
63,36.3,95.7,0
64,36.6,95.3,2.6
62,36.1,99,0
60,36.7,95.5,3
61,36.5,96.9,0
64,36.3,96.4,0
63,36.8,97.3,2.3
65,36.4,96.9,0
67,35.9,96,0
65,36.8,94.3,8.9
63,36.4,98.3,0
64,37.1,97.8,7.6
64,36.9,96.8,5.6
65,36.6,98,0
62,36.6,92.5,7.6
63,36.6,98.5,0
64,36.7,97.7,0
65,36.4,98.2,0
64,36.5,95.5,0.2
77,36.5,99.1,0
68,36.6,97.3,0
65,36.3,99.4,0
64,36.2,97.2,0
63,36.6,97.2,0
64,36.3,95.5,0
64,36.4,95.9,0
60,36.6,98.8,0
59,36.8,97.1,1.5
60,36.6,97.3,0
61,36.2,97.5,0
61,36.6,95,2.3
62,34.9,97.5,0
63,36.8,97.3,2.3
61,36.6,96.3,0
62,37.1,90.4,21.8
64,36.5,95.9,0
65,36.3,98,0
64,34.2,92.6,0
63,35.9,98.4,0
64,36.1,97,0
57,36.6,99.6,0
73,38.9,97.8,46.3
67,36.3,97.8,0
64,36.6,95.9,1.4
62,36.3,98.8,0
58,35.9,95.3,0
66,36.3,98.9,0
64,36.3,95.2,0
62,36.3,99.9,0
57,36.7,95.8,1.5
58,36.6,98.8,0
64,36,96.7,0
69,35.6,95.2,0
65,36.5,95.6,0.3
62,36.7,96.8,1
68,38.6,96.1,42.2
62,36.7,95.5,3.6
67,36.3,98.7,0
69,36.3,99.2,0
59,36.9,97.3,3.1
62,36.3,98.1,0
66,38.1,96,31.8
65,36.4,96.2,0
64,36.5,97.8,0
65,37,95.2,11.1
66,36.4,98,0
68,36.1,99,0
67,36.5,99.2,0
69,36.5,94.3,4.1
68,36.6,92.8,8.8
70,36.1,99.3,0
67,36.5,98.9,0
64,37.4,99.8,9.6
66,36.6,98.7,0
58,36.7,96.9,0
67,35.4,98.8,0
68,36.4,96.3,0
64,36.3,98.2,0
62,36.5,96.3,0
66,36.4,97.7,0
61,36.1,94.3,0
63,36.7,95.9,3.1
64,35.9,92.1,0
65,36.7,98.7,0
66,36.5,98.2,0
64,36,99.5,0
66,36.3,95.8,0
62,36.9,97.7,3.2
67,36.8,99.5,0
53,36.9,97.5,0.9
59,36.2,97.9,0
62,36.5,95.7,0
63,36.5,95.3,0.3
64,36.9,95.7,7.8
62,36.7,95.6,3.4
61,36.7,95.2,3.9
63,37.1,100,2.9
64,35.8,96.4,0
62,35.8,97.4,0
63,36.2,96.1,0
62,36.4,97.6,0
62,36.6,98.3,0
61,36.6,97.1,0
61,36.5,98.9,0
61,36.3,95.8,0
60,36.9,96.2,5.6
73,36.1,97.1,0
63,36.4,98.6,0
61,36.6,97.4,0
63,36,99.4,0
66,36.5,97.1,0
64,36.5,89.2,12.8
65,36,99.9,0
65,37.2,97.1,11.3
61,36.9,96.8,4.7
79,36.4,99.1,0
74,36.8,95.4,9.4
76,36.5,97,0.8
71,36.4,98.2,0
67,36.1,96.4,0
65,36.8,98.7,0.1
63,36.7,97.4,0.1
64,36.8,95.8,5.6
65,36.1,98.2,0
65,34.3,98.8,0
66,36.5,96.1,0
67,36.5,97.4,0
66,36.2,97.4,0
65,36.6,100,0
74,36.3,96.7,0
76,36.2,96.2,0
82,36.7,95.3,10
74,36.6,97.4,1.4
64,36.8,99.5,0
65,36.6,98.2,0
65,36.7,98.6,0
66,36.5,98.5,0
64,36.4,98,0
65,36.7,98.5,0
70,36.8,95.1,8.8
70,36.6,92.9,9.2
71,35.5,96.2,0
59,36.2,96.8,0
56,35.9,97.1,0
61,37,97.3,5.7
57,36.6,98.4,0
55,38.8,99.6,35.3
57,36.6,99.1,0
72,37,99.9,3.8
94,36.5,98.9,2.4
101,35.6,96.2,0
83,36.3,96.6,0
86,36.7,97.4,7
75,36.3,98,0
74,36.5,99.9,0
74,36.3,97.5,0
77,36.7,99.6,0
75,36.6,98.5,0
76,36.4,99.7,0
77,36.6,97.2,2.7
84,37.3,95.7,21.8
82,36.7,96,8.6
79,36.2,96.2,0
78,36.7,98.3,2.8
78,36.6,98.6,0.2
93,36.7,96.2,11.5
86,36.8,97.5,8.8
93,36.9,96.6,14.7
80,36.3,98.8,0
81,36.9,96.4,11.5
79,36.2,96.9,0
80,36.1,96.8,0
82,36.7,95.8,9
85,36.5,99.5,0
85,36.8,99.2,5.1
97,36.5,97.6,5.9
95,36.4,99.9,0
82,36.4,95.3,4
84,36.8,98.3,6.6
86,36.3,95.3,3.2
80,36.1,96.1,0
79,36.5,96.4,2.9
78,36,95.6,0
96,36.6,96.7,9.4
97,35.8,97.4,0
95,36.2,97.6,0
85,36.5,99.6,0
78,36.9,95.9,11.6
90,36,99.8,0
87,37,98.5,11.1
78,36.2,97.7,0
90,35.9,98.3,0
87,36.5,98.2,1.7
92,36.5,99.7,0.2
84,36.3,97.5,0
82,36.1,98,0
88,36.5,96.1,6.2
99,36.2,99.5,0
103,36.4,98,4.9
102,36.5,95.1,12.4
92,36.4,99.5,0
80,36.2,95.1,0
78,37,98.3,8.8
79,36.9,95.2,13.3
90,36.4,95.6,5.8
87,36.3,95.7,2.7
79,36.1,96.7,0
91,36.6,95.8,9.7
87,36.8,99.8,4.5
86,36.8,95.3,13.2
86,36.5,95.6,6.6
85,36.8,90.1,23.3
80,36.8,96,10
79,36.3,95.5,0.7
76,36.3,100,0
77,37.1,95.5,16.1
90,36.6,90.9,19.2
85,36.5,97.6,2.3
84,36.4,99.4,0
85,36.7,95.3,10.9
86,36.2,97.5,0
86,36.4,98,0
85,36.8,99.3,4.9
92,36.7,98.1,7.4
87,36.6,96.6,6.9
86,36.6,98.5,2.8
86,36.6,93.1,13.6
86,36.1,96.6,0
85,36.4,99.4,0
90,36,95.7,0
82,36.6,99.7,0
85,36.3,98.2,0
86,36.5,96.5,4.8
85,36.6,99.8,0
78,36.8,99.5,2.4
84,35.9,97.7,0
85,36.7,94.3,12.9
92,36.4,97.8,2
93,36.2,95.1,3.7
88,36.3,96.1,2.2
87,36.6,96.5,7.1
86,36.7,98.6,4.6
85,36.8,96,11.5
86,36.2,97.9,0
92,36.9,99.8,8
94,36.5,99.7,0.8
60,36.4,97.6,0
76,36.3,95.3,0.2
89,36.6,98.6,3.5
64,36.4,97.1,0
79,36.5,95.8,4.1
90,36.7,95.2,12.6
76,36.9,96.3,10.2
55,36.6,95.9,0
67,36.2,96.2,0
86,36.5,96,5.8
88,36.8,96.2,12
92,36.7,96.5,10.6
95,35.9,97.3,0
82,36.5,97.7,1.2
91,36.4,97.2,2.9
84,36.2,97.4,0
91,36.5,96.8,5.7
93,36.6,99.1,3.7
89,36.6,96.5,7.7
94,36.6,95.9,10.4
83,36.5,96,4.9
91,36.1,92.5,6.3
87,36.6,99,2.1
94,36.4,95.1,8
95,36.4,95.8,6.9
99,36.6,97.8,8.1
111,36.1,95.4,6.5
109,36.7,95.8,17.1
87,35.6,98.8,0
86,35.7,98.9,0
88,36.5,96.6,5.2
85,36.3,99.6,0
92,36.5,98,3.6
65,36.7,97.8,0
86,36.3,98.5,0
80,36.3,97.3,0
79,36.6,99.2,0
83,36.6,96.4,6.1
92,36.4,95,7.6
82,37.1,100,8.6
91,37.2,99,15.3
94,36.5,95.6,9
84,36.8,99.7,3.8
86,36.7,97.5,6.8
92,36.5,96.1,7.4
91,36.6,96.1,9.1
93,36.7,95.2,13.5
95,36.8,98.7,9.1
94,36.9,99.7,8.8
94,36.4,99.9,0
90,36,100,0
93,36.5,95.7,8.5
94,36.4,96.1,6
93,36.3,96.3,3.3
100,36.3,95.2,7.6
88,36.5,94.5,9.4
79,36.4,97.2,0
77,34.8,97.7,0
75,36.6,98,0.5
77,36.7,96,7.1
79,36.8,96.3,9.1
77,36.2,97.4,0
79,36.4,91.5,10.7
73,36.3,94.3,1.3
77,36.5,98.9,0
78,36.2,95.9,0
77,36.3,95.3,0.5
77,36.5,97.6,0
78,36.2,99.1,0
78,35.9,99.5,0
75,36.2,99.9,0
78,36.7,94.8,9.8
77,36.5,97.5,0.1
83,36.4,97.6,0
85,36.8,96.3,10.9
88,37,98.3,11.8
92,36.3,96.4,2.8
97,36.5,99.1,2.9
107,36.6,99.3,7.5
92,35.8,95.7,0
91,36.5,97,5.3
83,36.3,98.3,0
79,36.6,95.9,5.9
84,36.7,98.7,3.8
91,36.7,99.3,4.7
82,36.5,95.7,5.2
76,36.4,99.9,0
78,36.1,97.3,0
79,36.7,99.1,1.5
79,36.3,92.2,7.3
79,36.5,99.8,0
73,36.1,98,0
79,36.8,95.7,10.3
76,36.3,98.3,0
83,36.1,99.8,0
83,36.5,98.4,0.1
82,36.7,97.8,5
78,36.7,96,7.4
73,36,97.3,0
70,36.4,97,0
68,36.3,97.6,0
62,36.3,98,0
75,36.4,97.7,0
80,36.3,97.4,0
86,36.2,96.2,0
100,36.4,96.2,7.6
84,36.6,95.2,8.8
69,36.2,91.7,3.3
69,36.6,95.4,3.9
65,36.6,95.5,2.5
66,36.4,96.8,0
93,36.6,97,7.9
97,36.6,96.6,9.9
103,36.7,96.4,14.1
103,36.8,91.8,25.3
106,36.4,96.4,9
107,36.3,97.4,5.3
93,36.7,95.1,13.7
89,38.4,99.7,37.3
87,37,97.6,12.9
87,36.3,95.5,3.1
90,38.3,95.8,43.4
93,36.6,97.5,6.9
97,36.5,99.4,2.3
103,36.9,98.3,14.3
100,36.7,99.9,6.2
99,36.7,95.8,14.1
95,36.8,97.6,11.3
100,36.1,98.1,0
93,36.4,99.4,0
93,37.2,99.2,15.5
84,36.3,99.4,0
83,36.2,99.2,0
87,37,98.5,11.1
79,36,99.6,0
97,36.1,98.3,0
94,36.1,97.2,0
87,36.6,95.6,8.9
98,36.6,98,7.4
88,36.2,95.4,1.6
118,36.2,96.1,9.2
128,36.7,97.3,19.8
93,35.9,92,3.9
88,36.1,99.9,0
90,36.7,95.6,11.8
98,36.1,99.1,0
84,36.5,98.6,1.07E-14
85,36.6,96.4,6.7
86,36.1,95.9,0
90,36.9,97.7,11.6
99,36.3,99.1,0
104,36.4,97.7,5.8
109,36.2,100,0
108,36.7,95,18.4
111,36.5,96,13.3
97,35.7,99.2,0
104,36.9,97.3,16.6
105,36.9,95.1,21.3
93,36.7,100,3.9
91,36,97.4,0
91,36.7,95.1,13.1
90,36.6,100,1
86,36.9,99.8,6.2
84,36.3,98,0
84,37,98,11.2
82,36.6,98.7,1.2
79,35.9,98.4,0
78,37.2,99.9,9.6
79,36.3,99.1,0
86,36.5,96,5.8
81,36.6,98.7,0.9
83,36.1,95.7,0
102,36.6,95.3,14
103,36.8,95.9,17.1
101,37,97.2,17.9
99,36.4,99.4,0.9
97,36.3,98.6,0
88,36.2,99.9,0
86,36.5,96.5,4.8
94,36.8,95.7,14.8
93,36.1,97.7,0
86,36.5,99.1,0
95,36.6,96,10.5
99,36.2,96.8,2.1
81,36.6,96.2,5.9
81,36.4,97.6,0
74,36.6,97,2.2
83,36.7,91.6,17.7
88,36.4,96.6,3.2
90,36.3,92.4,10.2
93,36,95.9,0
79,36.9,97,9.7
74,36.6,96,4.2
83,36.6,95.2,8.5
80,37,99.6,6.8
84,36.1,99.1,0
86,36.7,97.7,6.4
80,36.7,99,2
79,36.7,96.5,6.7
91,36.4,97.7,1.9
81,36.3,98.1,0
85,36.5,97,3.5
80,36.7,98.2,3.6
78,36.4,97.9,0
80,36.5,90.1,15.8
73,36.8,98.1,3.7
72,36.4,98.9,0
77,36.5,95.7,3.7
76,36.3,99.5,0
78,36.5,95.7,4
82,36.5,97.8,1
81,36.5,97.4,1.5
77,36.7,99.2,0.7
86,36.6,96.6,6.6
90,36.3,96.7,1.6
83,36.3,98.6,0
78,36.2,97,0
79,38.2,95.2,39.3
72,36.8,99.1,1.4
71,36.4,97.2,0
71,36.5,98.3,0
66,36.5,98.7,0
87,34.9,99.2,0
80,36.5,98.3,0
89,36.4,95.6,5.5
87,36.3,99,0
75,35.8,95.6,0
69,36.4,98.2,0
71,36.5,97.4,0
80,36.9,98.8,6.4
74,36.6,97.6,1
72,36.5,98.6,0
70,36.7,96.5,4
71,36.8,87.4,24.5
103,36.3,95.2,8.5
89,36.4,97.9,0.9
88,36.3,99.8,0
91,36.8,98.8,7.7
92,37.1,98.2,15.2
81,36.4,96.8,0.7
85,36.7,99,3.5
91,36.3,97.4,0.5
92,36.7,98.3,7
96,36.3,96,4.8
92,36.8,95.5,14.6
91,36.5,99.2,0.9
89,36.4,97,2.7
96,36.4,92.1,14.6
98,36.2,97.3,0.8
81,37,95.4,15.5
91,36.5,96.5,6.3
85,36.5,96.2,5.1
92,36.5,97.2,5.2
80,36,95.8,0
98,36.2,97,1.4
96,36.6,95.9,11
101,38.2,96.1,44.1
90,36.5,96.2,6.6
83,36.2,96.5,0
85,35.8,98,0
78,37.1,98.6,10.2
73,36.6,95,5.9
79,36.3,96.4,0
84,36.6,98.5,2.2
80,36.2,95.5,0
81,36.4,99.7,0
77,36.4,99.2,0
79,36.4,96,1.7
77,36.5,96.4,2.3
100,36,95.2,1.6
104,36.9,98.6,14
103,36.8,86.1,36.7
100,36.6,95,14
90,36.4,99.7,0
93,36.6,95.2,11.5
84,37.1,95.7,17.8
91,36.3,95.8,3.7
87,36,96.7,0
98,36.4,95.2,9
99,36.5,96,9.7
98,36.3,99.1,0
99,36.7,98.5,8.7
95,36.6,96,10.5
95,36.3,99.9,0
94,36.4,98.6,1
93,36.6,97.4,7.1
94,36.5,95.4,9.4
100,36,96.8,0
95,36,98.4,0
96,36.7,97.2,10.4
61,37.4,90.5,27.3
83,36.7,99.9,1.1
82,36.9,95.9,12.8
96,36.7,88.3,28.2
89,36.7,96.6,9.5
96,37,97.5,15.8
105,36.6,98.3,8.9
109,37,95.8,23.1
98,36.9,95.6,18.2
86,36.3,95.7,2.4
102,36.5,97.4,7.8
111,36.7,96.3,16.7
95,36.5,97.8,4.9
77,36.8,96.3,8.5
79,36.4,99.6,0
80,36.7,99.5,1
79,34.8,94.9,0
80,36.6,98.1,1.8
79,36.3,85.4,20.9
90,37.1,98.8,13.4
76,36.8,96.2,8.4
77,36.3,97.2,0
90,36.7,97.5,8
81,39,99.7,46.9
78,36.7,97.8,3.8
78,35.8,97.9,0
78,36.5,96.3,2.8
78,36.3,95.3,0.8
79,36.2,95.3,0
81,36.1,95.9,0
84,36.7,95.1,11
91,36.5,95.3,8.7
100,36.1,96,2
85,36.4,95.2,5.1
81,36.7,95.3,9.7
94,36.4,98.5,1.2
98,36.8,98.5,10.4
107,36.4,95,12.1
105,36.5,98.7,6.1
109,36,99.9,0
107,36.1,98.8,0
108,36.4,95.4,11.6
84,37.1,96.1,17
96,36.6,99.2,4.4
106,36.1,98.3,0
108,36.1,95.5,5.4
81,35.9,96.2,0
74,36.6,96.4,3.4
75,36.2,98.6,0
77,36.9,97.6,7.9
80,36.3,99.2,0
73,36.7,95.7,6.5
72,36.9,99.7,2.2
72,37.1,96.5,12.6
88,36.5,97.4,3.6
84,36.8,95,13.2
80,35.8,98.6,0
86,36.9,95.3,15.2
83,36.7,97.2,6.5
57,36.5,95.5,0
71,36.4,96.5,0
85,36.2,96.4,0
95,36.6,95.3,11.9
83,36.4,96.9,1.1
76,36.4,98.1,0
75,36.8,99.5,1.5
78,36.7,99,1.4
79,36,99.4,0
80,36.8,96.5,9
97,37.1,99.4,14.3
92,36.8,97.2,11.2
77,37.1,98.9,9.3
98,36.6,97.5,8.4
102,36.6,99.5,5.6
106,36.3,98.5,2.8
99,36.2,97.2,1.3
85,36.1,95.3,0
86,36.9,99.4,7
89,36.7,97,8.7
96,36.8,97.2,12.4
83,36.8,98.9,5.1
79,36.7,97.2,5.3
78,36.1,97.4,0
77,36.9,97.2,8.7
72,36.3,90.8,8
88,36.1,99.7,0
89,36.2,95.9,0.9
91,35.9,96.7,0
90,36.5,96.3,6.4
95,36.8,99.7,7.1
102,36.2,96.6,3.4
84,34.1,99.9,0
80,36.7,97.7,4.6
78,36.5,92.9,9.6
95,37,95.5,19.5
80,36.7,95.1,9.8
84,36.3,97.7,0
97,36.4,98.2,2.7
95,36.7,94.5,15.5
88,36.6,99.8,0.8
82,36.6,97.7,3.2
89,36.6,98.4,3.9
99,36.6,97.8,8.1
82,36.5,97.2,2.2
77,36.8,97.1,6.9
78,36.4,98,0
74,36.5,96.1,2
91,35.9,92.3,2.7
97,36.7,100,5.1
101,36.5,99,4.3
95,36.4,96.1,6.3
72,36.6,95.1,5.4
95,36.9,97.9,12.7
94,35.7,98.5,0
85,36.5,99.8,0
81,36.8,96.6,9.1
86,36.8,95.1,13.6
92,36.3,95.8,4
96,36.5,98.5,3.8
95,36.3,95.5,5.5
98,36.2,99.7,0
96,36.7,99.3,6.2
94,36.7,97,10.2
93,36.4,96.9,4.1
97,36.7,95.2,14.7
86,36.4,93.3,9.2
90,36.8,98.6,7.8
101,36.8,95.4,17.5
93,36.3,97.5,0.9
93,36.3,96,3.9
97,36.6,96.1,10.9
86,35.7,98.7,0
93,36.7,98,7.9
95,35.8,97.6,0
95,36.2,97.4,0
94,36.2,95.6,3
96,36.2,98.4,0
89,36.1,98.6,0
82,36.6,93.4,11.8
79,36.8,98.3,5.1
82,36.6,96.2,6.2
97,36.7,95,15.1
94,36.5,96.1,8
81,36.4,96.7,0.9
78,36.7,97.1,5.2
83,36.9,97.1,10.7
100,36.6,95.7,12.6
96,36.4,95.8,7.2
100,36.5,95.9,10.2
91,36.2,95.3,2.7
93,36.5,96,7.9
77,36.9,99.5,4.1
75,36.3,94.1,2.3
89,36.6,95.9,8.9
79,36.2,99,0
80,36.3,96.4,0
91,36.5,98.8,1.7
84,36.3,95.4,2.4
91,36.6,99.3,2.7
93,36.3,98,0
79,36.8,97.7,6.3
81,36.6,98.5,1.3
90,35.9,99.7,0
83,36.3,97.2,0
75,37.3,96,18.5
89,36,95.1,0
93,36.2,97,0
81,36.6,95.1,8.1
62,36.5,95.4,0
63,36.1,97.5,0
86,36.3,97,0
82,36.8,98.6,5.4
68,36,98.7,0
105,36.7,95.1,17.3
98,36.4,93.5,12.4
83,36.7,95.3,10.3
79,36.9,92.3,19.1
81,36.6,98.5,1.3
75,36.4,98.7,0
77,36.6,98.1,0.9
89,36.2,99.5,0
82,36.1,98.1,0
91,36.3,97.2,0.9
93,36.5,98.9,2.1
93,36.1,99.4,0
85,36.4,96,3.5
78,36.4,95.1,3.2
89,36.2,98.7,0
92,36.8,99.6,6.4
84,34.9,95.8,0
81,36.4,98.4,0
66,35.8,97.4,0
79,36.6,98.5,0.7
89,36.9,98.9,8.9
71,34.5,95.1,0
78,36.3,96.8,0
68,36.7,98.1,0.2
82,36.7,95.3,10
90,36.7,98.5,6
64,36.1,96,0
86,36.9,99.2,7.4
86,36.5,96.4,5
82,36.6,96.8,5
81,36.7,96.5,7.3
91,36.5,96.2,6.9
92,36.7,96.5,10.6
113,36.6,98.5,10.9
85,37,90.5,26.5
81,37.1,99,10.3
83,36.8,97.7,7.5
63,38.4,96,36.9
76,36.6,94.2,8.4
80,36.6,98.4,1.2
78,36.3,99.2,0
56,36.4,96.9,0
94,36.6,97.9,6.4
84,36.7,95.9,9.4
82,36.6,97.1,4.4
91,36.4,98.7,0
82,36.8,98.3,6
58,36.5,98.5,0
50,36.4,98.4,0
82,36.4,97.8,0
82,36.4,97,0.6
63,36.4,97.7,0
84,36.2,95.3,0.6
58,36.5,93.5,2.4
73,36.1,95.4,0
79,36.4,99.1,0
78,36.2,99.9,0
78,36,97.1,0
88,36.8,98.8,6.8
75,36.4,97.2,0
88,36.7,96.2,10
83,36.4,98.3,0
81,36.5,98.2,0
80,36.3,95.8,0.4
85,36.5,98.9,0
91,36.6,99.1,3.1
70,36.5,92.8,7.4
65,36.6,95.9,1.7
57,37.1,90.9,19.3
60,36.6,95.9,0.2
73,36.7,98.9,0.1
79,36.6,97.1,3.5
80,36.8,95.8,10.4
89,36.4,96.2,4.3
64,37,95.4,10.4
75,37.3,98.5,13.5
78,36.1,96.5,0
77,36.7,99.8,0
68,37.4,94.8,20.8
76,36.5,98.7,0
83,36.5,98.4,0.1
82,36.5,95.4,5.8
85,36.1,98.9,0
75,36.6,95.1,6.3
76,36.1,98.3,0
80,36.4,97.4,0
90,36.4,96.1,4.8
103,36.3,96.7,5.5
87,36.5,96.3,5.5
83,36.6,95.7,7.5
57,36.8,99.3,0
78,36.7,99.5,0.4
80,36.6,98.2,1.6
77,36.7,99.6,0
84,37.1,96,17.2
74,36.8,97.1,6
75,36.8,98.9,2.7
77,36.6,99.9,0
80,36.3,97.8,0
90,36.2,95.5,2
82,36.7,96.7,7.2
81,36.5,99.3,0
85,36.3,97,0
78,37,99.5,6.4
77,36.4,98.2,0
76,36.5,98.4,0
61,36,99.1,0
68,36,95.9,0
74,36.6,97.6,1
89,36.5,97.4,3.9
59,36.8,99.1,0
71,36.1,95.1,0
65,37,96.3,8.9
69,36.5,96.1,0.5
59,36.4,99.1,0
75,36.3,98.5,0
89,36.1,97.2,0
83,36.7,98.1,4.7
77,36.1,95.1,0
76,36.6,98.6,0
72,36.6,99.9,0
74,36.6,87.4,21.4
75,36.8,96.3,7.9
76,36.8,95.7,9.4
75,36.6,98.2,0.1
82,35.7,98.8,0
62,36.8,97.6,1.4
57,36.5,95.8,0
67,34.9,99.9,0
76,36.2,95.8,0
61,36.1,96.7,0
79,36.6,98.5,0.7
61,36.8,95.7,4.9
57,36.2,99,0
62,36.6,96.9,0
69,35.9,96.4,0
81,36.7,99.1,2.1
77,36.7,99.1,0.9
90,36.6,99.2,2.6
76,36.9,96.9,9
89,36.4,96,4.7
76,37,98.9,7
76,36.6,96.1,4.6
112,36,99.5,0
93,36.4,99.6,0
72,36.6,96.4,2.8
75,36.6,95.7,5.1
76,34.3,96,0
80,36.6,97.7,2.6
61,36.4,97.1,0
74,36.8,95.6,9
79,36.6,96.3,5.1
78,34.5,95.8,0
78,35.8,95.4,0
56,36.4,95.3,0
78,36.9,96.7,10
90,36.6,95.3,10.4
83,36.4,96.2,2.5
57,36.4,97.5,0
62,37,90.1,20.4
76,36.2,99.7,0
72,36.5,96.5,0.6
79,36.7,97.3,5.1
77,36.5,97.5,0.1
73,36.2,95.9,0
71,36.6,97.8,0
59,36.9,97.1,3.5
72,36.7,94.3,9
75,36.4,97.1,0
60,36.6,96.8,0
72,36.7,99.5,0
88,36.9,91.8,22.8
92,36.2,98.7,0
94,36.3,96.8,2.6
88,36.4,97.3,1.8
59,36.1,99,0
73,36.4,97.2,0
88,36.9,96.3,13.8
76,35.7,96.5,0
76,36.5,95.5,3.8
80,36.6,97.2,3.6
79,36.8,95.1,11.5
81,36.3,97.4,0
57,36.3,96,0
84,36.3,95.8,1.6
85,36.5,98.6,0.3
92,36.5,95.3,9
82,36.8,98.1,6.4
78,36.7,99.3,0.8
68,36.4,98.8,0
88,36.5,96.1,6.2
83,36.9,97.7,9.5
91,37,98.9,11.5
83,36.2,94.5,1.9
82,37,99.5,7.6
91,36.2,95.4,2.5
82,36.8,96.5,9.6
81,36.8,95.4,11.5
78,36.7,98.7,2
76,36.9,96.7,9.4
89,36.3,95.4,3.9
83,36.7,98,4.9
74,36.9,98.3,5.6
77,36.4,98.8,0
84,36.1,92.4,4.4
78,36.6,96.9,3.6
101,36.6,99.5,5.3
82,36.5,98,0.6
90,36.4,95,7
82,36.4,97.4,0
81,36.3,98.7,0
91,36.3,98.5,0
84,36.4,95.9,3.4
85,36.4,98.6,0
86,36.3,98.9,0
93,36.4,96.6,4.7
94,36.7,95.9,12.4
81,36.7,96.1,8.1
74,37.2,95.2,17.8
78,36.7,97.9,3.6
79,37,95.6,14.5
80,36,95.5,0
62,36.3,97.7,0
80,36.1,96.9,0
78,36.2,96,0
80,37.1,97.9,12.2
78,36.3,97.1,0
78,36.5,97.3,0.8
78,36.3,99,0
90,36.6,96.6,7.8
86,36.7,90.5,20.8
82,36.3,99,0
83,36.6,98.9,1.1
92,36.9,93.1,21.4
76,36.2,98.5,0
78,36.8,96.3,8.8
80,36.7,97.9,4.2
90,36.2,97.3,0
83,36.4,97.1,0.7
69,35.7,97,0
88,35.8,98.8,0
81,36.5,97.2,1.9
81,34.7,92.6,0
83,36.6,99.7,0
111,36.6,99.9,7.5
81,36.2,98.2,0
81,36.6,92.5,13.3
85,36.2,95.6,0.3
78,36.5,96.4,2.6
79,36.2,96.4,0
79,36.5,95.7,4.3
80,36.1,99.1,0
79,36.8,99.6,2.5
78,36.8,96.3,8.8
79,36.2,97.6,0
80,36.3,98,0
90,36.6,97.7,5.6
83,36.8,97.1,8.7
79,36.7,95.6,8.5
77,36.1,97.4,0
67,36.3,99.8,0
77,36.8,99.5,2.1
56,36.8,96.9,1
85,36.2,95,1.5
80,36.3,98.5,0
77,36.4,95.8,1.5
73,37,99.5,4.9
74,36.7,96.2,5.8
76,36.7,96.3,6.2
72,36.9,98.4,4.8
54,36.8,98.4,0
50,36.2,99.5,0
71,36.6,97.4,0.5
82,36.6,97.8,3
85,36.8,98.2,7.1
75,36.1,98.7,0
55,36.3,96.7,0
78,36.6,98.5,0.4
76,36.5,99.1,0
76,37,96.3,12.2
78,36.4,97.3,0
73,36.3,96,0
88,36.8,98.1,8.2
83,36.3,88,16.9
77,36.7,97.8,3.5
76,36.3,98,0
61,36.8,98.1,0.1
68,36.4,98,0
65,36.7,99.2,0
75,36.6,98.7,0
72,36.8,95.9,7.8
75,36.2,97.6,0
83,36.7,99.7,1.5
78,36.4,95.3,2.8
90,36.4,98.4,0.2
83,36.5,98,0.9
82,36.2,98.2,0
91,36.5,96.2,6.9
84,36.6,96.3,6.6
82,36.6,96.6,5.4
81,36.5,95,6.3
62,36.3,95.6,0
80,36.4,95.9,2.2
76,36.6,96.3,4.2
89,36.6,95.3,10.1
94,36.1,96.2,0
80,36.2,98.1,0
68,36.5,96.9,0
70,35.9,96.4,0
70,36.5,95.3,2.4
59,36.2,99.1,0
85,36.4,99.2,0
78,37,99.4,6.6
90,36.8,95.8,13.4
93,36.3,91.5,12.9
88,36.4,97.6,1.2
83,35.8,86.5,9.9
56,36.1,97.5,0
72,36.6,98.9,0
74,36.1,98.8,0
77,36.5,99.7,0
84,36.2,99,0
78,36.4,99,0
72,36.4,97.3,0
54,36,97.4,0
67,36.3,99.3,0
77,36.8,93,15.1
90,36.8,99.3,6.4
79,37.3,98.1,15.5
68,36.9,97.4,5.6
70,36.7,97.3,2.4
78,37,98.5,8.4
72,36.3,95.9,0
71,36.4,96.2,0
78,36.6,96.1,5.2
78,36.5,99.4,0
80,36.4,97.4,0
73,36,99.2,0
76,36.6,92.2,12.4
80,34.4,97,0
95,36.2,95.3,3.9
77,36.6,97.8,1.5
73,36.5,98.5,0
66,37.2,95.5,14.8
77,36.6,99.9,0
77,36.4,96,1.1
78,36.3,98.8,0
90,36.4,99.1,0
76,35.9,99.4,0
72,36.3,97.9,0
79,36.6,98.8,0.1
80,36.6,99,2.84E-14
79,36,97.1,0
80,36.7,97.6,4.8
90,36.7,97.7,7.6
82,36.6,99.9,0
80,37,95.9,14.2
73,39,95.1,53.7
77,36.4,96,1.1
78,36.3,98.8,0
96,36.1,99.9,0
85,34.7,97.6,0
58,36.8,98.7,0
70,36.3,97.7,0
75,36,99.2,0
89,36.6,99.1,2.5
83,36.6,95.1,8.7
91,36.2,96.7,0
80,37,98.8,8.4
79,36.2,96.8,0
79,36.5,95.8,4.1
61,36.1,96.7,0
79,36.4,95.5,2.7
78,34.1,97,0
73,36.6,95.8,4.3
88,36.5,96.6,5.2
59,36.5,96.4,0
62,36.7,97.9,0
80,36.8,98.6,4.8
56,36.7,98.5,0
69,36.4,99,0
74,36.5,97.9,0
55,36,96.8,0
62,36.9,95.2,8.2
85,36.5,97.4,2.7
85,36.3,97.3,0
92,36.2,96,1.6
82,36.7,97,6.6
57,37.2,99.9,3.3
50,36.8,97.4,0
54,36.4,98.3,0
78,36.8,98.1,5.2
76,36.1,98.4,0
75,36.3,99.7,0
80,36.9,96.6,10.8
77,36,99,0
78,37.3,95.1,21.2
73,36.4,96.8,0
88,36.1,97.1,0
83,36.5,92.1,12.7
78,36.4,96.6,0.2
72,36.3,95.3,0
79,36.7,99.1,1.5
78,36.5,99.7,0
90,36.1,96.9,0
81,36.6,99.6,0
77,36.7,98.4,2.3
76,36.2,95.8,0
72,36.5,98.6,0
79,36.5,97,1.7
73,36.4,95.5,0.9
88,36.1,95.9,0
64,36.4,97.6,0
72,36.6,99.8,0
88,36.6,97,6.4
83,36.3,96.7,0
91,36.1,98.9,0
84,37,99.2,8.8
78,36.2,98.8,0
91,36.5,96,7.3
76,36.7,98.5,1.8
80,36.3,97,0
68,36.7,98.1,0.2
87,35.9,98.7,0
79,36.7,95.7,8.3
61,36.3,95.6,0
68,36.6,93.4,7.6
73,36.2,96.6,0
66,36.2,97.6,0
65,36.6,97.3,0
73,36.4,98,0
75,36.7,95.4,7.7
78,36.1,98.5,0
90,36.6,98.6,3.8
99,36,98.3,0
86,36.4,92.9,10
92,36.1,99,0
84,36.3,99,0
74,36.9,99.6,3
72,36.7,95.3,7
59,36.1,99.2,0
79,36.3,96.1,0
61,36.7,96,2.3
68,36.9,99.6,1.2
78,36.5,91.4,12.6
76,36.8,96.4,8
78,36.6,97.9,1.6
61,35.7,99.8,0
68,36.5,96.2,0
70,36.4,98.4,0
74,36.3,97.4,0
67,36.3,97.1,0
80,36.8,97.6,6.8
90,36.5,97.7,3.6
81,36.7,99.1,2.1
84,36.4,98,0
74,36.3,100,0
78,36.2,96.7,0
90,36.6,96.4,8.2
83,36.5,97.1,2.7
74,36.5,99.5,0
60,36.6,99.3,0
68,36.6,99.9,0
69,36.4,96,0
110,36.3,99.2,2.6
92,36.3,96.9,1.8
84,36.6,95.3,8.6
69,36.5,97.1,0
70,36.5,98.4,0
88,36.6,98.7,3
58,36.2,99.8,0
75,36.6,95.1,6.3
77,36.4,96.2,0.7
80,38.5,96,44
77,36.1,99.3,0
76,36.1,99.3,0
55,36.4,98.6,0
67,36.8,99.7,0
53,36.7,100,0
54,36.4,97.8,0
72,36.7,95.5,6.6
75,36.8,96.7,7.1
72,36.8,97.5,4.6
66,37.1,98.2,7.4
53,36.2,98.1,0
74,36.5,99.7,0
60,36.4,95.9,0
51,36.2,99.6,0
69,36.4,95.8,0
76,36.8,96.2,8.4
72,37,98.5,6.6
88,36.8,97.6,9.2
76,36.6,98.5,0
76,36,97.3,0
76,36.5,96.5,1.8
77,36.7,99.5,0.1
68,36,99.5,0
77,36.4,98.2,0
80,36.3,98.7,0
96,36.5,95.8,9.2
81,36.5,96.6,3.1
78,36.3,97.3,0
73,36.3,95.6,0
72,36.8,96.1,7.4
79,36.6,95.7,6.3
76,36.8,98.4,4
67,36,91.2,0
77,36.4,97.1,0
80,36.7,96,8
79,36.2,96.6,0
81,36.4,96.8,0.7
90,36.9,97.5,12
83,36.9,96,12.9
57,36.6,96.7,0
71,36,96.4,0
76,36.7,99.2,0.4
72,36.8,96.8,6
89,36.4,98.8,0
76,36.5,99.1,0
89,36.1,96.4,0
76,36.7,99.4,4.62E-14
76,36.2,95.8,0
80,36.9,91.8,20.4
76,35.9,95,0
90,36.7,98.6,5.8
76,37,92.7,19.4
80,36.7,94,12
81,36.5,97.9,0.5
85,36.5,99.8,0
82,37.2,96.1,18.4
73,36.7,92.6,12.7
89,35.8,98.8,0
110,35.9,93.1,6.8
84,37.5,95.2,26.8
78,36,98.3,0
83,36.3,96.1,0.7
82,36.5,98.1,0.4
77,36.7,97.9,3.3
75,36.6,97,2.5
80,36.9,99.7,4.6
76,36.3,99.6,0
85,36.4,99.7,0
81,36.6,96.9,4.5
81,36.5,96.2,3.9
81,36.5,96,4.3
91,36.3,98.2,0
76,36.7,98.5,1.8
73,36.6,98.1,0
72,36.6,96.3,3
79,36.5,96.2,3.3
78,36.7,95.3,8.8
80,36.8,98.1,5.8
79,37.1,99.5,8.7
90,36.8,98.3,8.4
83,36.2,96.7,0
85,36.5,97.3,2.9
78,36.3,97.6,0
83,36,97.7,0
79,36.7,99.4,0.9
76,36.7,95.8,7.2
90,36.7,97,9
83,36.9,95.9,13.1
77,36.3,95.9,0
84,36.1,99.3,0
84,36.3,99.3,0
79,38.6,99.3,39.1
76,36.5,99.2,0
89,36.4,97,2.7
87,36.4,97.2,1.7
86,36.6,96.5,6.8
82,36.2,95.2,0.2
77,38.9,99,45.1
90,36.1,97.8,0
83,36.7,98.7,3.5
74,36.6,96.4,3.4
79,36.8,98.4,4.9
77,36.5,96.7,1.7
95,36.2,99,0
88,36.3,97.5,0
93,36.1,97.6,0
94,36.3,99.6,0
84,36.5,95.4,6.4
86,36.7,96.4,9
92,36.5,99.8,5.33E-15
88,36.8,99,6.4
82,37,98.2,10.2
81,36.7,96,8.3
80,36.4,92.7,8.6
90,36.9,96.4,14.2
86,36.3,95.6,2.6
79,36.1,94.7,0
89,36.5,95.4,7.9
93,36,96.2,0
72,36.8,96,7.6
81,36.5,98.7,0
77,36.5,99.8,0
89,36.1,95.2,0.3
83,37,99.8,7.3
85,36.6,96.3,6.9
86,36.9,97,11.8
92,36.6,98.8,4
84,36.5,98.7,0
74,36.9,98,6.2
55,36.5,95.7,0
84,35.5,97.7,0
82,36.5,98.9,0
91,36,97,0
76,36.6,98.9,0
89,35.9,99.7,0
94,36.6,95.5,11.2
81,37.1,95.1,18.1
85,36.3,99.6,0
82,36.5,95.6,5.4
81,36.9,98.4,7.5
85,36.2,97.3,0
82,36,97.6,0
85,36.9,95.6,14.3
92,37,96.2,17.2
94,36.7,96.2,11.8
84,36.4,95.6,4
91,35.8,96.5,0
65,36.6,99.1,0
80,36.3,97.6,0
73,34.7,96,0
79,36.5,97.3,1.1
80,36.2,96.6,0
71,36.5,98.4,0
77,37,96.8,11.5
79,37,99.9,5.9
81,37,97,12.3
76,36.6,95.3,6.2
80,36.5,97.3,1.4
81,36.3,99.4,0
81,37,97.1,12.1
79,36.9,96.5,10.7
80,36.6,97.7,2.6
81,36.6,97.3,3.7
77,36.7,99.5,0.1
80,36.7,98.3,3.4
80,37.2,95,20
91,36.3,97.7,0
93,36.5,98.2,3.5
81,36.4,95.4,3.5
81,36.6,98,2.3
81,36.5,96.3,3.7
85,36.8,97.7,8.1
81,36.2,90.5,9.3
76,36.2,98.3,0
83,36.7,98.3,4.3
79,36.6,95,7.7
77,36,99.5,0
80,36.4,95.8,2.4
91,36.5,95.2,8.9
87,36.5,99.1,0
86,36.1,91,7.8
92,36.4,96.7,4.2
94,36.4,98.3,1.6
103,36.3,97.1,4.7
79,36.3,96.6,0
90,37.2,96.9,19.2
83,36.5,95.3,6.3
82,37,97,12.6
74,36.7,98.4,1.4
89,36.5,97,4.7
93,36.1,98.1,0
84,36.7,95.5,10.2
85,36.5,95.7,6.1
92,34.2,96.8,0
84,36.6,95.4,8.4
92,37.1,99.8,12
84,36.5,98.3,0.6
91,37,99.3,10.7
79,36.6,99.8,0
90,36.3,95,5
81,36.2,96.8,0
77,36.3,96.7,0
80,36.5,99.9,0
77,36.5,99.2,0
84,36.5,98.8,0
82,35.8,95.2,0
81,36,99.2,0
81,35.8,99.4,0
77,36.4,99.1,0
80,36,95.6,0
73,36.2,99.6,0
77,36.5,96.4,2.3
80,36.3,99.4,0
77,36.5,99.1,0
79,36.1,99.4,0
73,36.4,95.3,1.3
79,36.7,98.7,2.3
80,36.5,95.4,5.2
90,36.6,98.8,3.4
64,36.5,97.5,0
52,36.2,98.8,0
71,37.4,95,21.3
89,36.6,95.7,9.3
83,36.6,95.9,7.1
87,35.9,96.9,0
70,36.4,96.6,0
74,36.8,95.5,9.2
75,36.9,96.7,9.1
83,36.6,97.7,3.5
92,36.7,98.1,7.4
60,36.8,99.9,0
75,36.1,98.8,0
90,36.5,95.3,8.4
83,36.4,98.8,0
82,36.5,95.5,5.6
77,36.5,98.8,0
47,36.4,97.2,0
78,36.3,97.7,0
75,36.8,92.8,14.9
79,36.6,95.7,6.3
55,36.8,97.2,0.1
73,36.9,92.7,16.5
79,36.9,96.4,10.9
90,36.1,97.3,0
83,36.5,95.1,6.7
62,36.3,97.2,0
72,36.3,98.2,0
88,36.7,92.3,17.8
103,36.6,95.6,13.7
87,36.7,90,22.1
81,36.5,95.1,6.1
96,36.8,96.4,14
89,36.8,93.1,18.5
83,37,99.4,8.1
92,36.3,98.3,0
84,36.3,97.6,0
91,36.4,99.5,0
76,36.4,96.6,0
78,36.4,95.9,1.6
90,36.4,97.3,2.4
59,36.8,97.5,0.7
75,36.5,97.3,0
77,36.5,97.3,0.5
80,36.9,97.4,9.2
73,36.3,96.9,0
89,36.4,95.7,5.3
81,36.6,98.1,2.1
77,36.4,97.8,0
80,36.4,93.7,6.6
75,37,97.6,9.3
84,36.3,99,0
79,37.2,98.3,13.1
81,36.5,95.2,5.9
90,36.3,99.3,0
82,36.9,95.6,13.4
69,37,98.2,6.3
74,36,99.1,0
72,36.5,99.9,0
66,36.3,98.7,0
73,36.7,99.6,0
89,36.8,97.6,9.5
83,36.3,90.9,11.1
80,36.3,97.1,0
91,36.2,88,17.3
84,36.9,97.4,10.4
92,36.3,97.1,1.4
79,36.5,98.1,0
68,36.1,96,0
75,36.5,90.8,12.9
89,36.5,99,0.7
104,38.1,100,35.2
80,36.4,97.1,0
81,36.5,99.2,0
77,36.5,96.4,2.3
80,36.6,98.6,0.8
68,36.7,97.5,1.4
87,36.4,98.6,0
79,36.3,99,0
84,36.5,98.2,0.8
74,36.5,99.8,0
78,36.5,99.5,0
80,37,99.4,7.2
91,35.6,97.3,0
94,36.6,96.8,8.6
60,36.3,99.1,0
68,36.8,96.2,6
73,36.5,96.3,1.3
79,36.5,99,0
76,36.7,97.6,3.6
75,36.7,98.4,1.7
72,36.5,97,0
89,36.4,99,0
87,36.1,95.2,0
79,36.8,97.8,6.1
79,36.1,98.7,0
77,36.4,95.1,2.9
90,36.5,97.1,4.8
83,36,96.5,0
81,36.3,96.4,0
77,37.2,99.1,10.9
68,36.4,96.1,0
58,36.7,97.4,0
62,36.3,95.9,0
69,36.4,96.8,0
73,38.8,95.6,48.7
79,36.4,91.2,11.3
73,36.2,99.9,0
77,36.8,96.6,7.9
76,36.7,99.8,0
72,36.9,95.2,11.2
66,34.1,96,0
58,36,98.7,0
71,36.3,99.3,0
59,36.7,96,1.7
79,36.3,96.7,0
80,36.3,96.7,0
73,36.2,97.1,0
67,35.7,99.8,0
65,36.6,99,0
52,36.7,99.9,0
70,36.4,99.2,0
71,36.4,98.4,0
78,36.2,98,0
68,37,96.9,8.6
70,36.7,96.2,4.6
78,36.1,99.8,0
91,36.7,95,13.3
81,35.9,98,0
74,36.8,98.8,2.6
72,36.8,99.2,1.2
79,36.1,95.7,0
79,36.9,99.3,5.1
77,36.3,95.9,0
73,36.7,90.5,16.9
82,36.2,99.8,0
91,36.4,99,0
84,36.6,96.3,6.6
91,34.2,96.8,0
84,36.4,97.2,0.8
85,36.3,92.8,7.9
75,36.6,97.2,2.1
75,36.4,97.9,0
75,36.6,96.8,2.9
90,36.3,96.5,2
94,36.1,98.3,0
81,36.4,97.8,0
91,36.5,96.4,6.5
93,36.6,99.3,3.3
72,36.6,99.9,0
75,36.3,87.4,15.7
72,36.3,99.1,0
82,36.4,95.2,4.2
91,36.1,95.8,0
76,36.4,96.8,0
61,36.6,97.8,0
73,36.2,98.3,0
75,36.7,96.5,5.5
76,36.4,99.1,0
89,36.5,97.9,2.9
59,36,97.5,0
72,36.5,97.8,0
60,36.8,96.1,3.8
68,36.5,99.8,0
64,36.6,96.8,0
69,34.9,95.5,0
78,36.3,97.6,0
68,36.5,97.7,0
64,36.2,98.9,0
87,36.6,98.8,2.5
101,37.4,96.8,26.7
90,36.7,91.9,19.2
93,36.5,96.6,6.7
94,36.9,97,14.2
80,36.4,96.8,0.4
62,36.4,97.1,0
85,36.3,96.4,0.7
63,35.6,95.5,0
73,36.4,97.4,0
89,36.7,98.8,5.1
93,36.4,97.9,2.1
94,36.6,98.1,6
81,36.2,97.7,0
74,36.7,95.3,7.6
79,36.8,97.1,7.5
72,36.3,95.6,0
71,36.5,95.5,2.3
78,36.3,99.3,0
77,36.6,98.3,0.5
89,36.6,98.5,3.7
76,35.8,95.2,0
80,36.6,96.5,5
78,36.4,98.1,0
73,36.8,98.8,2.3
60,36.6,96.2,0
67,36.3,99.2,0
87,36.9,98.7,8.7
91,36.8,96.9,11.5
80,36.8,99.3,3.4
62,36.9,97.1,4.4
57,36.7,95.8,1.5
70,36.1,97.6,0
74,37.1,98.1,10
89,36.3,98.6,0
80,36.6,88.2,21.6
99,36.8,95.4,16.9
73,36.4,97.4,0
75,36,98.6,0
79,36.9,99,5.7
61,36.6,97.9,0
76,36.3,95.4,0
80,36.3,95.6,0.8
90,35.9,95.5,0
93,36.7,98,7.9
77,37,96.6,11.9
78,36.2,98.7,0
73,36.6,95.4,5.1
75,36.6,97.5,1.5
72,36.5,99.9,0
79,36.4,98.1,0
76,35.9,96.1,0
71,36.7,95.7,5.9
88,36.2,96.5,0
83,36.3,98.1,0
91,36.3,97.5,0.3
76,36.4,97.6,0
80,36.7,98.5,3
90,36.6,96.2,8.6
76,37,97.2,10.4
80,36.6,96.5,5
78,36.4,96.3,0.8
76,36.6,91.1,14.6
76,36.3,98.5,0
67,36.1,95.1,0
77,36.3,97.9,0
76,36.5,96.2,2.4
72,36.3,97.6,0
78,36.3,98.1,0
68,36.7,98.1,0.2
76,36.3,99.9,0
72,36,91.1,1.4
88,36.9,99.8,6.8
87,37.3,94.1,25.9
86,36.3,95.8,2.2
82,37,99.3,8
92,36.8,98.7,8.2
87,36.3,96.6,0.9
75,36.7,95,8.5
90,36.4,96.5,4
80,36.5,98.2,0
79,36.6,96.3,5.1
81,36.3,99.7,0
81,35.7,95.6,0
77,36.1,98,0
80,36.9,96.1,11.8
76,36.8,96.8,7.2
80,36.7,94.4,11.2
84,37,97.8,11.6
80,36.8,98.1,5.8
77,35,95.6,0
90,36.5,95.3,8.4
93,36.5,98.1,3.7
83,36.8,97.6,7.7
74,36.1,99.3,0
88,36.9,99.8,6.8
92,36.3,98.3,0
94,36.9,97,14.2
88,37.2,99.6,13.2
83,36.8,95.7,11.5
79,36.1,98.3,0
81,36.4,98.3,0
81,36.4,96.1,2.1
100,37.1,98.2,17.6
86,36.8,99.9,4
75,36.3,98.3,0
90,36.7,96.6,9.8
79,36.4,98.1,0
77,36.7,97,5.1
84,36.6,98.5,2.2
91,36.4,99.7,0
84,36.5,99,0
82,36.5,97.5,1.6
91,36.4,95.2,6.9
80,38.3,97.1,37.8
84,36.7,99.5,2.2
75,36.2,96.4,0
83,36.6,98.7,1.5
91,36.7,95.1,13.1
85,36.2,96.9,0
82,36.6,99.8,0
71,36.5,97.3,0
78,36.5,96.4,2.6
73,36.3,92.6,4.7
55,36.5,97.9,0
74,36.7,97.4,3.4
72,36,96.3,0
76,36.4,95.3,2.2
78,36.4,91.2,11
80,36.4,96.8,0.4
90,37,97.1,14.8
93,37.3,89.8,36.3
83,36.7,90.4,20.1
81,36.7,96.3,7.7
92,35.8,98.4,0
88,36.2,99.5,0
92,38.3,95.5,44.6
94,36.7,96.4,11.4
95,36.2,98.2,0
94,36.8,95.7,14.8
94,36,98.4,0
84,36.7,98.4,4.4
82,36.9,98.1,8.4
57,37,98.5,2.1
62,36.5,99.6,0
76,36.5,95.5,3.8
76,36.8,98.5,3.8
55,36.7,96.4,0
84,36.9,98.1,9
78,36.6,98.4,0.6
79,36.2,97.1,0
90,36.3,97.2,0.6
87,36.2,96.5,0
81,36.3,95.5,1.3
91,36.5,95.5,8.3
79,35.9,99.8,0
90,38.2,97.2,38.6
76,36.4,96.3,0.2
89,36.5,98.3,2.1
93,36.8,98.3,9.3
88,37.6,98.2,24
70,36.9,99.5,2
82,36.9,96.6,11.4
81,36.4,96.4,1.5
85,36.5,96.4,4.7
81,36.4,97.9,0
79,36.6,96.2,5.3
79,36.6,97.4,2.9
90,36.3,97.5,0
64,36.3,99.5,0
69,36.7,98.4,0
78,36.7,96.2,7
78,36.1,99.9,0
73,36.6,96.3,3.3
83,36.8,99.4,4.1
92,37,97.2,15.2
87,36.6,99.4,1.3
83,36.9,97.8,9.3
81,36.5,96.8,2.7
91,36.3,99.3,0
93,36.4,95.6,6.7
84,36.5,99.8,0
92,37.2,97.2,19.2
77,36.4,97.9,0
67,36.5,99.8,0
73,36.7,95.7,6.5
72,36.3,98,0
79,36.7,99.9,0
83,36.9,96.5,11.9
69,36.8,95.6,7.5
73,36.8,98.2,3.5
75,36.5,97,0.5
75,36.7,94.8,8.9
77,36.5,99.3,0
79,36.1,97,0
76,36.7,95.2,8.4
75,36.7,93.9,10.7
60,36.6,99.6,0
51,36.4,96.6,0
60,36.5,98,0
86,36.7,99.8,2.2
82,36.9,95.6,13.4
92,36.3,95.2,5.2
83,36.9,99.7,5.5
78,36.7,95.9,7.6
90,36.2,97.5,0
71,36.3,96.5,0
71,36.5,99.2,0
74,36.4,97.5,0
67,36.6,98.4,0
53,36.7,97.8,0
77,36.4,95.7,1.7
90,36,99.5,0
76,36,99.2,0
72,36.8,99.6,0.4
88,37,96.2,16
70,36,97.3,0
89,36.2,97.2,0
85,36.1,97.8,0
92,36.9,99.8,8
82,36.9,95.2,14.2
81,36.5,98.4,0
57,36.9,90.5,16.1
84,36.8,97.7,7.8
80,36.7,97.9,4.2
81,36.7,94.8,10.7
81,37,95.8,14.7
85,36.4,98.4,0
82,35.9,99.8,0
81,36.7,98.2,3.9
74,36.9,97.5,7.2
75,37,96.1,12.3
89,35.8,98,0
82,36.6,97.9,2.8
91,37.1,96,19.3
84,36.3,95.8,1.6
82,36.8,97.6,7.4
81,36,96.8,0
81,36.2,97,0
68,36.3,96.7,0
74,36.5,95.8,2.6
79,36.7,97,5.7
78,37,97.2,11
80,36.8,95.3,11.4
81,36.6,96.8,4.7
81,36.3,96.6,0
85,35.9,98.4,0
92,36.2,98.9,0
65,36.1,98.7,0
69,38.4,97.5,35.7
99,36.5,98,5.7
95,36.6,97.2,8.1
85,37.1,97.7,14.1
92,37.4,97,23.6
80,36.8,98.3,5.4
79,36.5,96.8,2.1
90,36,93.5,2
75,36.3,97.8,0
79,36.6,98.5,0.7
70,36.7,99.9,0
88,36.4,96.7,3
83,36.8,96.4,10.1
81,36.4,96.8,0.7
69,36.3,99.9,0
88,36.5,97.9,2.6
83,36.7,98.1,4.7
81,36.2,99,0
74,36.6,95.6,5
89,36,95.9,0
81,36.4,99.8,0
81,36.1,91.8,4.7
94,36.4,92.6,13
80,36.1,95.1,0
90,36.7,89,25
81,36.8,96.7,8.9
91,36.2,95.3,2.7
87,36.2,99.3,0
83,36.6,98,2.9
78,36.3,98,0
76,36.4,95.3,2.2
89,36.4,98.7,0
76,37,97,10.8
80,36.4,96.4,1.2
91,36.5,95.4,8.5
84,36.4,99,0
85,35.7,98.9,0
80,36.6,97.8,2.4
81,36,95.7,0
79,36.1,95.9,0
77,36.3,90.4,10.3
61,36.8,97.6,1.1
70,36.3,95.7,0
82,35.8,96.8,0
91,36.3,99.9,0
80,36.5,95.3,5.4
73,36.8,93.3,13.3
83,36.6,95,8.9
91,36.6,97.9,5.5
80,36.5,98.8,0
84,36.5,98.4,0.4
69,36.5,95.9,0.9
78,36.9,99.5,4.4
74,35.9,95.8,0
72,36.3,96,0
76,36.6,98.4,1.69E-14
78,36.5,98.4,0
79,36.1,99.3,0
78,36.8,99.8,1.8
73,36.3,97.4,0
79,36.5,96.6,2.5
56,36.8,99.9,0
74,36.8,91.1,18
67,36.1,95.8,0
75,36.7,95.9,6.7
75,36.2,97.4,0
79,36,98.2,0
56,36.3,98.2,0
55,36.1,95.4,0
55,36.5,90.5,7.5
74,36.4,98.7,0
79,36.5,90.8,14.1
84,36.5,96.2,4.8
69,36.6,96.7,1.3
78,36.8,97.5,6.4
73,35.9,99.9,0
75,36.2,99.4,0
90,36.3,98.2,0
83,36.4,96.2,2.5
74,36.3,96.7,0
79,36.2,99.7,0
81,36,99.8,0
74,36.9,96,10.2
75,35.8,98.2,0
76,36.4,90.5,11.8
77,36.5,97.6,0
90,36.6,95.1,10.8
80,36.8,94.1,13.8
91,36.3,96.2,2.9
111,36.5,96,13.3
89,36.2,97.6,0
75,36.4,96.8,0
72,36.6,99,0
82,36.6,86.7,25.2
74,35.9,98.8,0
89,37,96.6,15.5
64,36,97.9,0
74,36.5,96.1,2
90,37,97.2,14.6
83,36.2,97.9,0
78,37.1,97.8,11.8
76,36.6,99.1,0
80,36.8,99.5,3
84,36.5,90.5,16.2
82,36.9,95.5,13.6
80,36.3,96.5,0
90,35.9,100,0
86,36.4,98.4,0
93,36.3,96.1,3.7
84,36.2,99.3,0
78,36,96.7,0
80,36.5,95.1,5.8
77,36.6,90.8,15.5
90,36.3,97.1,0.8
93,36.2,97.9,0
84,36.7,95.6,10
80,37.1,99.9,8.2
81,36.2,95.1,0.1
90,36.9,95.9,15.2
83,36.5,98.3,0.3
79,36.4,97.9,0
76,36.7,96.8,5.2
83,37,97.7,11.5
82,36,95.6,0
81,36.6,97.3,3.7
99,36.4,96,7.7
86,36.4,97.2,1.4
81,35.6,96.7,0
81,35.8,99.8,0
91,36.5,98.3,2.7
84,36.5,98.1,1
74,36.8,96.7,6.8
90,36,96.1,0
79,36.5,99.2,0
76,36.8,96.3,8.2
89,36.8,98,8.7
110,36.3,96.8,7.4
98,36.7,97.5,10.4
86,36.8,98,7.8
82,36.5,93.8,9
85,35.9,99.9,0
75,36.6,95.2,6.1
71,36.2,97.1,0
71,36.2,98.2,0
71,36.3,97.1,0
77,36,93.2,0
90,36.5,98.1,2.8
81,36.5,98.4,0
81,36.1,99.6,0
91,36.6,98.6,4.1
76,36.1,97,0
80,36.7,98,4
79,36.8,97.4,6.9
68,36.1,95.2,0
87,36.4,95.1,5.9
78,36.7,97.6,4.2
90,36.3,97,1
102,36.2,96.6,3.4
86,36.6,97.6,4.6
92,36.6,97.2,7.2
79,36.2,96.5,0
90,36,96.1,0
83,36.8,99.1,4.7
91,36.5,97.4,4.5
64,36.3,98.9,0
77,36.4,97.4,0
80,36.4,97.5,0
84,36.4,98.3,0
91,36.6,99.1,3.1
84,36.7,98.8,3.6
82,36.4,99.5,0
69,36.5,95.3,2.1
76,36.9,95.4,12
83,36.6,95.2,8.5
68,35.9,96.3,0
78,36.1,99.3,0
79,36.7,97.1,5.5
89,36.3,98.7,0
83,36.9,96.6,11.7
80,37,95.7,14.6
91,36.3,99.9,0
84,36.4,95,5.2
91,36.1,95.3,0.7
94,36.2,96.5,1.2
95,36.6,92,18.5
77,36.5,95.3,4.5
90,36.4,91.1,14.8
93,36.4,98.3,1.3
72,36.6,95.1,5.4
79,36.4,95.2,3.3
80,36.4,96.1,1.8
81,36.7,98.4,3.5
77,37.2,90.4,28.3
49,36.4,95.4,0
81,36.4,95.9,2.5
81,36.3,99.2,0
90,36.5,97.4,4.2
94,36.8,97.7,10.8
84,36.3,96.1,1
82,36.3,99.4,0
91,36.6,96.6,8.1
93,36.2,99.4,0
84,36.5,98.2,0.8
80,35.9,98.3,0
80,36.7,93.7,12.6
56,36.4,98.3,0
76,36.7,96.4,6
89,36.1,98.5,0
86,36.5,96.7,4.4
94,36.8,96.1,14
81,36.5,96.4,3.5
90,36.6,99.7,1.6
93,37,97.8,14.3
83,36.5,99,0
91,36.2,95.6,2.1
87,36.5,99.5,0
92,36.2,91,11.6
93,36,96.3,0
80,36.2,95.5,0
80,36.9,99.8,4.4
90,36.4,98.3,0.4
76,36.1,98,0
76,36.6,98,0.8
83,36.2,97.3,0
82,36.7,97.8,5
77,36.6,96,5.1
88,36.6,96.8,6.8
83,36.4,93.2,8.5
81,35.8,99.7,0
81,36.6,99.6,0
80,36.5,99.6,0
90,36.5,99.4,0.2
93,36.1,95.3,1.3
83,36.7,97.2,6.5
81,36.7,98.7,2.9
81,36.8,91.4,19.5
80,37.4,98.4,17.2
81,36.8,96,10.3
62,36.5,95.4,0
76,36.3,90.8,9.2
89,34.3,95.1,0
83,37,98.2,10.5
82,37,99.1,8.4
81,36.8,93.7,14.9
81,36,95.5,0
91,36.3,95.3,4.7
84,36.6,95.6,8
91,36.6,98.2,4.9
94,36.4,97.5,3.2
84,37,96.1,15
63,36.3,99.7,0
69,36.6,96.5,1.7
81,37.1,95.3,17.7
68,36.4,98,0
73,36.3,95.7,0
87,36.9,95.1,15.9
82,36.5,98.2,0.2
81,34.6,96.6,0
47,34.1,99.5,0
70,34.7,99.7,0
87,36.4,96.9,2.3
64,36.8,97.9,1.4
75,36.1,99.1,0
89,36.2,97.9,0
93,36.7,98,7.9
77,36.3,97.5,0
80,36.4,95.6,2.8
76,36.5,98.3,0
80,36.5,95.3,5.4
77,36.8,95.6,9.9
90,36.8,96.8,11.4
80,36.5,98.8,0
90,36.9,99.2,8.6
76,37,99.3,6.2
89,36.8,97.6,9.5
81,35.8,95.4,0
91,36.8,98.2,8.9
71,36.6,96,3.3
88,36.8,95.3,13.8
83,36.8,97.2,8.5
90,36.6,96.8,7.4
76,36.4,95.4,2
80,36.5,96.8,2.4
81,36.2,97.9,0
90,36.5,98.1,2.8
84,36.8,96.5,10.2
80,36.7,98.7,2.6
81,36.4,95.8,2.7
91,36.3,96.5,2.3
82,36.3,96.9,0
91,36.5,99.3,0.7
81,36.3,97,0
85,36.5,99.6,0
81,36.6,97.1,4.1
90,36.5,98.3,2.4
82,36.6,99.6,0
81,36.6,97.7,2.9
90,37.2,96.6,19.8
93,36.5,96.5,6.9
84,36.2,99.6,0
86,36.7,96,9.8
63,38.3,96.7,33.5
76,36.5,95.3,4.2
83,37.3,98.9,15.1
81,36.7,97.8,4.7
85,36.1,96.6,0
82,36.8,96.2,10.2
91,37,97.8,13.7
94,36.1,97.2,0
84,36.8,96.2,10.8
93,36.3,97.9,0.1
76,36.4,96,0.8
79,36.7,98.1,3.5
90,36.6,95.2,10.6
83,36.5,98.7,0
82,36,97,0
81,36.3,95.6,1.1
85,36.6,98.3,2.9
82,36.7,96.1,8.4
92,36.4,93.7,10.2
94,36.8,99.7,6.8
84,36.6,100,0
91,36.3,99.3,0
84,36.5,98.2,0.8
63,36.4,99.9,0
79,36.3,96.5,0
91,34.7,99,0
93,36.2,98.9,0
72,36.2,97.2,0
89,36.3,97.3,0.1
79,36.7,95.4,8.9
91,36,97.2,0
84,36.8,96.7,9.8
91,36.3,96.1,3.1
84,35.8,98.2,0
80,36.5,95.2,5.6
74,36.5,96.7,0.8
78,36,98.4,0
64,36.7,97.6,6.84E-14
64,36.7,97.5,0.2
80,36.6,97.6,2.8
62,36.6,97.7,0
85,36.9,96.6,12.3
92,36.9,88.1,31.4
80,36.6,99.1,0
91,36.7,95.4,12.5
84,36.4,96.5,2.2
74,36.6,97.5,1.2
90,36.8,96.5,12
78,36.5,97.1,1.2
80,36.2,91.1,7.8
81,35.9,93.4,0
87,36.5,98.1,1.9
83,37.1,96.7,15.5
80,36.3,95.1,1.8
81,36.7,98.8,2.7
80,36.4,97,0
91,36.4,91.9,13.5
84,36.6,93.9,11.4
77,35.7,91.2,0
67,36.7,97.5,1.1
77,36,98.1,0
80,36.6,97,4
81,36.5,98.8,0
77,36.1,98.7,0
78,36.2,96.5,0
80,36.7,93.5,13
81,36.5,99.1,0
91,36.3,99.4,0
84,36.7,98.8,3.6
85,36.9,95.2,15.1
82,36.8,97.1,8.4
92,36.5,99,1.6
84,36.5,99.1,0
92,36.2,99.2,0
71,36.6,96.4,2.5
78,36.7,97,5.4
68,36.8,97.7,3
78,36.6,95.6,6.2
90,36.9,96.7,13.6
82,36.8,98.6,5.4
79,36.4,98.6,0
80,36.1,98.3,0
57,36.6,95.7,0
85,36.3,92.3,8.9
82,36.3,95.8,1
81,36.9,96.6,11.1
77,36.8,91.6,17.9
73,36.6,93.1,9.7
82,36.5,99.2,0
91,36.6,99.7,1.9
83,35.9,97.9,0
81,36.4,98.2,0
69,36.7,97.1,2.5
70,34.5,97.6,0
87,36.4,96.4,3.3
93,36.6,99.8,2.3
94,36.6,99.6,3
88,36.1,94.3,1.8
86,36.7,87.2,27.4
78,36.1,99.3,0
89,34.4,97.6,0
95,36.9,96.4,15.7
85,36.2,97.1,0
82,36.3,95.5,1.6
91,36.5,99.7,0
87,36.5,95.9,6.3
80,36.7,95.5,9
90,36,96.4,0
93,34.6,97.6,0
84,36.9,96.6,12
80,36.2,97.5,0
90,36.7,99.5,4
82,36.8,96.2,10.2
80,36.3,99.8,0
81,36.6,96.9,4.5
81,36.4,97.1,0.1
81,36.4,98.6,0
80,36.3,98.8,0
81,36.8,96.4,9.5
85,36.2,97,0
92,36.9,96.8,14
65,36.9,95.7,8.1
52,36.5,96.3,0
73,36.9,97.7,6.5
66,36.8,95.5,6.8
72,36.5,96.4,0.8
82,34.3,87.8,0
85,36.4,98.8,0
82,36.4,99,0
84,39,96,55.2
91,36.3,93.6,8.1
80,36.4,99,0
90,36.4,96.8,3.4
80,36.3,96.7,0
90,36.3,96.8,1.4
83,36.7,95.7,9.5
91,36.3,97.3,0.7
93,36.5,97.1,5.7
81,36.1,98.9,0
81,36.7,95.4,9.5
91,36.4,97,3.3
96,36.7,95.5,13.8
94,36.6,99.8,2.6
87,36.3,96.6,0.9
87,36.5,97.2,3.7
94,36.3,96.7,2.8
78,36.5,100,0
80,36.5,99.4,0
81,37,96.5,13.3
91,36.5,96.5,6.3
93,36.5,99.4,1.1
94,37,95.3,19.6
85,36.4,99.6,0
78,38.6,96.5,44.4
91,37,99.9,9.5
81,38.9,98.5,47.3
91,36.6,95,11.3
84,36.3,97.9,0
82,36.1,97.4,0
91,36.3,99.7,0
84,36.5,95.4,6.4
85,36.5,98.9,0
82,36.5,98.3,5.33E-15
62,36.3,95.7,0
75,36.7,96.9,4.7
79,36.5,98.6,0
91,36.4,98.5,0.3
93,36,96.2,0
94,36.5,96.3,7.6
84,36.7,98.6,4
91,36.5,96.4,6.5
94,36,95.9,0
84,36.4,97.3,0.6
86,36.4,98.6,0
92,36.5,97.2,5.2
93,36.7,96.1,11.7
65,36.8,96.2,5.1
87,36.4,95.3,5.5
75,36.3,95.1,0.3
67,36,99.6,0
88,36.4,96.6,3.2
75,35.8,98.7,0
66,36.7,97.7,0.4
77,36.5,98.7,0
80,36.1,99.7,0
79,36.1,99.8,0
76,36.7,97.2,4.4
71,36.8,98.8,1.7
79,36.3,95.5,0.7
84,36.1,96,0
57,36.4,96.5,0
94,35.9,90.9,6.4
85,36.3,99.3,0
79,36.6,99.7,0
68,36.2,96.6,0
65,36.5,96.8,0
69,36.3,87.6,13.5
70,36.5,95.8,1.4
71,36.8,95.5,8.3
66,36.7,95.9,4
58,36.6,99.9,0
56,36.3,96.6,0
62,36.7,91.5,11.6
80,36.2,97.2,0
60,36.2,95.3,0
66,36.3,97.9,0
62,36.2,97.8,0
75,36.3,97.1,0
72,36.6,97.9,0
87,36.3,98.1,0
48,36.9,98.4,0
67,36.7,95.7,4.7
65,36.3,88,11.5
58,36.6,96.9,0
62,36.6,96.7,0
52,36.3,98.6,0
77,36.8,99.8,1.5
76,35.9,98,0
67,36.5,97.9,0
70,36.4,97.3,0
54,36.5,95.4,0
72,36.5,98.2,0
88,36.5,97.8,2.8
93,36.1,98.1,0
59,36.2,99.9,0
74,36.4,96.2,0
89,36.8,99.8,5.1
76,37,97.9,9
72,36.5,95.5,2.6
60,36.2,95.4,0
72,36.5,95.2,3.2
88,36.8,97.1,10.2
76,36.6,95.6,5.6
89,36.5,96.3,6.1
93,36.4,95.9,6.1
81,36.6,94.5,9.3
81,36.5,95.5,5.3
91,36.7,96.2,10.9
84,36.5,97.1,3
57,36.3,97.7,0
55,37,97.9,2.7
50,34.3,95.3,0
54,36.4,96.9,0
84,36.6,95,9.2
77,36.5,96.4,2.3
98,36,99.1,0
78,36.2,99.5,0
76,36.7,98.3,2.2
80,36.6,88.5,21
81,36.6,99,0.3
81,36.5,95.1,6.1
91,36.7,99.6,4.1
84,36.3,96.7,0
85,36.1,99.8,0
58,36.4,94,0
85,36.2,94.1,3.3
101,36.9,95.4,19.5
86,36.1,99.9,0
79,36.3,97.6,0
90,36,95.9,0
82,36.5,97.7,1.2
81,36.3,95.3,1.7
81,36.2,97.2,0
77,36.7,95.9,7.3
90,36.4,95.8,5.4
83,36.8,91.2,20.5
78,36.3,97.3,0
90,36.3,95.8,3.4
83,36.7,91.4,18.1
82,36.2,96.6,0
84,36.5,99.2,0
81,36.9,99.5,5.3
85,36.7,98.4,4.7
82,36.5,99.5,0
81,36.3,96.7,0
81,36.5,97.3,1.7
85,36.6,96.5,6.5
92,36.3,98.4,0
93,36.3,89.5,16.9
87,36.7,98.7,4.7
83,36.1,97,0
92,36.4,99.2,0
82,36.3,95.2,2.2
85,36.7,99.4,2.7
81,36.4,96.4,1.5
81,36.4,97,0.3
85,36.7,97.3,6.9
73,36.9,99.9,2.1
79,35.7,99.6,0
77,36.5,95.4,4.3
73,36.5,96.1,1.7
88,36.6,91,18.4
81,36.6,95.9,6.5
77,34.6,98.6,0
56,35.9,96.3,0
61,37,96.3,7.7
62,37,95.5,9.6
69,36,97.9,0
65,36.6,95.2,3.1
69,36.2,95.2,0
77,36.2,96.4,0
67,37,99,4.1
70,36.5,98.9,0
59,36.7,98.4,0
75,36.6,90.6,15.3
75,36.7,98.4,1.7
89,36.4,97.3,2.1
83,36,99.9,0
79,36.3,99.1,0
90,36.3,97.5,0
76,37.1,98.1,10.6
89,37,97.4,13.9
83,36.5,96.1,4.7
79,36.7,92.6,14.5
73,36.5,97.1,0
89,36.4,97.7,1.3
92,36.3,98.3,0
71,36.6,97,1.3
71,36.6,96.2,2.9
76,36.3,96.7,0
78,36.4,98.5,0
68,36.7,96.1,4.2
72,36.4,95.9,0
60,36.8,96.7,2.6
68,36.3,97.2,0
74,36.9,99.9,2.4
75,36.1,98.4,0
60,36.7,99.8,0
68,36.8,99.7,0
88,36.4,96.9,2.6
75,35.9,98.4,0
80,38.7,97.4,45.2
90,36.5,97.3,4.4
80,36.1,96.8,0
81,36.3,96.7,0
62,36.7,95.2,4.2
74,36.3,99,0
72,36.6,99.3,0
76,34.7,97.7,0
80,36.6,95.8,6.4
81,37,96.7,12.9
85,36.5,95.9,5.7
75,36.8,92,16.5
79,36.3,97.8,0
91,36.8,99.2,6.9
87,36.3,95.5,3.1
75,36.5,99.2,0
67,36.6,99.5,0
74,37,99.4,5.4
75,36.2,97.2,0
78,36.3,100,0
79,36.7,95.1,9.5
90,36.9,98.8,9.4
76,36.8,98.2,4.4
83,36.7,98.4,4.1
78,36.9,95.8,11.8
78,36.7,94.2,11
80,36.4,96.5,1
73,36.8,95.3,9.3
89,36.3,98.3,0
83,36.7,97.4,6.1
77,36.7,96.7,5.7
78,36.2,99.5,0
84,36.4,98.6,0
80,36.8,95.7,10.6
81,36.6,98.4,1.5
74,36.5,97,0.2
89,36.2,99.4,0
82,37,93,20.6
74,36.4,97.1,0
77,36.8,99.4,2.3
95,36.5,98.6,3.3
82,36.6,95.3,8
79,36.2,96,0
73,36.6,95.5,4.9
83,36.8,95.1,12.7
78,36.1,97.1,0
73,36.9,96.8,8.3
74,36.6,97.7,0.8
79,37,96.7,12.3
68,36.4,95.2,0
74,36.4,95,2.2
67,36.8,97.5,3.1
81,36.7,98.2,3.9
68,36.8,97.9,2.6
71,35.9,95.8,0
81,36.3,96.8,0
84,36.5,97.5,2.2
78,36.4,97.3,0
80,36.5,97.6,0.8
73,36.3,95.1,0
78,36.6,96.4,4.6
73,36.4,96.6,0
75,36.2,99.4,0
77,36.4,94.7,3.7
84,36.5,98.2,0.8
91,36.4,99.1,0
80,36.3,91.4,9.2
81,36.7,95.9,8.5
81,34.7,95.3,0
81,36.5,96.9,2.5
74,36.7,95.5,7.2
89,36.7,95.3,12.1
81,37.1,97.9,12.5
91,36.4,93.6,10.1
93,36.7,97.8,8.3
80,36.8,98.5,5
62,36.6,96.2,0.2
74,36.4,96.4,0
83,36.3,98.2,0
77,36.4,99.3,0
80,36.4,95.9,2.2
73,36.4,95.4,1.1
75,36.3,96.8,0
75,36.5,97.7,0
79,36.6,98,1.7
73,36.5,91.5,10.9
79,36.2,99.3,0
78,36.2,98.5,0
91,36.5,97.3,4.7
80,36.3,98.3,0
90,36.7,95.6,11.8
64,36.4,98.4,0
57,36.5,95.6,0
67,36.3,97,0
76,36.7,96.1,6.6
90,36.4,95.9,5.2
93,37,97.1,15.7
77,36.1,95.7,0
78,37,94.2,17
84,36.1,96.5,0
78,36.3,97.2,0
61,36.5,95.6,0
85,37.1,97.7,14.1
70,36.8,98.4,2.2
74,36.8,96.5,7.2
90,36.3,96.9,1.2
83,36.5,94.7,7.5
91,36.7,97.8,7.7
87,36.6,97.2,5.7
75,36.2,92,4.5
77,36.5,97.6,0
84,36.5,98.3,0.6
85,36.7,96.5,8.5
86,36.5,95.7,6.4
75,36.4,98.1,0
76,36,97.3,0
72,36.6,95.6,4.4
75,36.7,99.5,0
83,36.4,99.9,0
85,36.4,98.9,0
78,36.6,95.1,7.2
76,36.6,96.8,3.2
72,36.6,96.2,3.2
74,35.7,90.1,0
72,36.5,97.9,0
77,36.2,95.7,0
73,36.9,97.2,7.5
54,37,96,6.2
74,36.5,96.1,2
72,36.9,96.1,9.4
74,36.8,97,6.2
72,36.2,99.1,0
74,36.2,98.4,0
79,36.4,97.8,0
90,35.7,95.4,0
76,36.8,95.3,10.2
75,36.5,99.9,0
72,36.1,95.7,0
79,36.4,95.2,3.3
94,36.6,95.7,10.8
85,36.8,97.8,7.9
86,36.5,98.1,1.6
79,36.4,98,0
90,36.1,96.7,0
83,36.5,95.7,5.5
82,36.4,95.4,3.8
81,37.2,95.2,19.9
81,36.8,96.4,9.5
79,36.6,95.6,6.5
73,36.1,98.4,0
75,36.4,99.1,0
78,36.8,98.4,4.6
68,36,96.7,0
58,36.6,95.7,2.26E-14
68,36.1,98.3,0
69,36.6,99.4,0
78,36.7,99.5,0.4
77,36.8,95.9,9.3
72,36.2,96.2,0
79,36.4,98.7,0
78,36.8,97.4,6.6
91,36.5,95.8,7.7
80,36.6,97.6,2.8
76,36.2,97.2,0
80,36.8,96.9,8.2
90,36.2,98.2,0
87,36.9,97.9,10.3
83,36.9,96,12.9
81,36.8,96.4,9.5
91,37.3,98.9,17.5
84,36.2,99.2,0
82,36.1,99.1,0
77,37,99.1,6.9
80,36.5,99.2,0
81,36.7,93.1,14.1
77,37.1,98,11.1
56,36.7,91.2,10.4
50,36.3,99,0
77,36,97.5,0
78,36.3,95.3,0.8
73,36.6,96.9,2.1
89,36.6,96.2,8.3
93,36.3,96.3,3.3
94,37,98.6,13
105,36.4,95.8,9.9
87,36.4,96.5,3.1
92,36.3,97.7,0.2
99,36.6,95.8,12.1
78,36.6,99.1,0
90,36.5,96.2,6.6
83,36.1,99.9,0
82,36.6,94.5,9.6
68,36.5,99.5,0
78,36.7,95.3,8.8
73,36.8,96.3,7.3
79,36.1,99.6,0
73,36.6,99.3,0
72,36.1,97,0
88,36.5,96.6,5.2
81,36.7,98,4.3
80,36.8,99.9,2.2
73,36.2,95.1,0
60,36.4,99.7,0
73,36.5,98.4,0
66,36.4,97.9,0
64,36.4,96.8,0
68,36.4,98.3,0
87,36.3,98.9,0
98,36.3,92.1,13.2
84,36.7,96.2,8.8
92,36.7,95.2,13.2
88,36.2,99.3,0
81,36.6,96.4,5.5
91,36.2,99.8,0
93,36.3,97.2,1.5
84,36.2,99.9,0
58,36.5,100,0
84,36.5,99.7,0
78,36.8,96.8,7.8
78,36.2,95,0
80,36.3,97.6,0
76,36.7,98.6,1.6
78,36.9,98,7.4
56,36.3,97,0
84,36.4,96.9,1.4
78,36.8,99.3,2.8
76,36.1,98.9,0
76,36.1,97.9,0
75,36.1,97.7,0
67,37.4,95.2,19.7
87,36.8,97.2,9.7
75,36.1,99.6,0
77,36.4,97,0
84,37,90.1,27
68,35.9,97.4,0
87,36.4,99.2,0
83,36.6,99.1,0.7
81,36.8,96.5,9.3
77,36.2,99.7,0
76,36.5,97.2,0.4
76,36,97.4,0
83,36.5,98.9,0
85,36.6,99.4,0.7
85,36.3,96.6,0.3
82,36.7,95.7,9.2
79,36.7,92,15.7
80,36.7,100,5.68E-14
90,36,95.2,0
94,36.7,96.1,12
84,36.1,96,0
86,36.9,98.6,8.6
79,36.3,99.1,0
80,36.8,94.1,13.8
81,36.4,96.8,0.7
77,36.1,99.2,0
78,36.5,99.3,0
80,36.8,96.2,9.6
81,36.1,95.4,0
74,36.4,99.2,0
72,36.6,98.3,0
75,36.5,97.2,0.1
79,36.7,95.8,8.1
90,36.4,99.5,0
93,36.4,95.9,6.1
94,36.5,99.4,1.4
82,36.4,99.3,0
74,36.4,97.3,0
77,36.8,97.5,6.1
73,36.2,99.5,0
74,36.2,97.6,0
65,36.1,98.7,0
81,34.8,97.3,0
74,36.5,95.7,2.8
79,36.1,99.3,0
81,36.8,96.6,9.1
90,36.1,97,0
57,36.3,99,0
85,38.3,90.8,51.9
86,36.3,95.2,3.4
79,36.8,99.1,3.5
77,36.2,98.8,0
78,37,99.2,7
79,36.6,97.4,2.9
83,36,96.6,0
92,36,95.9,0
82,35.9,95.7,0
81,36.8,96.9,8.5
81,36.4,99.2,0
80,36.9,96.5,11
78,37,98.3,8.8
79,36.7,99,1.7
78,36.1,99.7,0
80,36.8,95.1,11.8
81,36.4,99.6,0
90,36.6,99.2,2.6
83,36,99.6,0
85,36.8,93,17.5
75,36.4,97.1,0
89,36.9,97.8,11.1
87,36.8,96,12.1
80,36.7,99.9,0.2
85,36.2,95.2,1.1
82,36.3,95.6,1.4
80,36.8,98.3,5.4
81,36.5,92.9,10.5
90,36.1,98.7,0
83,36.6,99.6,0
81,34.2,99.8,0
90,37.1,99.6,11.8
79,36.3,98.6,0
84,36.4,95.3,4.6
86,35.9,97,0
75,36.5,95.2,4.1
79,36.7,95.2,9.3
68,36.8,98.5,1.4
88,36.4,97.8,0.8
87,37.2,98.2,15.7
91,36.2,96.6,0.1
93,36.5,98.5,2.9
88,36.5,95.2,8
82,36.5,92.5,11.6
92,36.7,99.5,4.6
87,36.5,97.8,2.5
86,36.2,98.6,0
82,36.7,95.1,10.4
91,36.4,98.9,0
84,36.7,95.9,9.4
82,36.5,96.8,3
85,36.6,99,1.5
81,37.1,97.2,13.9
81,36.5,98.6,0
91,36.3,97.1,1.1
79,36.5,99.2,0
81,36.4,96.8,0.7
77,36.3,95.5,0.1
80,36.5,98.3,0
81,37.2,98.5,13.3
83,36.7,95.7,9.5
92,36.6,98.7,4.2
82,36.8,97.6,7.4
91,37.3,99.6,16.1
94,36,99,0
94,36.3,98.6,0
84,36.4,98.5,0
86,37,98.5,10.8
88,36.8,99.6,5.2
74,36.1,97.8,0
55,36.2,98,0
61,36.8,95.1,6.1
84,36.3,90,13.2
91,36.5,97,5.3
92,36.4,99.7,0
79,36.2,98.8,0
79,36.5,95.9,3.9
80,36.2,98.9,0
78,36.2,96.9,0
81,35.9,96.7,0
91,36.3,97.4,0.5
84,36.4,96.5,2.2
81,37,98.7,8.9
81,36.4,98.3,0
91,36.3,99.9,0
94,37.1,99.8,12.6
81,36.1,99.4,0
85,36.9,99.1,7.3
87,37,99.9,8.3
83,36,97.4,0
97,36.5,98.1,4.9
79,36.2,99.5,0
80,36.4,95.9,2.2
91,36.4,98.8,0
84,36.3,95,3.2
69,36.8,98.6,1.5
87,36.5,99.2,0
93,36.2,96.1,1.7
84,36.4,95.8,3.6
108,36.6,96.7,13
98,37.3,97,23.4
81,36.2,99.9,0
81,36.2,96,0
81,36.4,95.6,3.1
91,38.2,98.1,37.1
93,36.4,95.9,6.1
103,36.6,88.2,28.5
87,36.4,96.5,3.1
82,35.9,97,0
81,37.3,97.4,17.5
81,36.6,97.9,2.5
91,36.9,95.2,16.9
103,36.4,95.3,10.3
96,36.6,90.1,22.6
89,36.8,92.3,20.1
82,36.1,97.7,0
77,36.7,95.7,7.7
78,36.6,98.3,0.8
89,36.6,99.4,1.9
93,36.8,98,9.9
81,36.6,95.8,6.7
81,36.3,96.6,0
56,35.9,97.5,0
71,36.6,98.3,0
71,36.6,95.4,4.5
78,37,97.2,11
76,36.9,99.6,3.6
75,36.8,99.2,2.1
75,36.8,97.7,5.1
78,36.8,93.2,15
77,36.4,98.7,0
80,36.6,96.6,4.8
91,36.2,95.9,1.5
79,36.7,93.9,11.9
84,36.3,95.6,2
91,36.4,98.7,0
84,36.6,97.3,4.6
82,36.2,96.9,0
96,36.3,99.4,0
74,36.3,94.1,2
89,36.7,95.2,12.3
83,36.4,95.9,3.1
79,36.6,98.4,0.9
68,36.3,97.6,0
75,36.5,97.2,0.1
80,36.2,99.4,0
81,36.8,98.3,5.7
81,36.4,98.8,0
81,36.3,98,0
92,36.8,96.7,12.2
87,36.5,98.2,1.7
83,36.5,98.3,0.3
77,36.8,97.5,6.1
92,36.1,97.6,0
99,37,92.6,26.5
104,36.1,96.5,2.2
87,36.4,99.4,0
92,36.9,96.1,15.4
105,36.7,99.4,8.7
88,36.8,97,10.4
83,36.5,96.8,3.3
91,36.1,98.2,0
93,36.4,96.6,4.7
84,36.5,98.2,0.8
82,35.9,99,0
81,36.7,98.5,3.3
81,36.7,98.6,3.1
81,36.7,96.7,6.9
77,36.3,97.1,0
80,35.9,96.2,0
90,38.6,98.6,43.8
104,36.6,97.6,10
87,36.8,98,8.1
75,36.4,98.9,0
76,37.2,98.1,12.6
89,36.8,97.6,9.5
83,36.7,98.4,4.1
82,36.6,95.8,7
81,36.6,96.2,5.9
81,36.6,98.7,0.9
91,36.8,97,11.3
87,36.3,97.1,0
93,36.7,94,15.9
84,36.1,96.5,0
82,36.2,98.4,0
74,36.6,98.9,0
79,36.7,98.9,1.9
84,36.5,97.4,2.4
97,36.5,96.2,8.7
85,34.8,98.1,0
92,36.6,99.1,3.4
84,36.1,95.6,0
91,36.7,99.2,4.9
83,36.4,96.6,1.7
102,36.4,96.3,8
87,36.4,99.5,0
75,36.4,95.3,1.9
89,36,98.5,0
93,36.4,99.1,0
84,36.1,95.1,0
92,36,98.8,0
84,36.6,99.2,0.8
64,36.3,97.9,0
57,36.5,96.1,0
70,36.5,98.9,0
78,36.9,92.1,19.2
90,36.2,99.8,0
65,36.9,96.2,7.1
72,36.7,95.2,7.2
60,36,93.4,0
56,36.4,95.9,0
49,36.5,99.2,0
54,36.6,91.3,7.6
69,36.2,97.3,0
54,36.4,99.5,0
55,35.9,99,0
62,36.6,98.2,0
69,36.5,95.4,1.9
74,39,95,54.2
79,36.7,99.7,0.3
81,36.5,96.5,3.3
90,36.8,95.6,13.8
80,36.5,95.9,4.2
76,36.4,92,8.8
63,36.6,95.5,1.9
76,36.9,99.3,4.2
80,36.8,95.1,11.8
62,37.6,96.8,19
60,36.3,98.1,0
76,37,95,14.8
67,35.9,96.1,0
70,36.3,98,0
73,36.5,97.3,0
79,36.6,95.4,6.9
90,36.2,98.1,0
87,37.1,98.4,13.3
79,36.5,95.6,4.5
68,36.4,95.3,0
77,36.7,97.1,4.9
89,36.3,97.8,0
76,36.3,87.4,16
72,36.5,97.6,0
74,36.4,99.6,0
90,36.5,99.2,0.6
83,36.7,93,14.9
91,36.7,95.6,12.1
79,36.4,95.9,1.9
56,37.1,99.1,2.6
70,36.4,92.6,5.8
105,35.9,88.3,14.9
97,36.6,99.3,4.5
85,36.4,97.4,0.7
82,36.7,95.4,9.8
74,36.5,94,6.2
89,36.4,99.7,0
80,36.8,95.8,10.4
78,36.5,98.5,0
80,36,97.6,0
81,36.7,96.5,7.3
81,36.7,98.2,3.9
91,36.4,96,5.3
87,36.8,95.9,12.3
93,36.5,97.9,4.1
77,36.8,91.3,18.5
84,36.2,96.9,0
81,36.4,98.2,0
91,35.7,98.5,0
79,37,99.1,7.5
76,36.9,98.8,5.2
80,36.5,99,0
90,36.5,98.6,1.8
83,36,93.6,0
77,36.1,95.4,0
80,36.6,95.7,6.6
90,36.7,92.8,17.4
93,36,97.2,0
94,36.7,96,12.2
85,36.7,97.5,6.5
92,36.7,97.3,9
80,36.2,98.7,0
81,36.6,97.8,2.7
81,36.5,95.3,5.7
91,36,97,0
94,36.4,95.8,6.6
94,36.1,96.2,0
94,36.6,97.9,6.4
84,36.7,98.5,4.2
75,37.1,98.5,9.5
90,36.5,99.9,0
93,35.9,95.9,0
92,36.4,97.5,2.6
88,36.8,98.1,8.2
102,36.5,99,4.6
93,36,98.4,0
72,36.3,98.2,0
84,36.5,94.3,8.6
85,36.4,98.3,0
104,36.7,98.7,9.8
81,36.4,95.9,2.5
95,36.4,96.8,4.9
81,36.1,99.8,0
79,36.8,95.2,11.3
78,36.4,97,0
82,36.1,90.8,7
79,36.8,96,9.7
78,36.2,95.1,0
72,36.7,99.6,0
79,37.3,93.2,25.3
80,36.7,95.3,9.4
85,37,99.7,8.1
78,36.5,96,3.4
74,36.6,98.7,0
76,36.5,99.9,0
73,36.7,98.1,1.7
70,36.6,99.5,0
71,36,97.8,0
68,36.4,95.5,0
67,36.8,97.9,2.3
71,36.4,99,0
65,36.6,95.5,2.5
68,36.5,96.7,0
68,36.3,96.3,0
68,36.6,95.7,3
66,36.8,98.3,1.2
67,36.9,93.8,12.5
66,36.5,98.4,0
69,36.7,96.3,4.1
67,36.4,96.7,0
68,36.5,95.6,1.2
65,36.9,91.6,16.3
66,36.3,99.5,0
66,37,97.5,6.8
78,36,97.3,0
70,36.2,98.3,0
66,36.4,96.7,0
64,36.4,99.3,0
66,36.6,95.2,3.4
67,34.2,95.7,0
63,36.3,96.3,0
66,36.5,96.5,0
62,36.3,99.4,0
72,37,99.9,3.8
78,36.2,95.2,0
74,36.4,96.5,0
71,36.8,97,5.3
73,36.2,96.8,0
66,36.5,99,0
68,36.8,95.4,7.6
75,36.7,95.2,8.1
71,36.2,95.4,0
77,36.5,96.8,1.5
88,36.4,98.3,0
82,37,99.2,8.2
79,36.4,96.2,1.3
78,36.6,97.4,2.6
83,35.8,95.4,0
77,36.2,98.8,0
84,36.8,98.4,6.4
101,36.4,97,6.3
93,37.1,97.7,16.5
94,36.3,96,4.2
85,36,95.2,0
75,36.5,96.1,2.3
77,36.3,98.4,0
76,36.6,96.1,4.6
89,36.8,97.9,8.9
87,36.3,97.1,0
86,36.4,95.2,5.4
92,36.7,95.2,13.2
84,38.7,96.3,48.6
74,36.7,90.4,17.4
79,36.3,97.3,0
81,36.8,99.4,3.5
76,36.3,99.3,0
83,36.4,99,0
85,36.2,98.1,0
82,36.3,97.1,0
91,36.2,99.5,0
87,36.6,95.5,9.1
85,36.9,97.2,11.1
92,36.6,97.1,7.4
80,36.4,97.8,0
90,36.3,97.4,0.2
94,36.7,96.3,11.6
84,36.4,97.5,0.2
91,36.6,99.5,2.3
84,36.5,95.7,5.8
81,36.5,95.8,4.7
85,36.5,99.2,0
80,36.9,97.6,8.8
84,36.7,96,9.2
82,36.4,98.2,0
91,36.8,96.6,12.1
87,36.2,98.4,0
86,36.6,97.1,5.6
82,36.1,98.1,0
81,36.4,99.4,0
77,36.4,98.1,0
84,37.5,99.2,18.8
78,36.2,98.8,0
90,36.4,98,1
93,36.6,97.3,7.3
94,36.7,97.5,9.2
77,36,97.7,0
87,36.6,97.9,4.3
78,34.4,97.1,0
77,36.6,98.5,0.1
80,36.8,97.7,6.6
77,36,98.4,0
73,35.9,97.2,0
79,36.4,97.1,0
90,36.5,98.8,1.4
82,36.3,99.3,0
91,36,95.3,0
84,36.3,96.7,0
77,36.4,95.7,1.7
79,35.9,97.1,0
83,36.3,98.4,0
81,36.6,96.3,5.7
81,36.8,99.6,3.1
77,36.4,99.4,0
90,36.2,98.4,0
94,36.6,99.8,2.6
94,36.4,96.6,5
94,36.6,95.3,11.6
84,36.2,93.2,4.8
82,36.7,95.7,9.2
91,36.6,99.2,2.9
93,36.4,99.4,0
103,36.2,96.4,4.1
105,36.2,96.2,5.1
97,36.6,98.4,6.3
85,36.5,97.3,2.9
80,36.7,95.2,9.6
81,36.2,95,0.3
74,37,95.7,12.8
89,36.5,98.7,1.3
93,36.1,97.2,0
94,36.3,99,0
87,36.7,97.6,6.9
86,36.4,98.5,0
82,36.4,96.7,1.2
81,36.6,96.7,4.9
97,36.4,99.3,0.5
85,36.6,98.8,1.9
82,36.5,96.6,3.4
91,36.1,92,7.3
76,36.3,97.5,0
75,36.4,97.6,0
82,36.6,97.5,3.6
85,36.1,97.8,0
81,36.3,95.2,1.9
74,36.6,95.2,5.8
83,36,97.7,0
81,36.2,95.7,0
79,37.1,91,25.7
77,36.7,97.2,4.7
80,36.5,98.6,0
84,36.8,98.3,6.6
80,36.4,95,4
84,35.8,96.8,0
80,36.7,96.3,7.4
73,36.6,95.4,5.1
79,36.3,98.4,0
76,36.8,98.6,3.6
76,36.5,99.1,0
77,39,97.7,49.7
80,36.2,98.7,0
79,36.1,98.2,0
78,36.2,98.8,0
61,37.3,98.8,8.7
62,36,95.7,0
73,36.3,92.2,5.5
77,36.5,97.3,0.5
75,36.4,98.5,0
77,36.3,98.3,0
78,36.4,95.2,3
73,36.8,94.8,10.3
66,36.4,96.7,0
76,36.7,99.1,0.6
83,36.3,97,0
82,36.5,98.8,0
81,36.6,95.3,7.7
75,36.3,97.6,0
89,36.3,99.4,0
81,36.4,99.5,0
74,36.6,97.4,1.4
77,36.6,98,1.1
75,36.2,95.8,0
73,36.6,95.3,5.3
77,36.4,96.6,0
79,36.5,99.3,0
72,36.9,97.6,6.4
71,36.6,95.3,4.7
70,36.6,98.2,0
74,36.6,97.6,1
75,36.7,99.6,0
72,36.4,95.7,0.2
71,35.8,98.8,0
74,36.5,96.6,1
81,36.7,99.5,1.3
84,36.7,97.3,6.6
85,36.4,96.4,2.7
80,36.9,98.8,6.4
81,36.2,99.3,0
77,36.5,97.2,0.7
76,36.6,99.5,0
78,36.3,96.8,0
78,36.6,99.1,0
73,36.3,96.6,0
63,36.6,86.3,20.3
57,36.5,96.9,0
71,36.1,90.9,3.5
82,36.2,97.4,0
77,36.2,97.8,0
80,36.4,97.6,0
67,36.5,95.2,1.7
65,36.5,99.3,0
69,36.2,95,0
78,37,99.3,6.8
67,36.7,93.2,9.7
74,36.3,86.1,18
67,36.2,95.1,0
77,36.9,95.3,12.5
80,36.2,98.1,0
80,36.7,99.8,0.4
68,36.2,99.3,0
92,36.5,95.9,7.8
79,37,95.7,14.3
65,36.5,95.5,0.5
73,36.3,97.4,0
79,36.8,96.5,8.7
80,36.6,95.8,6.4
90,36.7,95.4,12.2
79,37.4,95.9,21.9
73,36.5,97.9,0
63,36.6,95.5,1.9
63,36.7,95.3,4.3
73,36.3,96.6,0
64,36.6,98.1,0
64,36.7,98.5,0
86,36.4,85.6,24.6
99,36.7,96.2,13.3
78,36.3,98.3,0
78,36.3,98.4,0
80,36.4,95,4
99,36.4,98.2,3.3
95,36.7,98.2,8.1
85,36.7,96.4,8.7
92,36.3,100,0
93,36.6,99.3,3.3
77,36.9,95.7,11.7
76,35.9,99.7,0
80,36.7,97.9,4.2
81,36.4,97.6,0
81,36.4,97.2,0
85,36.6,90.1,19.3
86,36.9,97.1,11.6
92,36,97.7,0
87,36.6,95,10.1
92,36.9,95.3,17
84,35.7,99.2,0
91,36.1,98.7,0
80,36.6,91.3,15.4
76,37.1,98.5,9.8
89,36.4,98.7,0
83,36.6,97.1,4.7
92,36.4,95.4,6.8
84,36.3,87.1,19
82,36.4,96.3,2
77,36.4,98.1,0
83,36.8,96.4,10.1
79,36.3,99.1,0
90,36.5,99.7,0
80,36.5,98,0
90,36.3,98.3,0
80,36.2,99.2,0
90,36.1,92.9,5.2
83,36.8,100,2.9
77,36.2,96.5,0
90,36.7,85.3,32.4
93,36.5,95.4,9.1
84,36.4,99.2,0
74,36.1,96.4,0
79,36.6,99.4,0
81,36.3,95.2,1.9
68,36.2,97,0
86,36,95.9,0
101,36.3,98.5,1.3
86,36.8,99.4,5
91,36.3,99.3,0
84,36.5,99,0
82,36.6,99.5,0
85,37,95.6,16.3
78,36.2,96.5,0
84,36.6,99.8,0
91,36,99,0
82,36.5,96.6,3.4
79,36.6,96.1,5.5
80,36.1,97.7,0
81,36.7,95.8,8.7
85,36.5,95.7,6.1
95,36.4,96.9,4.7
85,36.4,98.9,0
81,36.4,99.7,0
80,36.5,98.1,0
95,38.6,98,46.5
81,36.8,95.6,11.1
99,36.2,95.5,4.7
86,36.6,97.8,4.2
82,36.4,95.9,2.8
77,36.7,96.9,5.3
89,36.6,98.7,3.3
87,36.2,99.9,0
83,36.6,96.3,6.3
78,35.8,95.7,0
80,36.8,96.7,8.6
81,36.2,94.3,1.7
85,36.5,98.4,0.7
86,37.1,98.7,12.4
92,36.2,91.3,11
82,36.2,97.9,0
80,36.9,97.1,9.8
81,36.9,99.9,4.5
92,37.1,99,13.6
81,34.9,95.6,0
74,36.7,99.9,0
73,36.7,97.8,2.3
88,36.4,99.7,0
87,36.8,99.3,5.5
75,36.4,95.1,2.3
71,36.9,98,5.3
73,35.7,97.6,0
70,36.5,97.8,0
76,35.8,96.7,0
77,36.5,96.1,2.9
80,36.4,95.3,3.4
73,36.6,97.8,0.3
70,36.7,92.7,11.6
77,36.6,99.8,0
78,36.2,99.7,0
78,36.2,95.8,0
73,36.6,96.9,2.1
70,36.3,96.7,0
71,36.6,98.6,0
70,36.8,97.6,3.8
66,36.7,100,0
69,36.5,95.7,1.3
69,36.5,100,0
74,36.8,95.2,9.8
72,36.7,98,1.6
88,36.7,96.6,9.2
82,37.1,99.7,9.2
85,35.8,98.8,0
92,36.5,96.5,6.6
82,36.5,98.7,0
75,37,99,6.5
72,36.4,96.6,0
82,36.8,93.1,16.4
57,36.1,96.2,0
72,36.1,96,0
71,36.7,96,5.3
77,34.7,96.5,0
80,36.7,96.4,7.2
81,36.5,96.1,4.1
90,35.4,98.3,0
82,36.5,98.6,0
80,36.3,96.6,0
80,36.6,98.9,0.2
79,35.9,96.8,0
84,36.8,99.1,5
80,36.5,99.1,0
85,36.5,98.6,0.3
79,36.2,96.9,0
90,36.6,96.9,7.2
82,36.4,96.6,1.4
81,36.3,98.3,0
74,36.2,98,0
79,36.4,97.6,0
90,36.8,87.2,30.6
99,36.2,98.8,0
82,36.6,92.5,13.6
85,37,97.1,13.3
92,36.6,97.7,6.2
93,36,97.6,0
95,36.7,97.4,9.7
94,36.7,97.2,9.8
83,36.5,96.6,3.7
85,36.6,98.8,1.9
82,36.6,98.9,0.8
81,36.7,97.7,4.9
91,36.6,96.3,8.7
93,36.6,96.2,9.5
83,36.1,97.7,0
82,36.2,98.3,0
77,34.8,96.6,0
84,36.4,93,9.2
91,36.5,99.3,0.7
87,37.3,96.7,20.7
110,36.7,99.2,10.6
84,36.2,99.1,0
78,36.7,96.2,7
78,36.4,98.9,0
90,36.4,98.9,0
83,36.2,92.5,5.9
85,36.7,98,5.5
70,36.7,95.8,5.4
88,36.4,98.1,0.2
81,36.1,99.7,0
81,36.2,98.4,0
79,36.8,99.8,2.1
81,36.2,98.1,0
85,36.6,99.4,0.7
92,36.1,99.2,0
83,36.7,97.2,6.5
115,36.2,92.2,16.1
90,36.4,97.3,2.4
93,37,95.2,19.5
94,36,96.2,0
84,36,99.9,0
92,36.9,99.7,8.2
88,36.6,99.2,2
83,36.6,95.1,8.7
79,36.8,96.5,8.7
90,36.6,96.4,8.2
83,37.1,98.3,12.3
74,36.7,92.4,13.4
89,36.5,98.5,1.7
83,35.9,95.9,0
96,37,95.9,19
78,37.2,97.3,14.8
80,36.7,99.4,1.2
90,36.3,95.3,4.4
99,36.4,97.6,4.5
95,36.7,97.3,9.9
85,36.4,96.7,2.1
92,36.4,98.5,0.6
94,36.2,96.6,1
94,36.7,99.4,5.4
84,36.1,100,0
78,36.3,97.5,0
80,36.1,100,0
90,36.7,99.6,3.8
83,36.7,99.2,2.5
91,36.7,99.4,4.5
80,36.9,96.1,11.8
81,36.4,97.6,0
85,36.2,92.2,7.1
92,36.4,95.2,7.2
94,36.5,97.2,5.8
88,36.1,96.8,0
87,35.7,90,2.1
86,36.7,100,1.8
82,36.6,96.1,6.4
79,36.1,96.4,0
76,36.7,98,2.8
80,36.6,96.5,5
90,36.5,95.1,8.8
83,36.4,97,0.9
85,36.6,99.2,1.1
82,36.9,97.6,9.4
81,34.9,99.4,0
81,36.2,97.8,0
91,36.2,97.4,0
94,36.2,99,0
81,36.2,96.4,0
85,36.8,97.6,8.3
82,36.3,94.6,3.4
81,36.1,97.8,0
81,36.7,99.2,1.9
81,36.5,97.7,0.9
91,36.9,96.1,15.1
89,36.6,96.8,7.1
93,36.3,96.4,3.1
85,36.7,97.9,5.7
92,36.4,98.4,0.8
93,36.7,99.4,5.1
88,36.5,99.2,0
87,36.4,98.3,0
92,36.5,96.2,7.2
93,35.8,99,0
88,36.8,99.2,6
92,36,96.2,0
77,36.4,95.7,1.7
77,36.3,99.3,0
95,35.6,95.7,0
85,36.9,97.2,11.1
80,36.8,98.3,5.4
81,36.6,99.3,0
79,36.6,97.2,3.3
84,36.8,98.8,5.6
85,36.7,96.4,8.7
80,36.9,93.2,17.6
83,36.3,99.7,0
91,36.3,98.2,0
82,36.5,98.6,0
91,36.3,92.6,10.1
80,36.6,97.4,3.2
56,36.4,95.4,0
69,36.7,99.1,0
78,35.9,99,0
77,36.4,96,1.1
88,36.1,91.5,7.4
88,36.8,98.3,7.8
81,36.4,99.1,0
81,36.7,96.9,6.5
85,36.5,97.2,3.1
83,36.4,96.4,2.1
84,36.5,95.7,5.8
57,37.2,99.3,4.5
84,36.5,95.4,6.4
75,36.4,98.7,0
77,36.5,98.7,0
78,36.7,98.2,3
78,37,99.3,6.8
84,36.3,99.7,0
82,36.3,96.9,0
77,36.6,95.5,6.1
61,36.4,92.2,3.9
73,37.1,97.6,10.7
79,36.6,96.6,4.5
80,36.5,99,0
81,36.3,96.9,0
81,36.5,96.6,3.1
81,34.8,98.1,0
81,36.2,96.6,0
81,36.6,95.9,6.5
91,36.6,96,9.3
84,36.7,98.3,4.6
80,36.5,97.4,1.2
77,36.4,99.3,0
80,36.5,95.4,5.2
90,36.5,99.3,0.4
83,36.3,95.5,1.9
91,36.3,97.6,0.1
87,36.5,98.3,1.5
82,36.7,98.5,3.6
85,36.2,98.7,0
92,36.2,96,1.6
84,36.1,99.9,0
82,36.6,95.8,7
91,36.4,95.9,5.5
93,36.4,98.8,0.3
94,36.3,95.6,5
82,36.2,97.9,0
81,36.1,97.1,0
91,36.7,98.6,6.1
87,36.4,98.8,0
83,36.3,96.3,0.3
91,35.9,95.5,0
84,36.2,96.5,0
82,36.6,99.9,0
91,36.2,97.4,0
80,36.6,99,2.84E-14
73,37.3,91.5,26.9
94,36,96.1,0
82,36.5,98.3,5.33E-15
91,37.2,91.2,30.9
84,36.5,97.3,2.6
78,36.3,95.4,0.6
75,36.4,96.3,0
81,36.2,95.5,0
74,36.7,99.4,0
83,36.5,92.6,11.7
81,36.9,96.3,11.7
91,36.3,95.6,4.1
87,36.7,96.9,8.3
75,36.8,97.1,6.3
89,36.3,96.9,0.9
93,36.2,97.4,0
84,36.8,98.7,5.8
82,36.6,98.7,1.2
92,36.6,95.2,11.2
59,36,90.1,0
75,36.4,96.9,0
80,36.7,99.2,1.6
81,36.3,99.7,0
81,36.2,99.6,0
74,37,95.5,13.2
75,36.5,99.8,0
89,36.7,99,4.7
93,36.6,96.8,8.3
82,36.4,96.7,1.2
79,36.9,97.2,9.3
90,36.6,97.2,6.6
80,36.8,98.7,4.6
73,36.7,96.8,4.3
73,36.2,96.7,0
77,36.8,96,9.1
78,36.4,96.1,1.2
72,36.1,96,0
76,35.8,97,0
73,36.4,98.3,0
72,36.4,95.4,0.8
71,36.1,95.7,0
70,36.3,95.8,0
75,36.6,97.3,1.9
79,36.6,99.6,0
68,36.8,98.8,0.8
69,36.3,95.5,0
70,37,95.1,12.8
73,36.5,96.6,0.7
88,35.7,98.9,0
79,36.2,96.8,0
76,36.4,97.5,0
80,36.7,99.1,1.8
91,36.4,99.7,0
102,36.7,99.8,7
96,36.9,99.7,9.4
95,36.7,98.8,6.9
85,36.5,96.5,4.5
82,34.5,98.9,0
91,36.3,98.2,0
80,36.3,98.1,0
79,36.5,97.6,0.5
77,36.5,90.6,13.9
73,36.5,96.9,0.1
77,36.6,95.1,6.9
72,36.3,95.7,0
71,36.7,98.4,0.5
106,36.6,98.7,8.4
85,36.7,99.7,2.1
75,36.3,96.7,0
77,36.4,97.9,0
76,36.5,96.7,1.4
83,36.2,96.9,0
74,36.8,96.7,6.8
83,36.4,99.7,0
91,36.4,98.5,0.3
79,36.1,98.1,0
78,36.4,97.9,0
73,37.4,98.7,14.5
77,36.5,99,0
76,36.3,96.2,0
72,36.7,98.8,6.22E-14
75,36.7,90.3,17.9
95,36.3,95.2,6.1
77,36.3,98.2,0
90,37.2,96.4,20.2
83,36,96.4,0
92,36.8,97.2,11.2
84,36.4,98.5,0
82,37,93.3,20
84,36.5,97.4,2.4
91,36.6,98,5.3
80,36.4,98.5,0
90,36.5,99.9,0
83,36.2,97.7,0
85,38,99.7,28.1
75,36.5,97,0.5
79,36.2,99.4,0
78,36.2,97.8,0
79,37,92.4,20.9
76,36.2,98.8,0
89,36.6,96.8,7.1
93,36.4,97.2,3.5
94,36.4,91.3,15.6
85,35.9,97.6,0
82,36.9,98.8,7
81,37,96.5,13.3
113,36.3,98.4,5.1
117,36.5,96.5,14.1
100,36.9,98.4,13.2
96,36.7,98.9,7
94,37.1,98.5,15.2
87,36.1,96,0
79,36.1,97.2,0
90,36.5,95.5,8
80,36.5,95.2,5.6
90,34.5,97.3,0
83,36.8,96.8,9.3
91,36.5,97,5.3
93,36.4,96.7,4.5
88,34.5,96.2,0
79,36.2,96.1,0
90,36.4,95.7,5.6
87,36.4,99.2,0
92,36.3,98.4,0
82,36.3,98.1,0
81,36.3,99.4,0
85,36.8,98.1,7.3
85,36.6,95.6,8.3
92,36.1,99.4,0
84,36.4,95.6,4
74,36.6,97.3,1.6
89,35.8,98.2,0
82,36.7,99.4,1.8
80,36.4,95.1,3.8
77,36.5,99.5,0
90,36.5,99.4,0.2
83,36.3,97.4,0
78,36.8,95.6,10.2
76,36.3,98.1,0
75,36.5,97.3,0
60,36.5,96.9,0
85,36.5,97.3,2.9
92,36.4,97.1,3.4
79,36.7,96.1,7.5
81,36.6,99.6,0
76,37,99.8,5.2
89,36.3,96.2,2.3
79,36.5,98.1,0
80,36.9,98,8
90,36.7,95.5,12
59,36.6,96.6,0
71,36.7,97.8,1.7
89,37.1,95.6,19.5
70,36.4,97.1,0
59,36.6,93.5,4.7
75,36.6,96.3,3.9
90,36.1,96.1,0
79,36.5,97.6,0.5
67,36,91.2,0
77,37,96.3,12.5
80,36.8,95.2,11.6
81,36.1,96,0
89,36.4,99.1,0
79,36.3,96.7,0
90,37,97.2,14.6
81,36,96.8,0
91,36.7,99.4,4.5
93,36.7,91.1,21.7
84,35.9,95.2,0
80,36.7,97.6,4.8
90,34.6,97.8,0
83,36.6,98.4,2.1
79,36.7,97.4,4.9
76,36.3,98.9,0
61,36.2,90.1,4.1
72,36.7,99,0
88,37.1,98,14.4
76,36.8,98.7,3.4
80,36.6,98.4,1.2
73,35.9,99.1,0
82,36.2,98.6,0
81,36.7,97.9,4.5
63,35.9,97.2,0
76,36.6,96.3,4.2
70,37.1,96.4,12.2
78,36.8,92.1,17.2
88,36.9,99.1,8.2
59,34.2,98,0
53,37,99.8,0
86,36.6,95.1,9.6
86,36.8,98.9,6
79,36.5,99.3,0
84,36.4,97.2,0.8
69,36.3,94,0.7
65,36.5,99.7,0
63,36.5,94.1,2.7
62,36.6,95.6,1.4
60,36.7,98.8,0
61,36.7,97.5,0
64,37,96.5,8.2
62,36.9,95.2,8.2
62,37,95.4,9.8
63,36.5,96.8,0
60,36.5,85.7,18.6
79,36,97.9,0
84,37.1,96,17.2
78,38.4,95.1,43.2
90,36.7,95,13
83,36.3,99.9,0
92,36.8,96.9,11.8
93,37.4,96.6,24.7
81,36.7,98,4.3
81,36.4,90.6,13.1
81,36.3,97.9,0
81,38.6,99.1,40.1
96,36.6,99.4,4
85,36.2,95.2,1.1
82,36.7,97.8,5
91,36.6,97.2,6.9
94,35.9,95.7,0
84,36.8,96.8,9.6
80,36.7,96.4,7.2
90,36.4,98.9,0
93,36.2,98.7,0
84,36.3,96.6,0
82,36.8,95,12.6
85,36,97.3,0
114,36.2,97.6,5
85,36,93.6,0.3
70,38,97.7,27.6
78,36.1,98.7,0
79,36.4,95.5,2.7
80,36.5,96.8,2.4
79,36.2,99.8,0
79,36,96.4,0
91,36.1,97.5,0
84,36.9,98.2,8.8
91,36.5,95.8,7.7
76,36.7,97.3,4.2
72,36.5,98.4,0
79,36.7,96.8,6.1
80,36.7,96.3,7.4
90,36.6,98.1,4.8
76,36.8,98.8,3.2
75,36.6,95.7,5.1
79,36.2,98.4,0
76,36.3,95.2,0.4
80,37.2,95.9,18.2
81,36.6,98.8,0.7
81,37,98.2,9.9
81,36.2,93.3,3.7
85,36.6,99.7,0.1
86,36.9,99.2,7.4
82,36.4,96.4,1.8
81,36.8,98.6,5.1
81,36.3,98.3,0
81,36.7,99.2,1.9
81,37,98.3,9.7
81,36.2,96.7,0
81,36.4,99.3,0
91,36.3,96.2,2.9
84,36.4,97.2,0.8
82,36.2,96.3,0
79,36.6,97.4,2.9
73,36.5,93.8,6.3
79,36.8,96.8,8.1
84,37.3,97.1,19
82,36.7,97.8,5
81,36.4,94.6,5.1
91,36.2,98.3,0
81,36.3,97,0
79,36.6,96,5.7
90,34.7,99.2,0
83,36.3,97.3,0
77,36.4,96.6,0
80,36.5,95.8,4.4
79,36.7,95,9.7
90,38.9,96.2,54.6
79,36.4,99,0
77,36.4,95.3,2.5
75,36.7,96,6.5
69,36.6,97.6,0
63,36.4,97.5,0
62,36,99.7,0
63,36.4,95.6,0
58,36.8,97,1.4
58,36.3,91.9,1.6
59,36.7,96.5,0.7
56,36,95.4,0
55,36.3,99.1,0
71,36.5,93.2,6.9
76,36.5,99.2,0
63,36.6,95.7,1.5
60,36,95.3,0
57,36.8,91.1,12.9
71,36.3,98,0
59,36.2,97.5,0
56,36.6,100,0
56,36.3,98.5,0
55,36.8,96.2,2.1
57,36.6,96.1,0
55,36.4,100,0
54,36.3,99,0
50,35.9,96.9,0
53,36.4,98.4,0
52,36.1,99.9,0
54,36.2,99.7,0
53,34.7,93.2,0
53,36.2,97.8,0
54,36.3,99,0
53,36.7,96.3,0
54,36.4,88.6,9
55,36.3,98.9,0
54,36,97.4,0
53,36.7,96.6,0
52,36.6,95.8,0
51,36.7,95.4,0.5
51,36.3,96.2,0
50,36.2,97.6,0
52,35.8,95.4,0
53,36.8,96.7,0.5
52,36.6,98.2,0
65,36.6,97.8,0
57,36.7,98.7,0
53,36.5,98.7,0
54,36.6,92.5,5.2
54,36.5,95.6,0
53,36.5,99.9,0
55,36.9,99.1,0
53,36.6,97.2,0
53,36.4,99.5,0
50,36.5,97.6,0
51,36.5,94.9,0
67,36,98.7,0
86,36.7,99.6,2.6
81,36,91.6,3.1
63,36.6,96,0.9
62,37,98.5,3.6
94,36.2,99.9,0
95,36.2,94.5,5.5
79,36.4,100,0
84,35.7,97.1,0
77,36.7,96.7,5.7
79,36.7,98.1,3.5
81,34.1,97.7,0
83,36.6,96.3,6.3
102,36.5,98,6.6
86,35.8,99,0
82,36.8,90.2,22.2
91,36.8,96.6,12.1
93,36.2,95.2,3.5
84,36.7,99.2,2.8
86,36,95.5,0
90,36.3,99.6,0
84,36.3,96.5,0.2
77,36.3,96.2,0
80,36.1,95.9,0
79,36.5,96.5,2.7
73,36,95.1,0
79,36.9,96.6,10.5
76,36.2,95.2,0
75,36.2,96.7,0
98,36.7,97.4,10.6
100,36.7,97.8,10.4
86,36.7,99,3.8
86,36.4,97.9,0
82,36.3,95.9,0.8
81,36.5,98.2,0
108,36.5,95.3,13.8
88,36.5,92.5,13.4
104,36.4,99.6,2
85,36,98.4,0
82,36.3,99.6,0
91,36.9,99.8,7.7
84,36.5,90.2,16.8
82,36.5,96,4.6
91,36.5,99.9,0
96,36.6,98.9,5
83,36,97.2,0
85,36.3,99.5,0
81,36.7,97.8,4.7
91,36.5,96,7.3
80,36.5,97.8,0.4
81,36.5,97,2.3
91,36.9,95.5,16.3
81,36.2,97.6,0
85,36.7,98.6,4.3
92,36.6,95.1,11.4
82,36.6,96.6,5.4
79,36.9,96.9,9.9
73,34.6,95.2,0
75,36.6,96.1,4.3
72,36.8,92.8,14
74,37,97.9,8.4
76,36.5,98.6,0
90,36.3,96.1,2.8
94,36.5,97.5,5.2
81,36.5,99.5,0
74,36.6,99,0
75,36.4,97.5,0
70,36.5,98.6,0
88,36.4,99.8,0
83,36,96.6,0
92,36.3,96.8,2
82,36.9,99.4,5.8
81,36.4,98.4,0
81,36.1,96.5,0
91,36.9,97.6,12.1
84,36.1,98.6,0
78,36.2,95.6,0
61,36.4,95.3,0
74,36.8,97,6.2
55,37.2,99.7,3.1
70,35.8,95.4,0
75,36.2,95.7,0
89,36.4,95,6.7
87,36.3,92.9,8.3
103,38.8,97.4,54.1
91,36.7,90.2,22.9
93,36.4,96.7,4.5
81,36.9,95.1,14.1
81,36.5,95.9,4.5
81,36.8,97.3,7.7
77,36.2,95.7,0
76,36.5,99.7,0
89,36.1,91.6,7.5
87,36.5,95,8.1
98,36.7,96.8,11.8
96,36.6,99,4.8
83,36.3,96.3,0.3
82,36.4,97.9,0
84,34.2,96.5,0
77,36.7,96.1,6.9
76,36.1,99.9,0
80,37.1,97.6,12.8
84,36.4,99.9,0
82,36.6,96.5,5.6
81,36.6,97.7,2.9
81,36.5,95.7,4.9
91,36.6,98.2,4.9
84,36.7,99.7,1.8
82,36.3,95.5,1.6
77,37.1,99.3,8.5
84,36.6,96.1,7
82,36,98.3,0
80,36.3,99.5,0
81,36.4,98.3,0
85,36.7,99.4,2.7
82,36.4,98,0
78,36.8,95.2,11
80,36.7,99.5,1
81,37,95.9,14.5
81,36.6,99,0.3
91,36.7,95.6,12.1
84,35.9,98.4,0
82,36.6,97.7,3.2
77,36.4,91.1,10.9
80,36.8,99.4,3.2
84,36.4,96.6,2
91,36.4,99.7,0
84,36.2,97.3,0
82,36.5,97.1,2.4
80,36.3,100,0
76,36.6,97.9,1
98,36.5,97.3,6.8
86,36,96.7,0
86,36.2,96.9,0
92,36.4,96,5.6
84,36.6,97.4,4.4
92,36.5,98.7,2.2
84,36.7,96.2,8.8
82,37,97,12.6
85,36.5,97.3,2.9
81,36.6,98.4,1.5
90,36.5,95.6,7.8
82,36.7,94,12.6
73,36.6,99.7,0
72,36.4,92.9,5.8
82,36.4,95.1,4.4
81,36.1,99.7,0
69,36.3,98.3,0
76,36.8,97.5,5.8
80,35.9,96.8,0
83,36.5,96.7,3.5
81,38.4,97.1,40.1
81,36.2,90.8,8.7
80,36.5,98.3,0
80,36.8,93.9,14.2
81,37,89.8,26.7
81,36.3,97.8,0
74,36.4,91.9,8.4
89,36.9,92.6,21.5
93,36.9,95.8,16.3
84,36.1,99.9,0
80,35.7,98.8,0
81,36.7,95,10.3
90,37,97.9,13.2
83,37.3,97,18.9
102,36.4,99.5,1.6
87,36.5,99.7,0
111,36.6,96.6,14.1
89,37.3,92.6,29.5
83,36,96.4,0
82,37.1,99.8,9
82,36.6,95.3,8
74,36.6,97,2.2
79,36.6,97.8,2.1
81,36.8,97,8.3
79,36.5,96.6,2.5
84,36.8,96.7,9.8
86,36.2,100,0
91,36.1,98.2,0
83,36.5,99,0
85,36.8,98.9,5.7
92,36.3,98.1,0
96,36.4,95.6,7.6
85,36.6,97.6,4.3
86,36.6,95.4,9
87,36.5,95.9,6.3
81,36.4,96.9,0.5
81,36.1,96.4,0
74,36.1,95.4,0
78,36.3,95.2,1
73,36.2,95.1,0
71,36.8,96.2,6.9
74,36.2,96.3,0
77,36.5,96,3.1
67,36.2,96.3,0
67,36.5,97.1,0
66,36.9,98.4,3
68,36.2,99.6,0
71,36.7,95.9,5.5
72,36.4,95.6,0.4
68,37,96.4,9.6
69,36.5,98.8,0
71,36.6,95.5,4.3
77,36.6,98.3,0.5
89,36.7,99.6,3.5
74,36.7,95.4,7.4
71,36.4,97.9,0
76,36.3,93.6,3.6
68,36.7,98.4,0
70,37.3,90.4,28.2
65,36.7,97.1,1.3
69,36.8,99.8,0
70,36.8,99,1
71,36.4,97.5,0
69,36.4,96.2,0
65,36.7,95.6,4.3
52,36.3,97.6,0
66,35.9,97.9,0
70,36.3,93,3
71,36.3,90.1,9.1
70,36.7,95.4,6.2
78,35.8,98.7,0
73,36.8,98.7,2.5
72,36.7,97.8,2
77,36.2,99.5,0
73,36.5,98.4,0
81,36.7,96.5,7.3
80,38.8,97.8,46.4
81,36.4,98.9,0
79,36.1,96.1,0
78,36.2,95.2,0
82,36.4,98.4,0
75,36.6,99.5,0
77,36.6,96,5.1
78,36.8,96.9,7.6
99,36.4,98,3.7
90,36.4,99.4,0
94,36.2,99.3,0
84,36.5,97.7,1.8
82,36.4,99.7,0
84,36.8,98.5,6.2
78,36.3,99.6,0
89,36.6,97.5,5.7
93,37.1,100,11.9
80,36.3,96.4,0
76,36.7,96.9,5
90,36.7,96.4,10.2
94,36.4,96,6.2
84,36.9,96.9,11.4
92,36.7,98.7,6.2
77,36.8,96.2,8.7
72,37,95.5,12.6
77,36.2,98,0
56,36.5,98.8,0
70,36.2,91.3,4.4
88,36.7,98.4,5.6
79,36.4,96.7,0.3
91,36.3,99.1,0
93,37.1,95.1,21.7
84,37,91.6,24
86,36.1,97.9,0
92,36.5,96.2,7.2
94,36.5,95.4,9.4
80,36.1,98.7,0
84,36.5,98.8,0
78,36.2,96.9,0
73,36.8,97.6,4.7
78,36.7,98.3,2.8
84,36.7,99.4,2.4
78,37,99.4,6.6
79,36.7,95.6,8.5
84,36.4,97.9,0
85,36.5,98.7,0.1
82,36.7,96,8.6
91,36.7,99.9,3.5
93,36.7,95.5,12.9
87,36.4,99,0
86,36.5,97.8,2.2
74,36.8,97.1,6
78,36.2,99.1,0
84,36.6,99.4,0.4
91,35.8,99,0
84,37,97.4,12.4
77,36.1,98.8,0
80,36.4,97.9,0
101,36.1,98.6,0
83,36.2,99.7,0
91,36.3,97.5,0.3
84,36.2,99.2,0
91,36.4,96.3,4.7
84,36.4,97.2,0.8
85,36.7,96.6,8.3
75,36.2,99.5,0
89,36.4,99.8,0
87,36,95.4,0
92,36.4,95.8,6
94,36.6,95.2,11.8
84,36.4,97,1.2
82,36.7,97.6,5.4
91,36.3,96.4,2.5
84,35.9,96.4,0
82,36.5,99.5,0
81,36.8,97.8,6.7
81,36.6,98.9,0.5
81,36.1,97.7,0
81,36.6,97.8,2.7
77,34.7,99.7,0
80,36.6,97,4
73,36.5,89.8,14.3
72,36.7,96.7,4.2
74,36.4,99.3,0
112,36.4,98.8,6
104,36.5,99.2,4.8
97,36.5,98.9,3.3
94,36.9,97.7,12.8
95,37,98.5,13.5
94,36.8,90.5,25.2
94,36.1,99.8,0
80,36.6,98.4,1.2
77,36.6,97,3.1
80,37.1,96.6,14.8
81,36.4,97.8,0
85,36.2,99,0
92,36.8,96,13.6
84,36.9,97.1,11
91,36.3,98.9,0
84,36.1,96.9,0
92,36.3,99.1,0
93,37,96.9,16.1
84,36.9,99.6,6
82,35.9,95.5,0
81,36.5,98.2,0
81,36.8,95.5,11.3
81,36.5,99,0
91,36.5,97.4,4.5
84,36.3,96.7,0
91,36.1,91.8,7.7
90,36.7,85.6,31.8
83,37,95.9,15.1
81,37,99.4,7.5
91,36.9,95.4,16.5
86,36.5,95.6,6.6
92,36.5,97.8,4
77,36.3,96.8,0
80,37.1,95.1,17.8
81,36.8,95,12.3
90,36.3,96.8,1.4
76,36.5,98.7,0
80,36.8,91.3,19.4
81,36.4,97.4,0
78,36.8,98.1,5.2
78,36.6,99.6,0
68,37,99.1,4.2
73,36.8,98.2,3.5
82,36.3,96.3,0
79,37,99.7,6.3
78,36.8,95.7,10
51,35.9,99.4,0
54,36.1,97.4,0
70,36.8,98.9,1.2
59,36.5,98.5,0
63,36.3,96.4,0
57,36.3,96.2,0
67,36.2,98.4,0
88,36.6,98.5,3.4
83,36,99.2,0
91,36.7,90.4,22.5
79,36.2,99,0
78,36.4,95.4,2.6
90,36.7,96.8,9.4
83,38.4,99.5,35.9
69,36.5,99.6,0
70,36.5,98.7,0
77,36.9,95.8,11.5
80,35.7,99.4,0
79,36.6,98.3,1.1
77,36.4,95.2,2.7
77,36.1,99.8,0
69,36.7,99.1,0
93,36.1,96,0
108,36.8,99.9,10.6
97,35.9,96.7,0
83,36.8,99.4,4.1
84,36.4,99,0
85,36.6,98.3,2.9
82,36.5,96.7,3.2
85,37,97.2,13.1
75,36.6,96.2,4.1
75,36.2,97.4,0
73,36.4,99.4,0
79,36.5,99.3,0
56,36.2,97.9,0
78,36.2,99.7,0
73,36.4,98.1,0
71,37,98.3,6.7
71,36.2,99.8,0
89,36.2,95.6,1.5
76,36.4,98.4,0
89,36.9,91.9,22.9
79,36.6,99.8,0
73,36.2,95.4,0
75,36.3,98.7,0
77,37,98.1,8.9
90,36,97.9,0
93,37,99.4,11.1
77,36.4,95.6,1.9
92,36.8,95,15.6
93,36.4,97.8,2.3
81,36.7,96,8.3
72,35.9,95.8,0
71,36.7,95.7,5.9
97,36.2,97,1.1
95,36.4,96.9,4.7
83,36.7,96.5,7.9
114,36.2,95.7,8.8
105,36.7,99.5,8.5
87,36.3,96.1,1.9
83,36.3,97.6,0
77,36.5,99.8,0
112,36.5,97.1,11.4
75,36.3,98.9,0
89,36.7,98.6,5.5
104,36.8,97.8,13.6
81,36.6,98,2.3
79,36.4,98.4,0
90,36.8,98.5,8
81,36.1,99.2,0
81,36.6,95.8,6.7
82,36.7,97.7,5.2
100,36.5,98.9,4.2
104,36.4,95.3,10.6
83,36.4,98.2,0
74,36.3,96.8,0
89,36.7,99,4.7
86,36.7,97.4,7
86,36.6,99.3,1.2
93,36.2,95.8,2.3
84,36.7,98,5.2
85,36.3,97.9,0
92,37.5,96.3,27
93,36.6,97.3,7.3
83,36.7,99.5,1.9
74,36.6,95.1,6
89,35.9,97.3,0
93,36.2,95.7,2.5
84,36,98.2,0
74,36.9,97.5,7.2
72,36.3,99.4,0
68,36.2,91.3,3.8
76,36.7,96.2,6.4
75,35.6,98.6,0
80,36.7,94.7,10.6
81,36,95.2,0
74,36.6,99.4,0
67,36.8,95.9,6.3
64,36.6,94.7,3.8
95,37,97.8,14.9
66,36.1,97.4,0
86,36.4,99.9,0
92,36.9,96.5,14.6
93,36.3,97.2,1.5
84,36.7,99.2,2.8
91,36.4,90.2,16.9
84,36.9,96.5,12.2
94,37,97,16.2
82,37.2,98.5,13.6
85,36.1,95.2,0
95,36.4,99.4,0
88,36.8,96.1,12.2
105,36.9,95.3,20.9
96,36.8,96.3,14.2
95,36.6,98.8,4.9
85,36.9,99.7,6.1
82,36.7,97.7,5.2
78,36.5,98.6,0
90,36.4,91.5,14
76,36.6,94,8.8
80,36.5,91.7,12.6
90,36.6,99.5,2
81,36.9,96.8,10.7
77,36.3,98,0
82,36.3,98.4,0
80,36.8,97.8,6.4
91,36.5,98.6,2.1
93,36.9,99.8,8.3
81,36.6,95,8.3
76,35.9,98.2,0
78,36.5,96.4,2.6
78,36.6,97.6,2.2
90,36.2,98.2,0
83,36.7,98.8,3.3
79,36.2,97.9,0
82,36.5,98.4,0
81,36,97.7,0
76,35.9,94.8,0
67,36.5,98,0
70,36.5,97.9,0
54,36.5,96.8,0
70,36.5,96.6,0
88,36.5,98,2.4
81,36.1,99,0
57,36.5,98.2,0
78,37.4,95.1,23.2
80,36.6,97.4,3.2
61,36.4,95.9,0
86,36.5,100,0
83,36.7,98.3,4.3
102,36.5,98.1,6.4
83,36.9,96.1,12.7
80,36.7,99,2
79,36.3,97.8,0
79,36.5,98,0
83,36.4,96.6,1.7
89,36.5,92.6,13.5
90,36.5,98.6,1.8
82,36.5,98.4,0
81,36.5,99.7,0
91,36.5,97.5,4.3
76,36.1,99.9,0
61,36.5,98.8,0
76,36,100,0
90,36.5,95.4,8.2
83,36.7,99.7,1.5
69,37.1,99.8,5.1
59,36.5,98.8,0
75,36.5,97.8,0
90,37,98,13
70,36.5,96.9,0
88,36.6,95.1,10.2
92,36.7,98.9,5.8
94,37.1,98.6,15
94,35.6,98.4,0
94,36,96.5,0
95,36.6,99,4.5
85,36.5,99.2,0
92,36.6,96.5,8.6
65,36.1,98.4,0
76,36.6,98.3,0.2
80,36.6,96.4,5.2
81,36.5,97.5,1.3
80,36.8,98.5,5
73,36.5,98.5,0
79,38.9,95.1,53.5
99,36.6,95.7,12.3
89,36.3,96.7,1.3
81,36.5,98.9,0
85,36.7,95.9,9.7
92,36.5,99.9,0
84,36.5,97.4,2.4
91,36.1,97.7,0
70,36.2,98.1,0
59,36.5,99.3,0
72,36,97.2,0
88,36.3,95.1,4.2
83,36.6,97.4,4.1
81,36.5,91.6,13.1
81,36.8,99.8,2.7
91,36.8,95.3,14.7
93,38.8,99.1,47.7
77,36.3,97.6,0
90,36.6,97.4,6.2
79,36.6,95.9,5.9
80,36.8,98.4,5.2
79,36.4,96.7,0.3
83,36.4,96,2.9
91,36.5,95.3,8.7
93,36.4,96.4,5.1
94,36.4,95.8,6.6
84,36.4,99.2,0
91,37,91,27.3
90,34.1,97.2,0
93,36.8,96.4,13.1
84,36.5,95.8,5.6
86,36.6,96.1,7.6
92,36.3,98.1,0
88,36.2,95.7,1
92,36.7,97.4,8.8
106,36.8,94.1,21.6
90,36.2,96,1
83,36.5,99.6,0
81,36.6,99.6,0
81,36.3,95.6,1.1
77,36.4,96.6,0
100,36.5,97.4,7.2
119,36.9,94.3,27.1
91,36.9,95.9,15.5
84,36.6,94,11.2
85,36,97.9,0
91,36.3,97,1.3
87,36.6,97.9,4.3
103,36.8,98.5,11.9
87,36.3,97,0.1
78,36.8,97.9,5.6
83,36.4,95.8,3.3
82,36.2,97.4,0
81,36,99.3,0
81,36.9,96.3,11.7
81,36.5,96.6,3.1
91,36.4,99.6,0
84,37.1,98.5,12.2
81,36,96.7,0
91,36.8,97.6,10.1
84,36.4,98.5,0
91,36.5,97.1,5.1
87,36.8,99.3,5.5
75,38.7,97.8,42.9
76,36.8,97.5,5.8
83,36.1,98,0
91,36.4,97.1,3.1
93,37,97.9,14.1
94,36.6,95.7,10.8
94,36.8,98.1,10
94,36.9,99.2,9.8
60,36.6,95.5,1
85,36.3,99.6,0
103,36.2,99.8,0
96,36.3,99.5,0
83,38.6,98,42.9
81,37,95.5,15.3
81,36.2,95.9,0
81,36.6,95.4,7.5
81,36.2,98.7,0
81,37.1,97,14.3
96,36.2,97.5,0
81,36.1,100,0
85,36.1,98.9,0
82,36.5,95,6.6
69,36.1,100,0
87,36.2,97,0
83,36.5,95,6.9
91,36.8,97.7,9.9
84,36.3,97.9,0
82,36.5,97.5,1.6
91,36.8,98.9,7.5
82,36.7,96.8,7
74,36.2,99.9,0
98,36.6,95.5,12.4
89,36.3,92.5,9.7
83,36.8,93.2,16.5
82,36.8,98.4,5.8
91,36,98.5,0
84,36.5,98.5,0.2
82,36,97.8,0
91,36.7,95.6,12.1
84,36.2,95.4,0.4
91,36.7,98.4,6.5
87,36.7,98.1,5.9
92,36.4,98.3,1
84,36.4,99,0
82,36.6,99.4,0
77,36.1,96.3,0
79,36.2,96.7,0
80,36.2,98.2,0
90,36.7,96.6,9.8
84,36.4,96.9,1.4
81,36,97.2,0
81,36.5,97.7,0.9
89,36.9,98.8,9.1
94,35.8,95.5,0
84,36.4,93,9.2
91,36.1,98.6,0
84,36.1,99.8,0
96,36.4,97.6,3.6
81,36.9,96.8,10.7
91,36.5,97.3,4.7
81,36.7,96.7,6.9
81,36.7,96.3,7.7
85,36.4,98.1,0
92,36.3,95.2,5.2
116,36.4,96.9,11
109,36.6,99,8.7
92,36.4,99.1,0
93,36.4,98.8,0.3
81,37,99,8.3
74,36.8,95.4,9.4
72,36.3,92.1,5.4
75,36.3,96,0
76,36,99.6,0
75,36.8,98.4,3.7
76,36.3,96,0
75,36.6,98.9,0
77,36.6,90.5,16.1
79,37.2,99.6,10.5
81,35.7,98.5,0
81,36.5,97.3,1.7
81,35.8,98.9,0
81,36.3,96.8,0
81,36.1,96.3,0
81,35.9,86.5,11.3
91,36.2,95.5,2.3
84,37,97.6,12
82,36.4,98.2,0
76,37.1,98.9,9
80,36.5,99.7,0
79,36.5,97.5,0.7
81,36.9,98.3,7.7
76,37,91.9,21
82,36.5,99.4,0
91,36.4,97.5,2.3
84,36.2,99.7,0
92,36.9,95.4,16.8
88,36.9,99.3,7.8
73,36.2,96.6,0
77,36,96.5,0
72,36.4,95.6,0.4
88,36.5,96,6.4
87,36.2,98.1,0
80,36.7,95,10
81,36.4,99.2,0
75,36.3,97.9,0
72,36.3,99.1,0
74,36.3,95.5,0
77,36.8,97,7.1
73,36.6,98.4,0
79,36.2,96.5,0
75,36.2,96.6,0
78,36.6,97,3.4
73,36.6,97.1,1.7
79,36.5,98.8,0
78,36.3,95.2,1
84,36.5,97.3,2.6
74,36.9,96,10.2
83,36.6,98.7,1.5
69,37.2,97.2,12.3
70,36.6,99.2,0
82,36.5,98.8,0
73,36.6,95.1,5.7
67,36.4,98,0
75,36.9,95.2,12.1
83,36.5,99.4,0
71,36.6,99.8,0
70,36.4,96.1,0
72,36.5,97.3,0
71,36.5,96.3,0.7
54,36.6,95.2,0
55,38.7,95.9,40.7
67,36.7,96.5,3.1
76,36.8,97.6,5.6
67,36.4,98.9,0
65,36,97.2,0
69,36.8,95.6,7.5
82,36.4,99.7,0
81,36,93.7,0
81,36,97.6,0
91,36.6,96.3,8.7
81,36,98.9,0
81,36.5,95.1,6.1
91,36.4,97,3.3
84,36.4,97.8,0
82,35.9,96,0
81,36.8,99.3,3.7
108,36,95.9,2.6
88,36.5,97,4.4
83,36.2,97.4,0
82,36.5,99.8,0
91,36.4,96.2,4.9
93,36.7,98.4,7.1
84,36.4,97.6,0
78,36.5,98.6,0
80,36.4,96.7,0.6
82,36.8,97.1,8.4
114,36.8,99.3,13.6
93,36.3,97.5,0.9
84,36.6,96.7,5.8
74,36.2,96.7,0
77,36.6,97.8,1.5
89,36.5,100,0
83,36.7,95.2,10.5
82,36.6,95.6,7.4
81,36.2,97.5,0
81,36.3,96.3,0
81,36.7,95.8,8.7
81,36.6,98.8,0.7
81,36.5,99.5,0
81,37,96.1,14.1
91,36.6,98.3,4.7
84,36.4,95.7,3.8
74,36.6,99.3,0
83,36,98,0
74,37,98,8.2
78,36.6,97,3.4
80,36.6,99,2.84E-14
90,36.6,96.6,7.8
79,36.1,95.4,0
80,36.5,95.5,5
113,36.2,99.7,0.5
100,36.5,97.7,6.6
96,36.1,97.7,0
89,36.5,98.9,0.9
83,36.6,98.6,1.7
91,36.8,96.8,11.7
80,36.3,95.9,0.2
90,36.4,98.5,0
87,36.4,97.1,1.9
86,36.6,98.1,3.6
93,36.9,95.8,16.3
84,36.5,97.6,2
74,36,99.5,0
77,36.8,99.1,2.9
80,36.3,97.4,0
84,36.5,97.6,2
114,36.8,96.7,18.8
90,36.8,97.4,10.2
93,36.9,99.4,9.1
94,36.2,97.6,0
88,36.5,99.9,0
92,36,98,0
94,36.5,95.2,9.8
84,36.8,97.3,8.6
86,36.4,98.1,0
92,36,97.4,0
84,36.4,95.8,3.6
81,36.2,98.1,0
113,36.7,96.7,16.5
99,36,99.8,0
86,36.7,96.8,8.2
92,36.5,96.5,6.6
88,36.1,97.2,0
79,36.4,98.6,0
80,36.3,90.4,11.2
74,36.3,95.7,0
79,36.1,96,0
90,36.8,99.3,6.4
83,36.3,99.5,0
82,36.3,97.1,0
81,38.3,98.6,35.1
85,36.9,97.5,10.5
86,36.9,99.1,7.6
86,36.8,96.8,10.2
82,36.4,97.4,0
81,36.2,97.9,0
81,36.3,99.7,0
91,36.1,91.2,8.9
81,36.2,96.8,0
81,37.2,97,16.3
84,36.4,99.7,0
82,36.2,96.2,0
81,36.9,95.6,13.1
85,36.1,95.6,0
86,36.6,96.6,6.6
92,36.6,99.6,2.4
77,36.8,95.5,10.1
90,36.5,95.4,8.2
74,36.3,99.3,0
71,36.7,97.2,2.9
75,37,98.3,7.9
73,36.3,96.7,0
72,36.5,98.5,0
70,36.2,95.3,0
69,36,99.5,0
88,37,98.1,12.2
83,36.5,99.5,0
79,36.6,95.4,6.9
76,36.2,95.2,0
80,36.9,99,6
73,36.5,99,0
79,36.3,95,1.7
73,36.5,96.3,1.3
72,36.5,95.2,3.2
89,36.6,97.1,6.5
81,36.4,95.1,4.1
71,36.6,97.8,0
69,36.9,99.1,2.5
73,36.6,96.9,2.1
79,36.7,97,5.7
67,36.3,91.4,5.3
66,36.6,96.2,1.4
67,36.1,95.3,0
65,37.2,99.2,7.1
62,36.8,92.2,12.2
63,36.8,95.7,5.5
62,35.9,98.4,0
61,36.5,97.1,0
60,35.9,97.2,0
63,36.2,95.9,0
63,36.6,99.9,0
73,36.8,95.7,8.5
71,36.8,96.3,6.7
65,36.2,98,0
65,36.4,95.7,0
66,36.6,96.6,0.6
62,36.4,95.5,0
76,36.4,97.9,0
89,36.9,98.7,9.3
76,36.4,99.3,0
65,36.4,93.9,1.7
64,37.1,96.1,11
72,36.4,95.4,0.8
66,39,96.4,49
64,36.5,98.5,0
76,36.1,97,0
75,36.6,95.3,5.9
79,36.4,97.4,0
70,36.7,98.9,0
97,36,95,1.1
83,36.5,93.7,9.5
77,36.3,97.3,0
78,36.7,97.1,5.2
80,36.8,96.4,9.2
81,37,95.3,15.7
80,36.2,95.2,0
81,36.1,96.1,0
91,36.1,96,0
84,36.5,87.2,22.8
82,35.9,96.5,0
85,36.9,98.5,8.5
114,36.6,97.5,13.2
99,36.5,95.6,10.5
95,37.3,99.6,17.3
103,36.7,96.7,13.5
87,36.3,95.1,3.9
79,36.4,95.3,3.1
101,35.9,95.8,0
102,37,95.4,21.8
90,36.6,96.6,7.8
79,36.5,96.5,2.7
84,36.3,98.2,0
86,35.6,96.9,0
79,36.3,95.3,1.1
84,35.9,95.7,0
92,36.1,98.2,0
77,36.4,97.3,0
84,34.9,98.2,0
85,36.9,99.5,6.5
86,36.4,97,1.8
92,38.7,99.2,45.2
84,36.5,98.8,0
82,36.8,98.5,5.6
81,37,99.4,7.5
69,36.6,100,0
73,36.2,96.9,0
79,36.2,99,0
80,36.4,97.5,0
81,36.5,90.5,15.3
85,36.3,96.4,0.7
82,36.8,98.9,4.8
91,36.6,95.5,10.3
87,36.2,99,0
86,36.4,98,0
92,36.7,99,5.6
93,36.7,99,5.9
84,36.4,99.2,0
78,36.7,95.5,8.4
80,36.7,96.9,6.2
81,36.5,99.3,0
74,36.4,96.4,0
83,36.6,91.8,15.3
91,36.1,98.5,0
99,36.2,99.3,0
84,36.5,96.6,4
91,36.5,95.6,8.1
81,36.7,98.7,2.9
114,36.8,97.1,18
99,36.5,92.2,17.3
82,36.4,96.6,1.4
81,36.6,99.6,0
80,36.3,97.4,0
90,36.5,96.3,6.4
83,36.9,86.6,31.7
74,37.1,97.2,11.8
89,36.7,96.2,10.3
83,36.1,98.7,0
85,36.2,99.9,0
92,37,92.9,23.8
84,36.5,96.2,4.8
80,36.4,98.1,0
81,35.9,98.7,0
81,36.5,97,2.3
74,36.9,99.9,2.4
73,36.2,96.3,0
71,34.6,95.8,0
76,36.2,96.5,0
77,37.1,96.8,13.5
56,36.6,99.8,0
71,36.7,96.7,3.9
76,35.8,97.7,0
77,36.3,97.1,0
78,36.4,97.1,0
73,36.2,96.6,0
71,36.6,95.3,4.7
76,36.4,97.2,0
72,36.3,98.1,0
71,36.3,99.2,0
71,35.7,99.2,0
75,36.1,98.7,0
72,36.2,97.4,0
76,36,99.1,0
69,36.8,96.1,6.5
65,36.9,95.1,9.3
69,36.4,95.1,0.5
70,37.1,99.8,5.4
54,36.5,98.3,0
66,36.7,97.1,1.6
73,36.7,91.3,15.3
76,36.7,98.4,2
72,36.5,95.9,1.8
71,36.6,99.2,0
88,36.3,96.5,1.4
81,35.8,99.3,0
74,36.4,96.4,0
70,36.2,97.8,0
71,36.9,98.8,3.7
88,36.3,96.5,1.4
81,37,96.4,13.5
68,36.5,94,4.4
70,37,98.2,6.6
54,36.5,96.3,0
61,37.2,92.2,19.9
68,35.9,96.4,0
65,36.5,97.4,0
69,36.1,98,0
71,36.7,97,3.3
71,36.2,96.8,0
70,36.6,94.2,6.6
71,36.6,99.2,0
78,36.4,98.9,0
70,36.2,99.9,0
71,36.5,99,0
66,36.4,98,0
64,36.1,95.8,0
77,36.8,96.6,7.9
80,36.4,99.9,0
90,36.3,98.6,0
76,36.3,98.7,0
76,36.2,95.3,0
80,36.7,95.6,8.8
73,36.2,98.7,0
79,36.9,99.2,5.3
90,36,97.5,0
83,36.5,96.9,3.1
91,36.5,99.9,0
93,36.1,90.8,10.3
94,37,96.5,17.2
82,36.5,95.8,5
85,36,96.5,0
82,35.9,95.2,0
81,36.1,96,0
91,36.6,99.4,2.5
93,36,96.6,0
94,37.2,91.7,30.8
94,36.7,98,8.2
84,36.5,98.8,0
86,36.7,97.2,7.4
98,36.1,99.6,0
84,35.9,96.2,0
77,36.8,95.8,9.5
79,36.1,99.4,0
81,36.6,97.8,2.7
85,36.7,97.6,6.3
83,36.3,98.3,0
84,36.4,95.7,3.8
92,36.2,98.6,0
84,36.4,99.7,0
78,36.5,97.4,0.6
84,36.3,90.7,11.8
82,36,96.1,0
74,36.8,96,8.2
79,36.9,95,13.7
81,37.2,95.3,19.7
90,36.7,99.4,4.2
83,36.6,97.6,3.7
79,36.1,97.8,0
81,36.7,100,0.3
77,36.6,98,1.1
90,36.4,98.9,0
83,36.4,97.3,0.3
82,36.2,98.3,0
81,36.3,96.8,0
79,36.9,97,9.7
87,36.6,98.7,2.7
92,36.6,97.1,7.4
94,36.5,98.1,4
84,36.7,96.7,7.8
77,36.4,96.2,0.7
80,36.5,98.2,0
84,36.5,99.6,0
80,36.2,97.5,0
84,36.9,96.1,13
82,36.7,96.9,6.8
84,36.5,95.3,6.6
92,36.2,99.6,0
84,37,95.9,15.4
82,36.1,98.8,0
81,36.7,97.8,4.7
91,36.8,96.3,12.7
93,36.6,99.6,2.7
77,36.2,95.2,0
80,36.7,97,6
84,35.9,96.6,0
80,38.4,98.1,37.8
97,36.3,98.4,0.3
101,36.5,98.4,5.5
86,37.2,97.4,17
85,37.1,95.8,17.9
100,36.6,96.1,11.8
90,36.3,95.2,4.6
116,36.6,98.5,11.8
117,36.7,98.4,14.3
91,36.4,95.1,7.1
82,36.4,97,0.6
79,36.4,95.3,3.1
80,36.6,97.1,3.8
75,36.4,96.7,0
75,36.6,93.1,10.3
72,36.9,96.8,8
79,36.1,97.9,0
59,35.6,88.6,0
68,36.3,99.4,0
78,36.7,96.3,6.8
80,36.3,95.3,1.4
62,37.2,96,12.6
72,36.3,96.1,0
79,36.5,98.8,0
90,36.8,96.7,11.6
86,36.7,98.4,5
63,36.1,99.3,0
80,38.6,99.5,39
76,36.6,99.5,0
55,36.9,95.3,5.9
84,36.4,97.4,0.4
82,36.6,97.5,3.6
77,37,98.6,7.9
80,36.2,98.8,0
84,36.5,99.4,0
92,36.5,95.9,7.8
90,36.6,95.8,9.4
82,36.7,88.5,23.6
62,36.4,96.9,0
86,36.4,97.4,1
82,36.5,95.1,6.4
74,37,95.5,13.2
82,38.1,95.6,37.4
91,36.6,95.1,11.1
93,36.6,95.8,10.3
84,36.6,96.6,6
82,36.5,96.5,3.6
91,36.4,99.6,0
76,36.6,96.8,3.2
80,36.8,99.5,3
79,36.4,97.2,0
73,36.2,98.8,0
83,36.5,94.2,8.5
91,36.2,95.3,2.7
76,36.7,96.7,5.4
75,36.2,95.3,0
76,36.1,98.1,0
80,36.4,96.9,0.2
81,36.5,95.6,5.1
112,36.5,98.4,8.8
89,36.5,99.4,0
87,36.7,98.3,5.5
92,36.9,97.9,11.8
84,36.3,97.6,0
82,38.1,96.7,35.2
91,36.5,96.7,5.9
80,36.4,99.1,0
81,36.5,95.3,5.7
77,36.8,95.3,10.5
89,36.5,99.4,0
83,36.8,92.1,18.7
80,36.5,94.7,6.6
81,36.5,95.1,6.1
85,36.7,98.2,5.1
82,36.6,97.7,3.2
81,36.5,96.9,2.5
81,36.6,99.5,0
81,36.8,99.9,2.5
77,36.6,99,0
78,36.6,96.3,4.8
71,36.4,98.4,0
82,36.4,98.2,0
74,36.7,96.6,5
66,36.4,96.1,0
87,36.1,99.2,0
64,36.6,95.4,2.4
76,36.7,96.4,6
70,36.5,96.9,0
74,36.9,97.1,8
107,36.7,95.9,16.3
88,36.9,99.5,7.4
83,36.2,95.5,0
91,36.1,96.8,0
84,36.5,97.9,1.4
82,36.7,97,6.6
91,37,95.1,19.1
102,36.4,98,4.6
97,36.5,99.7,1.7
85,36.7,95.6,10.3
92,36.7,98.1,7.4
71,37.1,98.5,8.3
82,36.2,97.9,0
79,35.7,99.9,0
80,36.3,99.9,0
79,36.7,97.1,5.5
76,36.4,96.4,0
80,36.8,97.1,7.8
90,37.1,99,13
86,36.3,98.4,0
101,36.4,97.1,6.1
86,36.6,99.7,0.4
78,36.6,99.4,0
91,36.4,97.8,1.7
84,36.6,97.7,3.8
82,36.2,95,0.6
74,36.1,96.5,0
100,36.9,95.8,18.4
84,36.4,96.2,2.8
102,36.6,99.9,4.8
86,36.4,98.6,0
92,36.4,98.7,0.2
82,36.5,98.4,0
85,36.3,92.1,9.3
114,36,97.4,1.4
99,36.3,99.8,0
84,36.7,97.4,6.4
91,36.7,96.9,9.5
82,36.9,95.8,13
85,38.4,99.6,36.3
82,36.3,99.3,0
84,36.7,94.5,12.2
84,36.9,95.7,13.8
75,36.2,96.4,0
78,36.6,96.7,4
79,36.4,97.2,0
91,36.9,96.2,14.9
93,36.5,96.3,7.3
84,36,98.2,0
102,38.9,97.8,55
107,36.3,99.4,1.3
94,36.5,99.9,0.4
94,36.5,98.5,3.2
95,36.3,99.8,0
85,36.7,97.2,7.1
80,36.2,97.5,0
90,36,97.6,0
80,36.2,97.2,0
91,36.1,98.5,0
82,36.3,98.5,0
84,36.5,99.7,0
77,36.9,96.9,9.3
90,36.6,95.4,10.2
79,36.1,95.2,0
76,36.3,98.4,0
61,36.8,99.8,0
63,36.5,95.8,0
76,36.4,97.9,0
75,36.4,99.1,0
80,36.2,95.2,0
81,36,96.7,0
84,36.5,97.6,2
92,36.7,97.4,8.8
94,36.5,98.8,2.6
80,36.8,96.9,8.2
69,36.5,99.7,0
78,36.2,96.2,0
68,36.3,99.2,0
64,36.3,98.6,0
77,36.4,95.4,2.3
89,36.8,95.4,13.9
87,36.3,92.1,9.9
83,36.2,95.9,0
85,36.3,88.7,16.1
78,37,98.2,9
61,36.8,99.7,0
76,36.2,97.4,0
77,36.6,96.7,3.7
90,36.2,95.8,1.4
83,36.4,96.6,1.7
82,36,96.2,0
74,34.9,98.1,0
72,36.4,95.3,1
79,36.4,98.1,0
80,35.9,95.5,0
57,36.5,99.3,0
84,36.8,97.4,8.4
82,36.7,99,2.6
91,36.3,97.8,0
93,36.4,96,5.9
81,36.5,95.3,5.7
81,36.7,93.3,13.7
91,36.1,93.6,4.1
90,36.5,95.7,7.6
87,36.7,96,10.1
93,36.4,95.9,6.1
84,35.9,99.5,0
81,36.9,96.7,10.9
79,36.2,99.4,0
77,36.3,98.8,0
79,36.4,97.7,0
78,36.6,97.7,2
90,36.5,99.1,0.8
86,36.2,86.7,18.4
86,36.7,98.8,4.2
87,36.6,98.3,3.5
86,36.2,98.9,0
81,36.8,95,12.3
84,36.7,95.7,9.8
74,36.6,96.2,3.8
84,36.3,99.7,0
92,36,99.1,0
82,36.8,96.7,9.2
91,36.8,95.3,14.7
81,36.3,98,0
80,36.5,96.3,3.4
79,36.4,97,0
83,36.7,96.4,8.1
85,36.3,96,1.5
82,36.1,98.5,0
91,37.1,97.1,17.1
81,37,95,16.3
77,36.1,97.5,0
78,36.6,96.3,4.8
79,36.1,95.3,0
78,36.8,92.9,15.6
77,36.1,97.6,0
79,36.6,97.2,3.3
90,36.6,95.2,10.6
81,36.4,98.6,0
74,36.5,96.6,1
78,37,97.8,9.8
56,37,97.2,4.4
55,36.5,95,0
74,35.9,97.4,0
74,36.7,97.4,3.4
89,36.6,96.3,8.1
101,36.5,98.4,5.5
96,36.5,95.9,9
106,36.6,99.4,7
87,36.5,95.6,6.9
92,36.8,97.6,10.4
84,36.8,96.3,10.6
85,34.8,98.5,0
80,36.6,95.8,6.4
73,37.1,96,13.9
79,36.7,99.3,1.1
90,36.4,96.5,4
83,36.1,98.9,0
82,36.9,94.6,15.4
90,36.2,99.8,0
79,36.9,98.3,7.1
78,36.7,95.1,9.2
73,37,96.5,10.9
83,36.6,96.4,6.1
92,34.9,98.9,0
92,36.7,98.2,7.2
83,36.9,99,6.9
78,36.2,96.8,0
85,36.4,97.1,1.3
81,36.3,98.9,0
69,36.4,97.6,0
76,36.7,96.4,6
79,36.2,99,0
83,37.1,91.6,25.7
57,35.9,98.3,0
75,36.7,96.3,5.9
83,36.2,95.8,0
74,36.3,92.9,4.4
89,36.4,99,0
93,36.6,97.2,7.5
71,36.5,97.7,0
78,36.6,97.1,3.2
61,37.1,98,6.3
76,36.3,97,0
83,36.4,97.8,0
82,36.7,96.5,7.6
79,35.7,97.3,0
72,36.6,98.3,0
71,36.9,95.6,10.1
59,36.9,95.6,6.5
79,36.7,98.8,2.1
80,36.2,97.2,0
79,36.4,99.2,0
76,36.4,95.5,1.8
66,37,94.9,12
69,36.5,97.7,0
73,36.2,99.5,0
75,36.9,97.7,7.1
80,36.7,95.2,9.6
76,36.1,98.6,0
80,36.9,94.1,15.8
76,36.4,97.3,0
89,36.6,98.6,3.5
93,36,96.4,0
94,35.8,97.9,0
77,36.7,99.5,0.1
80,36.7,98,4
84,36.4,97.7,0
91,36.2,98.9,0
79,37.1,98.2,11.3
81,36.9,97,10.3
77,36.4,97.3,0
73,36.4,95.1,1.7
94,36.3,97.8,0.6
94,36.3,98.1,0
81,36.5,92.1,12.1
62,37.2,93.6,17.4
76,36.5,96.4,2
72,36.1,95.1,0
88,36.8,93.7,17
70,36.4,95.7,0
70,36.6,94.5,6
59,36.7,96.3,1.1
58,36.2,96.9,0
70,36.2,98.8,0
78,36.5,98.2,0
80,36.7,98.9,2.2
90,36.6,96.8,7.4
80,36.4,98.8,0
90,36.6,95.7,9.6
80,36.7,98.4,3.2
90,37,97.2,14.6
83,36.2,97.1,0
91,36.3,99.3,0
84,36.4,97.7,0
82,36.6,95.2,8.2
57,36.5,96.7,0
84,36.4,98,0
82,36.6,99.7,0
81,36.5,98.6,0
91,36.1,97.6,0
74,36.4,96.3,0
78,36.2,91.7,6
93,36.1,95.6,0.7
77,36.8,98.2,4.7
73,36.3,96.7,0
79,36.7,96.3,7.1
95,36.6,97.8,6.9
66,36.7,95.7,4.4
58,36.6,95.9,0
56,36.2,99.3,0
71,36.6,96.3,2.7
76,36.8,96,8.8
78,36.2,97.2,0
84,36.7,96.8,7.6
103,36.6,95.6,13.7
105,36.2,97.5,2.5
83,36.7,95.3,10.3
91,36.6,96.4,8.5
84,36.7,99.1,3
86,36.9,99.2,7.4
81,37.1,96.9,14.5
80,36.6,99.3,0
79,36,97.4,0
91,36.1,95.8,0
74,36.4,98.5,0
79,36.6,97.3,3.1
90,36.1,99.4,0
86,36.2,95.1,1.6
97,36.6,98.8,5.5
101,36.2,97.8,0.7
104,36.5,95.2,12.8
113,36.9,97.9,18.1
108,36.5,99.7,5
80,36.4,96,2
74,36.6,96.6,3
89,36.8,96.2,12.3
83,36.2,97.1,0
94,37.4,97.4,23.4
82,38.8,95.2,52.2
81,36,96.2,0
77,36.6,96,5.1
90,36.5,96,7
76,36.6,95.1,6.6
72,36.2,95.3,0
79,36.6,96.9,3.9
90,36.8,98.8,7.4
87,36.5,96.4,5.3
58,36.4,96.3,0
51,36.5,96.6,0
60,36.5,96.9,0
56,36.2,99.5,0
72,37,98.5,6.6
71,36.3,95.4,0
71,36.3,98.8,0
78,36.5,99.4,0
80,36.6,96.2,5.6
81,35.9,97.5,0
91,36.8,99,7.3
64,36.8,95.4,6.4
74,36.2,97.1,0
79,36.4,99.8,0
73,36.5,97.1,0
79,36.1,95.8,0
76,36.1,97.3,0
67,36.9,93.3,13.5
87,36.6,95.7,8.7
83,36.2,98,0
78,36,97.6,0
79,36,95.6,0
81,36.7,96.5,7.3
90,36.3,96.1,2.8
79,35.4,97.2,0
73,36.8,98.7,2.5
75,36.6,99.1,0
71,36.2,99,0
71,36.4,96,0
82,36.4,98.9,0
81,36.9,98.2,7.9
81,36.4,96.9,0.5
80,36.4,97,0
85,36.9,99.4,6.7
82,36.8,97.6,7.4
81,34.7,98.8,0
77,36.2,95.5,0
93,37,95,19.9
93,37,95.1,19.7
83,36.4,95.5,3.9
81,37,97.6,11.1
81,36.1,99.4,0
77,36.7,95.5,8.1
75,36.4,98.7,0
60,36.6,98.2,0
105,36.4,97.2,7.1
106,36.4,98.8,4.2
107,36.2,95.6,6.9
105,36.7,97.8,11.9
83,36.6,95.6,7.7
81,35.9,99.7,0
91,36.3,98.1,0
55,36.6,95.6,0
75,36.3,98.7,0
83,36.4,98.3,0
81,36.5,95.4,5.5
91,36.5,93.8,11.7
84,36,95.7,0
79,36.3,98.6,0
90,36.2,99,0
83,36.4,97,0.9
92,36.4,97.4,2.8
93,36.4,96.5,4.9
84,35.9,99.3,0
82,36,97.3,0
91,36.7,95.4,12.5
91,36.3,96.3,2.7
76,36.3,95.5,0
66,36.6,98.3,0
87,34.4,96.9,0
80,36.4,97,0
81,36.2,95.8,0
68,36.9,99,2.4
87,36.8,96.2,11.7
93,36.6,99.3,3.3
94,36.2,97.2,0
80,36.4,96.6,0.8
56,36.3,97.4,0
78,36.5,94.3,6.8
80,36.4,99.8,0
68,36.4,91.5,7.4
87,36.7,96,10.1
92,36.8,95.6,14.4
80,36.7,98.2,3.6
90,36.5,98.5,2
83,36.2,91.9,7.1
91,36.3,98.3,0
81,36.9,99.9,4.5
77,36.7,99.3,0.5
75,36.5,95.3,3.9
51,36.2,98.7,0
52,36.5,92.3,3
51,36.5,99.4,0
53,36.4,95.6,0
52,36.8,98.3,0
54,36.9,99.4,0
53,36.3,98.4,0
51,36.8,96.4,0.5
52,36.5,98.4,0
63,36.5,97.2,0
69,36.5,96.7,0
77,36.2,96.6,0
66,36.4,96.8,0
65,36.1,97.3,0
68,36.7,99.1,0
65,36.5,95.1,1.3
78,36.4,99,0
89,35.8,95.7,0
76,36.8,95.4,10
75,36.9,97.6,7.3
71,36.4,95.8,0
86,36.6,97.1,5.6
85,36.7,98,5.5
80,36.7,95.5,9
86,36.2,99.2,0
72,36.1,96.1,0
75,36.7,95,8.5
67,36.6,95.2,3.7
77,36.7,99.7,0
73,36.4,98.5,0
71,36.5,97.4,0
65,36.2,96.7,0
64,36.2,97.8,0
77,36.8,95.1,10.9
72,36.4,96.4,0
102,37,98.9,14.8
74,36.4,95.2,1.8
79,36.4,95.2,3.3
90,36,99.9,0
93,36,99.7,0
73,36.8,99.1,1.7
77,36.5,99.8,0
61,35.8,97.8,0
77,36.5,96.4,2.3
80,36.7,96.5,7
96,35.9,99.9,0
89,36.6,97.8,5.1
98,36.3,95.5,6.4
80,37,99.1,7.8
81,36.8,90,22.3
77,36.3,90.3,10.5
75,36.3,99.4,0
61,36.6,90.5,11.3
72,36.6,96.7,2.2
60,36.4,98.1,0
58,36.1,88.6,4.2
56,36.3,100,0
57,36.4,96.2,0
55,37,95.9,6.7
57,36.8,96.1,2.9
56,36.1,95.8,0
58,35.9,97.7,0
84,36.9,97.4,10.4
80,36.3,99.4,0
78,36.4,95,3.4
80,36.9,99,6
81,36.5,96.1,4.1
81,37.1,100,8.3
80,36.6,96.8,4.4
78,36.6,91.7,14
84,37,90.4,26.4
92,36.8,96.4,12.8
80,36.9,97.3,9.4
78,36.4,98.3,0
90,36.7,98.1,6.8
116,36.2,95.8,9.2
90,36,95.5,0
82,36.4,98.1,0
77,36.3,98.5,0
76,36.5,96.1,2.6
89,36.1,96.3,0
79,37.1,97.4,12.9
90,36.7,98.3,6.4
81,36.5,96.9,2.5
91,36.3,99.3,0
81,36.3,97.9,0
74,36.3,95.8,0
77,36.3,95.1,0.9
80,36,95.8,0
62,36.2,97.3,0
76,36.7,95.7,7.4
80,36.9,95.6,12.8
90,36.5,96.4,6.2
94,36.8,96.2,13.8
84,36,98.6,0
91,36.8,99.3,6.7
84,36.4,98,0
82,36.4,96.1,2.4
91,36.5,98.9,1.5
91,36.9,98.2,10.9
65,37.2,96.9,11.7
77,36.8,99.4,2.3
78,36.1,95,0
91,36.5,100,0
84,36.5,96.6,4
80,36.6,95.5,7
79,36.9,98.2,7.3
76,36,100,0
78,36.8,99.7,2
107,35.8,97.6,0
87,35.9,99.8,0
86,36.7,96.8,8.2
81,36.4,99.3,0
79,36.6,95.6,6.5
84,36.5,98.3,0.6
82,36.6,98.8,1
80,36.2,98.7,0
73,36.3,98.6,0
79,36.5,98.6,0
83,35.9,97.2,0
82,36.3,95.8,1
81,36.5,99,0
81,36.6,95.2,7.9
84,36.7,99.9,1.4
82,36.2,97.8,0
85,36.4,96.4,2.7
92,34.5,97.2,0
84,36.9,96.1,13
97,36.5,99.7,1.7
95,35.9,98.8,0
94,36.9,97.1,14
95,36.4,97.8,2.9
88,37,95.4,17.6
86,36.3,99,0
93,36.6,96.8,8.3
94,36.4,91.9,14.4
87,36.6,91.8,16.5
86,36.5,95.9,6
86,35.8,98.6,0
82,36.3,95,2.6
81,37,96,14.3
77,36,97.9,0
75,36.6,95.7,5.1
83,36.7,96.8,7.3
91,36.1,95.1,1.1
94,36.2,97.6,0
88,36,99.9,0
87,36.6,99.2,1.7
92,36.6,99.9,1.8
111,36.7,98,13.3
99,36.4,96.4,6.9
83,34.9,96.7,0
77,37,99.8,5.5
80,36.4,98.6,0
80,36.8,96.4,9.2
90,36.4,97.6,1.8
83,36,95.3,0
82,36.4,96.8,1
81,36.1,100,0
85,36.3,96,1.5
82,36.1,97.3,0
91,36.4,99.6,0
83,36.7,96.2,8.5
84,36.5,97.9,1.4
92,37,97.6,14.4
94,36.8,97.1,12
85,36.8,98.4,6.7
97,36.2,95.4,4.3
85,36.7,97.9,5.7
92,36.5,97.9,3.8
80,36.7,97.6,4.8
77,36.8,99.7,1.7
90,36.7,97.7,7.6
87,37.1,94.5,21.1
77,36.5,99,0
89,36.7,97.9,6.9
84,36.6,99.9,0
91,36.8,94.3,16.7
87,36.6,98.4,3.3
83,36.6,97.7,3.5
81,36.6,98.3,1.7
91,36.5,95.4,8.5
87,36.3,96.7,0.7
86,36,95.1,0
86,36.2,95.9,4.53E-14
92,36.5,99.7,0.2
90,38.4,98,41
93,36.4,96.4,5.1
87,36.2,96.3,0
97,36.1,98.6,0
95,36.1,97.8,0
105,36.5,96.2,11.1
91,36.7,97.7,7.9
93,36.6,97.6,6.7
80,36.2,99.9,0
84,36.6,96.3,6.6
97,36.3,97.4,2.3
85,36.4,95.1,5.3
82,36.4,96.3,2
97,36.5,96,9.1
105,34.5,96.2,0
120,36.5,99.7,8.6
101,36.4,96.6,7.1
97,36.5,97.2,6.7
83,36.1,96.5,0
98,36.4,98.9,1.6
95,36.5,96.1,8.3
88,34.9,96.5,0
83,36.6,99.2,0.5
82,37,99.6,7.4
80,36.6,99.7,0
67,36.6,95.3,3.5
70,38.9,95.1,50.8
58,36.6,96.2,0
79,36.5,96.2,3.3
79,36.4,96.7,0.3
83,36.4,92.8,9.3
79,35.9,92.1,0
77,36.3,95.7,0
84,37.6,99.4,20.4
74,36.9,97.2,7.8
79,36.2,99.5,0
76,36.1,98.5,0
75,36.1,97.5,0
77,36.6,97.2,2.7
73,36.7,98.7,0.5
74,36.5,99.9,0
79,36,99,0
73,36,95.7,0
83,36.1,98.3,0
68,37,99.7,3
65,36.2,98.8,0
65,36.2,99.8,0
69,36.7,96.1,4.5
77,36.4,96.7,0
76,36.2,97.2,0
72,36.4,96.8,0
88,36.7,98.5,5.4
81,36.5,99.4,0
91,36.2,98.9,0
94,36.5,95.1,10
84,36.1,95.2,0
82,36.7,97.2,6.2
91,36.1,98.1,0
73,34.9,90,0
79,36.5,86.9,21.9
85,36.3,95.1,3.3
94,36.5,99.1,2
85,36.8,98.4,6.7
82,36.4,97.8,0
91,36.7,95.1,13.1
93,36,95.2,0
88,36.3,95.3,3.8
58,37,97.1,5.2
70,37,97,9
66,37.1,99.3,5.2
87,37.1,99.7,10.7
80,36.4,97.9,0
91,36.8,99.8,5.7
93,36.4,98.3,1.3
84,36.8,98.9,5.4
82,36.4,97.4,0
78,36.6,96.1,5.2
90,36.9,98,11
93,36.1,96.3,0
94,36.5,96.5,7.2
85,36.4,98.1,0
109,36.6,91.8,23.1
90,36.5,94.6,9.8
75,36.7,96.8,4.9
80,36.4,98.4,0
78,36.1,99.6,0
80,36.1,99.9,0
80,36.8,96.1,9.8
79,36.3,99.2,0
81,36.9,99.2,5.9
85,36.9,98.8,7.9
82,36.2,96.3,0
81,36.4,96.9,0.5
84,36.5,98.1,1
91,36.4,96.3,4.7
84,36.1,98.4,0
82,36,90.5,5.6
74,36.5,98.2,0
83,37.1,95.4,18.1
85,36.3,97.5,0
81,36.2,97.2,0
91,36.4,99.4,0
93,38.2,98.5,36.9
84,36.8,97.1,9
82,36.2,98.6,0
85,36.7,95.8,9.9
109,36.5,98.3,8.1
88,36.6,97.4,5.6
93,34.7,99.7,0
94,36.8,97.7,10.8
91,36.2,95.2,2.9
93,36.4,95.9,6.1
84,36.3,97.7,0
92,36.2,97,0
84,38.6,97.5,44.2
82,36.6,99.8,0
85,36,97,0
87,36.6,99,2.1
80,36.9,99.9,4.2
90,36.3,97.8,0
87,36.3,90.6,12.9
83,36.5,95.4,6.1
81,36.7,97.7,4.9
81,36.8,98.2,5.9
81,37.2,98.9,12.5
81,36.1,95.8,0
99,36.6,97.6,8.5
104,36.5,98.5,6.2
97,36.4,99.9,0
95,36.3,96.2,4.1
111,36.3,98.9,3.5
89,36.3,98.1,0
93,36.4,95.9,6.1
90,37,95.7,17.6
83,35.9,95.6,0
91,36.8,98.1,9.1
84,36,88.1,11
91,36.5,95.3,8.7
84,36.5,95.3,6.6
74,36.6,98.8,0
78,36,96.3,0
101,36.1,98.5,0
96,36.4,99.4,0
88,36.1,96.6,0
101,37,94.3,23.7
96,36.3,95.7,5.4
85,36.3,95.8,1.9
81,36.4,96.7,0.9
81,36.7,95.8,8.7
82,36.6,95.3,8
81,36.5,100,0
81,36.4,92.9,8.5
85,36.9,96.5,12.5
80,36.5,97.7,0.6
81,36.3,95.5,1.3
90,36.3,95.3,4.4
94,38.8,96.7,52.8
94,36.6,96.5,9.2
95,36.7,96.7,11.1
85,36.5,98.9,0
92,36.6,96.9,7.8
71,36.4,100,0
82,36.2,97.6,0
81,36.6,98.4,1.5
77,36.3,97.8,0
80,36.5,96.6,2.8
73,36.6,97.9,0.1
77,36.6,99,0
131,36.7,95.1,25.1
104,36.3,97.8,3.6
83,35.8,96.1,0
82,36.2,95.8,0
82,36.7,95.3,10
81,36.6,98.3,1.7
81,36.2,99.9,0
81,36.7,96,8.3
75,36.5,92.4,9.7
79,36.3,95.9,0
73,36.7,98.9,0.1
82,36.3,99.3,0
78,36.8,100,1.4
80,36.5,90.1,15.8
77,36.7,97.2,4.7
80,36.2,98.8,0
90,36.4,95.9,5.2
93,36,95.1,0
84,36.3,99.5,0
86,36.9,93.1,19.6
82,36.7,98,4.6
83,36.4,98.6,0
97,36.6,96.7,9.7
89,36.3,99.7,0
83,36.6,95.1,8.7
85,36.4,99.9,0
92,36.7,96.8,10
84,36.3,95.4,2.4
82,36.5,99.7,0
102,36.5,98.3,6
84,36.1,96,0
91,36.7,99.6,4.1
84,36,95.9,0
82,36,98.4,0
102,36.4,95.9,8.8
80,36.7,97.8,4.4
81,37.1,99.4,9.5
90,35.8,95.2,0
86,36.6,98.5,2.8
90,36.5,96.7,5.6
79,35.9,97.9,0
76,36.2,98.4,0
80,36.5,99.3,0
96,36.9,99.5,9.8
85,36.7,96.2,9.1
92,36.3,95.2,5.2
87,36.3,96.3,1.5
103,36.3,95.7,7.5
85,36.4,97.2,1.1
86,36.7,98.5,4.8
92,36.2,95.2,3.2
82,36.7,97.5,5.6
91,36.3,99.6,0
81,36.6,99,0.3
81,36.2,98.8,0
85,36.5,95.5,6.5
86,36.2,98.2,0
80,36.4,99.4,0
84,36.8,95.6,12
85,36.5,95.4,6.7
93,36.5,95.9,8.1
88,36.1,95.9,0
92,36.3,96.6,2.4
88,36.5,98.5,1.4
93,36.2,95.6,2.7
94,36.8,99.2,7.8
117,36.9,97.9,19.3
101,36.4,95.6,9.1
80,36.5,99.9,0
81,36.2,91.3,7.7
91,36.2,98.7,0
94,36.3,99.4,0
95,36.4,97.8,2.9
94,35.5,95.3,0
94,36.6,97.7,6.8
82,36.8,97.5,7.6
78,36.5,97.8,0
84,36.4,99.3,0
79,36.4,99.8,0
76,36.6,99.2,0
80,36.6,99.7,0
81,36.7,98.1,4.1
79,36.6,98.5,0.7
84,36.7,98.2,4.8
91,36.2,94.4,4.5
110,36.4,98.9,5.2
76,36,95.6,0
71,36.4,95.3,0.7
88,36.9,96.9,12.6
87,37,96.8,14.5
82,36,99.8,0
81,36.7,99.8,0.7
80,36,98.1,0
79,36.6,92.5,12.7
73,36.6,97.3,1.3
72,36.3,95.2,0
76,36.7,95.4,8
94,36.4,96.1,6
94,37,99.2,11.8
84,36.5,99.2,0
91,36.5,96.3,6.7
87,36.7,95.8,10.5
83,36.8,99.3,4.3
85,36.7,96.8,7.9
83,36.3,96.9,0
74,36.5,95.7,2.8
66,36.4,99.6,0
65,36.2,96.5,0
64,36.2,99.4,0
64,36.8,97.6,2
72,36.5,96.7,0.2
74,36.7,99.7,0
89,36.4,95.9,4.9
79,36.3,98.3,0
90,36.7,95.7,11.6
76,36.2,95.9,0
76,36,96.5,0
75,36.6,96.7,3.1
89,36.6,99,2.7
83,35.9,96.9,0
85,36.5,97,3.5
58,36.8,97,1.4
84,36.6,95.1,9
82,36.6,98.4,1.8
84,36.6,98.2,2.8
74,36.2,97.3,0
76,36.8,99.5,1.8
67,36.4,98.9,0
69,36.5,97.6,0
65,37.1,96,11.5
69,36.6,95.6,3.5
74,35.9,97.1,0
60,36.7,97.6,0
72,36.4,99.5,0
59,37.1,96.3,9.1
85,36.9,87.8,29.9
75,36.1,96.2,0
89,36.3,97.6,0
85,36.3,99.1,0
82,37.2,97.2,16.2
91,36.3,99.9,0
84,36,98.5,0
91,36.9,98.3,10.7
93,36.3,98.5,0
81,36.2,96.1,0
77,36.5,95.9,3.3
75,37,97.5,9.5
88,36.3,99.1,0
59,36.3,96.3,0
51,36.5,94.6,0
83,36,96.6,0
77,36.9,99.6,3.9
80,36.4,99.1,0
81,36.9,98.3,7.7
81,36.3,98.8,0
81,36.5,97,2.3
81,35.9,96,0
81,36.2,96.6,0
91,36.9,98.6,10.1
84,37,94.9,17.4
91,36.7,98.2,6.9
84,36.6,95.7,7.8
81,36.2,99.2,0
91,36.1,99.7,0
84,37,96.5,14.2
91,36.4,95.3,6.7
93,35.7,97.6,0
84,36.6,99.1,1
132,36.2,90.7,24.2
94,37,96.9,16.4
94,36.3,99,0
84,36.3,96.9,0
76,37,88.4,28
80,36.7,98.1,3.8
81,36.7,95.6,9.1
68,36.2,94.8,0
78,38.6,97.4,42.6
73,36.5,97.1,0
75,35.9,99.2,0
89,35.9,95.3,0
82,36.7,96,8.6
91,36.6,99.6,2.1
84,37.1,98.2,12.8
82,36.7,95.7,9.2
83,36.5,96,4.9
82,36.3,96.5,0
81,36.9,97.3,9.7
85,36.8,99.8,3.9
92,37.1,98.2,15.2
81,36.2,99.3,0
91,36.4,96.3,4.7
77,36.1,97.6,0
78,36.8,97.4,6.6
72,35.9,95,0
75,36.7,99.2,0.1
89,36.2,94.8,3.1
87,36.7,99.6,2.9
78,36.7,96,7.4
76,37,99.8,5.2
75,36.7,97.4,3.7
79,36.6,99,0
78,36.2,97.9,0
76,36.2,97.2,0
67,36.1,97,0
64,36.8,98.8,0
69,36.8,98.4,1.9
74,36.3,92.3,5.6
89,36.3,99.5,0
83,36.3,96.5,0
90,36.5,99.7,0
79,36.8,97.6,6.5
91,36.1,97.1,0
80,36.3,91.8,8.4
76,36.6,95.7,5.4
80,36.8,96.9,8.2
90,36.1,98.8,0
83,36.5,92.2,12.5
82,36.2,96.4,0
91,36.4,97.8,1.7
87,36.5,97,4.1
83,36.4,95.7,3.5
81,37.1,95.2,17.9
81,36.5,98.6,0
91,36.2,98.4,0
93,36.6,98.7,4.5
95,36.4,95.3,7.9
103,36.9,98.7,13.5
87,36.2,97,0
82,34.9,95.2,0
81,35.8,95.1,0
81,36.3,97,0
91,36.1,97.1,0
84,36.4,96.1,3
82,36.5,96.4,3.8
81,36.9,98.6,7.1
77,36,96.1,0
94,36.8,95.9,14.4
84,36.7,96.3,8.6
91,36.2,96.8,0
84,34.9,97.4,0
102,36.6,96.2,12.2
96,36.1,99.8,0
85,36.3,91,11.5
82,36.4,93.7,7.2
81,36.4,93.3,7.7
85,36.3,99.5,0
86,36.6,98.2,3.4
92,36.4,95.2,7.2
93,36.5,95.8,8.3
84,36.5,99.5,0
82,35,94.3,0
91,37.3,98.3,18.7
84,36.6,100,0
76,36.3,97.2,0
80,36.2,97.6,0
81,36.5,97.9,0.5
90,36.4,97.5,2
84,37.1,96.4,16.4
92,35.8,98,0
78,36.4,97.6,0
78,36.6,98.6,0.2
90,36.5,95.8,7.4
90,37,98.2,12.6
83,36.6,95.3,8.3
85,36.3,95.4,2.7
80,36.4,96.3,1.4
90,36.9,100,7
93,34.2,96,0
94,36,99.9,0
84,37,99,9.2
82,36.5,97.9,0.8
85,36.5,98.4,0.7
81,36,99.5,0
81,36.6,99.5,0
77,36.5,97.1,0.9
94,36.2,99.5,0
84,36.3,99.2,0
91,36.5,95.8,7.7
84,36.4,98.9,0
76,36.5,99.5,0
83,36.5,99.2,0
98,36.4,95.7,8
82,36.8,98.4,5.8
83,36.3,96.8,0
94,36.6,94,14.2
98,36.6,96,11.4
85,34.4,95.6,0
78,36.4,97.6,0
80,35.8,96.2,0
81,36,95.6,0
85,36.4,99.5,0
82,36.1,98,0
81,36.6,99.5,0
71,36.8,97.2,4.9
87,36.9,96.2,13.7
78,36.7,99.5,0.4
89,36.2,96,0.7
93,37,96.7,16.5
80,36.7,96.9,6.2
90,35.8,96.8,0
87,36.2,97.3,0
83,36.7,95.9,9.1
91,36.5,98.5,2.3
70,36.4,96.7,0
66,36.4,99.4,0
87,36.8,96.1,11.9
63,36.8,99.5,0
73,36.3,98.1,0
78,36.4,96.6,0.2
76,36.1,98.8,0
72,36.6,97.9,0
88,36.4,95.2,6
83,36.6,99,0.9
77,36.5,96.6,1.9
73,36.8,99.6,0.7
66,36.8,96.2,5.4
70,36.8,98.2,2.6
54,36.5,99.6,0
69,36.3,98.9,0
78,36.1,99,0
84,36.3,96.1,1
92,36.7,95.2,13.2
80,36.4,93.7,6.6
81,36.9,90.9,22.5
90,35.8,97.8,0
88,36.5,98.6,1.2
92,36.5,99.8,5.33E-15
88,37.1,99.8,10.8
86,36.3,98,0
86,36.5,99.1,0
92,36.5,97.9,3.8
55,36.1,99.4,0
73,36.3,96.2,0
54,36.9,97.5,1.2
84,36.9,98,9.2
79,36.3,98,0
84,36.4,96,3.2
88,35.9,97.9,0
81,36.8,95.2,11.9
90,36.9,96.3,14.4
80,36.5,92,12
81,36.4,98.8,0
81,36,96.8,0
89,36.3,95.1,4.5
80,36.1,98.9,0
62,36.1,99.1,0
76,36.1,96.7,0
72,37,97.6,8.4
45,36.6,95.7,0
70,36.8,96.5,6
76,36.2,96.5,0
85,36.3,98.5,0
102,35.7,95.3,0
112,36.2,96,7.6
122,36.9,97.5,21.6
132,36.4,99,11.6
93,36.5,99.1,1.7
88,36.6,96.9,6.6
83,36.5,95.7,5.5
79,36.6,97.9,1.9
78,36.5,99.7,0
90,36.8,99.4,6.2
86,36.3,99.1,0
91,35.9,97.3,0
88,36.4,96.6,3.2
92,36.5,95.9,7.8
83,37.1,97,14.9
74,36.5,95.9,2.4
83,36.6,86.5,25.9
82,37,95.4,15.8
91,36.4,97.9,1.5
84,36.8,99,5.2
92,36,95.3,0
84,36.7,99,3.2
102,36.9,90.7,29.2
82,36.7,97.8,5
81,34.7,99.3,0
89,36.3,97.8,0
70,36.9,96.9,7.2
94,36.2,95.2,3.8
93,36.5,96.4,7.1
72,36.9,99.9,1.8
81,36.5,97.7,0.9
91,36.5,97.9,3.5
87,36.3,95.5,3.1
63,36.5,97,0
80,36.7,97.5,5
90,36.8,96.1,12.8
83,36.1,96.4,0
82,36.9,98.9,6.8
80,36.3,96.7,0
84,36.7,99.9,1.4
69,36.6,96.8,1.1
73,36.3,95.9,0
75,36.2,97.4,0
82,36.4,96.7,1.2
61,36.9,96.3,5.7
74,36.3,98.7,0
82,36.1,88.3,12
85,36.9,99,7.5
80,36.2,95.1,0
79,35.8,98.6,0
77,34.5,95.7,0
83,36.9,98.3,8.3
92,36.5,97.9,3.8
80,36.9,98.2,7.6
79,36.9,96.6,10.5
68,36.6,96.7,1
74,36,96.5,0
76,36.6,97.8,1.2
86,36.5,97.5,2.8
97,36,96.1,0
100,36.6,94.8,14.4
96,36.5,97.5,5.8
103,37,98.5,15.9
87,36.7,98.1,5.9
83,36,98.3,0
78,36.2,95.7,0
83,36.2,98.4,0
84,36.1,98.1,0
77,36.9,91.4,20.3
76,36.7,98.3,2.2
80,36.5,97.6,0.8
84,36.8,99,5.2
83,37.3,97.2,18.5
84,36.5,95.3,6.6
91,37,98.6,12.1
80,36.6,91.2,15.6
55,37.1,92.4,15.7
84,36.6,98.9,1.4
82,36.4,94.7,5.2
91,36.5,98,3.3
93,36.5,98.4,3.1
85,36.8,95.5,12.5
75,36.3,96.8,0
82,36.5,94.7,7.2
79,37.1,98.4,10.9
78,36.8,99.4,2.6
56,36.4,99,0
84,36.7,99.7,1.8
84,36.7,99.5,2.2
97,36.8,95.1,16.9
81,36.5,95.5,5.3
99,36.1,99.2,0
108,36.6,95,16.4
80,36.9,95.3,13.4
84,36.2,96.9,0
96,36.4,97.3,4.2
81,36.4,96.6,1.1
77,36.6,96.7,3.7
76,36.8,96.1,8.6
80,36.4,98.4,0
84,36.6,95.9,7.4
80,36.2,97.6,0
62,36.5,99.2,0
74,36.5,90.7,12.8
83,35.7,98.1,0
82,36.9,95.4,13.8
79,36.2,95.6,0
84,36.8,95.7,11.8
82,36.8,99.8,3
68,36.3,95.6,0
81,36.2,97,0
79,36.6,95.6,6.5
80,36.4,98.7,0
90,37.1,96.9,17.2
83,36.4,99.7,0
82,36.6,98,2.6
74,36.7,98.1,2
79,36.6,96.3,5.1
91,36.7,87.3,28.7
82,36.9,96.5,11.6
86,36.3,95.8,2.2
82,36.5,96.1,4.4
78,36.5,96.3,2.8
80,36.4,98.8,0
62,36.6,88.8,15
72,36.7,96.8,4
75,36.4,97.3,0
79,37.2,95.1,19.5
73,36.5,97.9,0
89,36.3,97.7,0
59,37,96.1,7.5
85,36.7,97.4,6.7
78,36.3,97.8,0
61,36.1,98.4,0
51,36.4,97.3,0
83,36.2,98.8,0
77,36.3,95.3,0.5
78,36.3,96.7,0
84,36.7,95.7,9.8
69,36.6,97.9,0
73,36.4,97.3,0
78,36.1,99.4,0
78,36.1,99.7,0
90,36.5,98.9,1.2
81,36.1,97.6,0
85,36.3,98.8,0
106,36.9,97.1,17.6
103,36.3,99,0.9
87,36.3,95,4.1
78,36.2,95.9,0
76,36.3,98.4,0
66,36.3,95.2,0
65,36.7,96.5,2.5
80,36,99.2,0
82,36.3,95.7,1.2
90,37,91.8,25.4
92,36.8,95.4,14.8
84,36,99,0
80,36.4,99.7,0
90,36.5,95.6,7.8
93,36.5,96.3,7.3
90,35.8,96,0
87,36.9,98.7,8.7
81,36.7,98.3,3.7
73,36.5,98.4,0
88,36.9,97.4,11.6
83,37.1,98.8,11.3
74,36.3,97.5,0
76,36.4,96.9,0
71,36.4,96.3,0
75,35.9,95.3,0
90,38.2,99.7,33.6
75,36.4,95.3,1.9
89,36.6,97.7,5.3
79,36.6,96,5.7
73,36.8,96.9,6.1
75,36.2,97.6,0
88,36.4,94.5,7.4
93,36.2,88.1,17.7
94,36.2,97.6,0
94,36.2,95.1,4
83,36.7,96.6,7.7
77,36.5,98,0
90,36.6,95.8,9.4
81,35.8,96.6,0
91,36.2,99,0
79,36.4,99.1,0
81,36.1,100,0
87,36.9,93,20.1
98,36.3,99.4,0
96,36.5,96.8,7.2
89,36.2,97.7,0
75,36.2,98.4,0
55,38.6,99.1,32.3
73,34.6,95.4,0
66,36.6,96.8,0.2
70,36.7,96.9,3.2
72,36.1,99.2,0
86,36.7,91.3,19.2
93,36.1,99.4,0
66,36.4,98.1,0
64,36.7,94.7,5.8
72,36.3,99.9,0
76,36.6,93.4,10
89,36.2,95.8,1.1
91,37.2,98,17.3
71,36.5,95,3.3
82,36.4,97.6,0
74,36.6,96.9,2.4
64,36.3,96.2,0
64,36.8,94.5,8.2
57,36.2,95.2,0
70,36.7,97,3
77,36.2,99.5,0
61,36.7,95.6,3.1
76,36.4,97.4,0
80,36.7,95,10
87,36.4,97.8,0.5
92,36.7,96.4,10.8
79,36.5,96,3.7
61,36.2,99.7,0
72,36.6,97.8,3.38E-14
82,36.5,96.5,3.6
62,36.5,98.9,0
60,36.3,96.3,0
73,36.1,95.5,0
73,36.6,99.1,0
76,36.2,95.9,0
84,36.7,99.6,2
93,36.2,97.3,0
94,36.3,97.6,1
84,36.5,99.5,0
85,38.1,94.4,40.7
97,36.6,96.9,9.3
94,37,99.1,12
94,36.4,97.2,3.8
77,36.7,99.4,0.3
67,36.8,99,0.1
77,36.1,98,0
79,36.5,95.7,4.3
89,36.7,97,8.7
87,36.8,98.8,6.5
80,36.6,99.1,0
68,36.2,98.5,0
73,37,95,13.9
83,36.4,99.5,0
91,36.4,96.1,5.1
87,36.3,99.1,0
92,36.5,96.8,6
101,36.8,98.8,10.7
113,36.4,96.8,10.3
118,37,95.8,25.8
115,36.7,98.4,13.7
84,36.7,97.9,5.4
75,36,99.6,0
89,36,97.8,0
75,36.4,96.1,0.3
99,36.2,96.2,3.3
107,36.8,96.2,17.7
110,36.8,98.6,13.8
89,36.5,97.4,3.9
85,36.1,98,0
93,36.4,96.5,4.9
94,36.6,99,4.2
89,36.5,96.5,5.7
87,36.7,98.5,5.1
83,36.4,96.7,1.5
74,36,90.8,2.6
72,36.9,96.3,9
68,38.8,96.9,44.6
73,36.5,98.6,0
89,36.6,99.1,2.5
83,36.8,99.9,3.1
77,36.8,99.4,2.3
82,36.3,98.7,0
78,36.4,99.4,0
84,36.9,97.1,11
91,36.6,95.8,9.7
76,36.4,96.4,0
77,36.5,98,0
80,36.5,99,0
62,37.1,99.3,4
85,37,98,11.5
78,38.9,98.9,45.6
86,36.5,95.6,6.6
88,36.6,96.5,7.4
64,36,96.8,0
80,36.3,96.7,0
90,36.2,95.9,1.2
91,36.4,98.5,0.3
93,36.2,99.4,0
94,36.7,96.6,11
60,36.4,96.2,0
84,36.9,98.1,9
85,36.5,95.6,6.3
92,36.8,96.6,12.4
87,36.5,95.1,7.9
79,36.7,98.7,2.3
59,36.3,98,0
78,36.6,96.7,4
84,36.7,98.1,5
78,36,98.4,0
88,36.8,89.9,24.6
82,36.8,97.3,8
83,36.6,98,2.9
99,36.2,96.6,2.5
81,36.4,97.3,0
92,36.1,96.3,0
82,36.6,99,0.6
80,37,92.9,20.2
81,36.8,96.1,10.1
79,36.4,97.6,0
92,36.3,96.9,1.8
92,36.8,99.7,6.2
93,36.4,98.4,1.1
94,35.8,96.9,0
89,36.8,97.3,10.1
86,36.5,97.1,3.6
98,36.3,95.7,6
95,36.7,98.1,8.3
91,36.3,96.9,1.5
65,36.2,99.3,0
77,36.7,97.2,4.7
95,36.5,96.6,7.3
81,36.7,99.4,1.5
77,36.3,95.5,0.1
89,36.3,95.6,3.5
93,36,98.4,0
80,36.6,97.3,3.4
57,36.5,98,0
92,36.6,97.2,7.2
75,36.2,99.7,0
67,36.7,98.3,0
81,36.5,96.9,2.5
81,36.8,99.6,3.1
74,36.5,97,0.2
83,36.7,96.7,7.5
81,36.7,90.9,18.5
80,36.5,99,0
84,36.7,96.3,8.6
85,36.4,99.6,0
84,36.8,98.6,6
80,36.3,98.9,0
77,36.6,95.2,6.7
80,35.8,99,0
92,36.2,99.8,0
84,36.9,97.9,9.4
50,35.8,97.7,0
65,36.2,97.9,0
75,38.2,99.6,29.3
79,36.8,98.2,5.3
61,36,99,0
57,36.4,91.8,3.5
84,36.6,97.7,3.8
92,36.5,99,1.6
65,36.4,95.5,0
79,36.2,99.9,0
90,36.1,94.6,1.8
86,36.6,97.2,5.4
80,36.6,95.6,6.8
81,36.3,98.6,0
81,36.6,97.5,3.3
84,36.6,96.5,6.2
91,36.4,99.8,0
85,36.5,96.3,4.9
85,36.6,95.7,8.1
82,36.6,95.6,7.4
77,36.5,95.8,3.5
84,36.4,99.2,0
91,36.6,97.7,5.9
80,36.5,96.5,3
90,36.9,99,9
81,36.5,95.8,4.7
77,36.1,96.2,0
75,36.7,99.4,0
69,36.4,96.5,0
82,36.6,98.8,1
97,36.4,97.9,3.3
80,36.8,99.9,2.2
92,36.7,95.6,12.4
99,37.4,99.7,20.3
95,36.6,97,8.5
103,36.5,99.8,3.3
89,36.2,97.2,0
86,36.6,97.9,4
85,37,93.1,21.3
95,34.7,98.6,0
104,36.1,95.8,3.6
115,36.6,96.9,14.7
105,36.5,96.1,11.3
88,36.3,99.2,0
88,35.9,97.9,0
88,36.6,98.6,3.2
86,37.1,97.9,14
82,36.4,98,0
57,36.3,99,0
75,36.3,95.8,0
65,36.5,95.8,0
77,36.4,99.4,0
56,36.9,97.7,1.4
84,36.4,98.8,0
91,36.9,95.7,15.9
83,36.6,97.8,3.3
57,36.6,98.3,0
73,36.6,98.1,0
77,36.4,98.7,0
86,36.6,99.1,1.6
66,36.5,96.1,0
65,35.7,96.1,0
89,36.7,97.2,8.3
59,36.5,98.1,0
91,36.3,95.5,4.3
75,36.5,94.1,6.3
94,36.6,99.5,3.2
81,36.2,98.5,0
79,36.2,95,0
90,36.7,96.1,10.8
87,36.7,96.7,8.7
83,36.2,85.4,20.1
84,36.5,96,5.2
91,36.6,95.8,9.7
81,36.5,98.1,0.1
81,36.4,98.4,0
83,36.6,97.1,4.7
90,36.7,97.5,8
90,36,95.7,0
83,36.1,98.4,0
82,35.8,95.1,0
100,36.9,95.8,18.4
96,36.7,95.1,14.6
85,36.4,90.8,13.9
85,36.9,98.9,7.7
85,36.6,98.8,1.9
100,35.7,91,4
101,36.8,97.3,13.7
86,36.5,99.7,0
79,36.9,98.8,6.1
62,36.2,85,14.6
74,36.4,99.6,0
89,35.8,98.7,0
93,36.2,96.8,0.3
60,36.5,95.1,0
76,36.7,98.2,2.4
89,36.4,96,4.7
79,36.5,99.1,0
90,36,95.9,0
86,36.1,98.7,0
93,37.4,96.4,25.1
92,36.4,97.6,2.4
82,36.5,98.2,0.2
78,36.6,99.6,0
84,37.1,95.1,19
82,36.4,96.3,2
91,36.6,96.2,8.9
87,36.4,95.7,4.7
91,36.6,97.2,6.9
90,36.7,95,13
61,36.4,98.7,0
85,36.3,98,0
74,36.5,96.2,1.8
89,36.6,99.1,2.5
93,36.5,96.8,6.3
88,36.5,96.4,5.6
58,36.6,98.6,0
71,36.2,95.2,0
86,36.4,97.8,0.2
87,36.5,96.9,4.3
75,36.4,95.3,1.9
79,36.7,97.2,5.3
90,36.7,85.2,32.6
71,36.6,95.9,3.5
78,36,98.1,0
99,36.4,99.9,0
95,36.7,95.7,13.1
85,36.2,95.8,0
75,37.1,95.9,14.7
90,36.6,95.4,10.2
83,36.2,95.9,0
74,36.8,92.9,14.4
72,36.6,95.5,4.6
78,36.5,95.5,4.4
89,36.5,94.7,9.3
96,37,96,18.8
95,36.3,96.8,2.9
87,36.1,95.8,0
96,36.7,96.3,12.2
85,36.3,99.5,0
92,36.7,97.9,7.8
96,36.4,99.1,0.6
89,36.6,97.3,6.1
96,36.5,93.4,14
85,36.3,99.4,0
92,36.2,95.6,2.4
91,36.6,96.5,8.3
93,37,95.9,18.1
95,36,97.6,0
55,36.2,95.1,0
70,36.9,96.1,8.8
78,36.6,90.5,16.4
79,36.4,99.1,0
71,36.3,96.2,0
71,36.6,96.5,2.3
74,36.5,97.1,1.15E-14
82,36.2,99.4,0
79,37.4,96.7,20.3
88,36.1,96.4,0
86,36.5,90.2,17.4
80,36.8,97.2,7.6
76,36.7,97.6,3.6
78,36.4,95.3,2.8
86,36.4,95.1,5.6
81,37.2,99.8,10.7
56,36.2,96.7,0
78,36.5,97.8,0
61,36.2,97,0
71,36.1,97.2,0
74,36.5,98,0
82,36.3,96.4,0
74,36.1,96.1,0
72,36.9,97.5,6.6
89,36.5,99.1,0.5
59,36.5,98.7,0
74,36,99.2,0
60,36.6,97,0
78,36.6,99.1,0
80,36.5,96,4
73,36,98.5,0
82,38.7,96.2,48.2
87,36.5,97.1,3.9
99,36.4,97.3,5.1
100,36.3,99.4,0
96,36.8,99.9,7
86,36.3,96.8,0.2
92,36.6,97.7,6.2
104,36.7,95.6,16
97,36.2,98,0
89,36.5,95.4,7.9
77,36.6,95.4,6.3
84,36.6,96.5,6.2
80,36.8,95.2,11.6
84,36.8,99.4,4.4
91,36.3,95.9,3.5
79,36.8,95.4,10.9
61,35.9,97.5,0
76,36.2,96.7,0
80,36.5,99.7,0
77,37.3,90.2,30.7
76,36.4,97.6,0
83,36,99.2,0
82,36.3,99.3,0
88,36.5,96.8,4.8
112,36.5,98.6,8.4
96,34.8,95.6,0
84,36.5,94.6,8
91,36.6,98.8,3.7
65,36.9,98.6,2.3
58,36.9,99.5,0
62,37.2,99.9,4.8
57,36,95,0
70,36,91.7,0
59,36.3,87.2,11.3
85,36.5,96,5.5
100,36.2,98.7,0
94,36.3,99,0
82,36.6,97.5,3.6
80,36.4,96.6,0.8
79,36.7,96.7,6.3
79,36.3,98.4,0
78,36.9,98.3,6.8
84,36.5,99.1,0
91,36.4,97.1,3.1
93,36.3,95.4,5.1
100,36.8,96.7,14.6
91,36.4,97.7,1.9
87,36.9,96.5,13.1
93,37,96.9,16.1
94,35.9,95.6,0
94,36.2,98.8,0
94,36.5,98.9,2.4
93,36.7,99.1,5.7
88,36.2,98.2,0
92,36.2,96.9,0
94,36.2,97.3,0
87,36.6,97.5,5.1
92,36.6,90.8,20
88,36.8,99.3,5.8
93,36.2,98.7,0
94,37.2,93.9,26.4
88,36.4,93,10.4
92,36.4,96.4,4.8
94,36.6,100,2.2
88,36.3,95.1,4.2
93,36.2,96.4,1.1
94,36.6,95.6,11
87,37.3,95.9,22.3
86,36.7,97.7,6.4
92,36.5,98.4,2.8
93,36.8,97.3,11.3
83,36.5,99.9,0
85,37.1,96.6,16.3
92,36.8,96.7,12.2
94,37,97.9,14.4
80,36.4,96.7,0.6
79,36.5,96.4,2.9
85,36.2,95.9,0
75,36.9,98.3,5.9
107,36.6,96.1,13.9
83,36.3,99,0
82,36.7,96.7,7.2
83,35.9,98.9,0
84,36.2,95.7,0
86,36.7,97.6,6.6
82,36,100,0
91,36.9,98.4,10.5
79,36.4,98.2,0
81,36.2,98.6,0
81,36.3,97.3,0
85,36.3,98,0
91,36.1,98.1,0
101,36.8,99.2,9.9
86,36.3,95.4,3
78,36.4,93.7,6
80,36.5,97.1,1.8
78,36.7,99.1,1.2
80,36.9,95.6,12.8
79,35.4,99.5,0
81,36.3,98.6,0
74,36.2,99.7,0
86,36.9,100,5.8
78,36.2,90.8,7.8
84,36,98.2,0
85,36.7,99.3,2.9
82,36.4,98.1,0
80,36.4,96,2
73,36.4,95.7,0.5
79,36.1,96.8,0
83,36.3,95.5,1.9
90,36.5,98.6,1.8
92,36.2,91,11.6
94,36,97.3,0
80,36.8,99.7,2.6
81,37.4,99.9,14.5
85,36.5,90.1,17.3
92,37.2,99,15.6
79,36.1,96.5,0
84,36.8,98.1,7
97,36.7,96.7,11.7
95,36.3,98.5,0
85,36.6,95.7,8.1
86,36.2,99,0
98,36.3,98,1.4
92,36.1,98.1,0
86,36.6,99.7,0.4
86,36.6,97.9,4
92,36.7,96.2,11.2
88,36.6,97.9,4.6
83,36.8,99.9,3.1
84,36.1,98.7,0
91,36.5,96.6,6.1
59,36.5,95.8,0
75,36.2,97.9,0
80,37.2,93,24
90,36.5,96,7
92,36.5,96.2,7.2
84,36.5,99.9,0
85,36.8,95,13.5
80,36.9,99.6,4.8
74,36.8,99.4,1.4
75,36.3,97.2,0
95,36.5,97,6.5
94,37,97.4,15.4
94,36.2,98.8,0
94,36.1,98.9,0
95,36.2,95.8,2.9
80,36.9,96.7,10.6
81,36.7,99.3,1.7
74,36.2,97.3,0
72,36.3,97.9,0
88,36.3,99.5,0
98,36.5,95.2,11
100,36.5,95.8,10.4
96,36.6,95.1,12.6
94,36.4,97.1,4
88,36.6,95.5,9.4
92,37,96,17.6
86,36.2,98.2,0
90,36.3,95.6,3.8
105,37.1,95.5,24.5
87,36.4,91.4,13.3
80,36.4,99.8,0
81,36.8,99.1,4.1
91,36.5,98.4,2.5
103,36.8,95.1,18.7
97,36.5,97.2,6.7
85,36.7,98.9,3.7
82,36.7,98.9,2.8
91,36.4,96.6,4.1
92,36.1,96,0
84,36.4,99.7,0
91,36.2,92.3,8.7
76,36.2,98.4,0
81,36.2,98.5,0
85,36.3,99.2,0
92,36.6,96.3,9
82,36.8,92.9,16.8
81,36.6,99.8,0
94,36.3,97.1,2
84,36.6,98.1,3
103,35.8,97.8,0
89,37,96.6,15.5
93,36.7,98.1,7.7
91,36.7,95.4,12.5
98,36.6,98,7.4
94,37,88.1,34
95,36.4,97.4,3.7
100,36.3,95.5,7
96,36.3,90.2,16.4
85,36.3,92,9.5
97,36.3,93.1,10.9
101,36.5,99.6,3.1
91,36.1,95.8,0
84,36.3,97.2,0
98,36.3,98.5,0.4
73,36.5,97.7,0
60,37.2,93.7,16.6
56,37,97.2,4.4
76,36.8,98.9,3
154,36.4,98.6,19
128,36.1,97.8,6.8
85,36.5,97,3.5
91,37,96.7,15.9
80,36.7,99.3,1.4
81,36,97.1,0
85,36.6,96.3,6.9
92,36.3,98.3,0
93,36.8,99.9,6.1
88,36.6,98.3,3.8
78,37,97,11.4
96,36.6,97.1,8.6
121,36.5,95.5,17.3
107,36.4,95.8,10.5
108,36.1,99.7,0
112,36.4,95.4,12.8
105,37,95.7,22.1
80,36.4,97.7,0
56,35.8,92.6,0
72,36.7,97.7,2.2
79,36.7,96.5,6.7
79,36.8,95.3,11.1
61,36.7,95.7,2.9
52,36.7,99.1,0
77,36.4,98.1,0
84,36.8,98.6,6
69,36.9,98.4,3.9
71,36,98.2,0
100,36.6,97.2,9.6
95,36.5,99.1,2.3
61,36.5,97.6,0
86,36.1,99.9,0
79,36.4,96.1,1.5
90,36.3,96.9,1.2
94,36.1,95.8,0.6
94,36.1,98.7,0
88,36.3,99.1,0
105,36.5,99.7,4.1
103,36.3,96.1,6.7
82,35.9,96.5,0
92,36.9,100,7.6
94,36.7,98.5,7.2
95,36.8,97.2,12.1
94,37,99.6,11
105,36,98.4,0
96,36.9,95.5,17.8
98,36.5,99.1,3.2
99,36.4,96,7.7
99,36.5,97.4,6.9
96,36.8,98.8,9.2
78,36.6,96.1,5.2
80,36.3,97.3,0
73,36.2,94,0
79,36.5,96.8,2.1
84,36.4,97.1,1
74,36.2,95,0
89,36.7,93.7,15.3
59,36.7,99.4,0
56,35.9,97.1,0
84,36.5,90.5,16.2
63,36.7,97.6,0
72,36.7,97.4,2.8
77,36.9,95.8,11.5
90,36.6,99.2,2.6
81,36.7,96.9,6.5
57,36.3,99.2,0
75,36.2,95.5,0
72,36.8,97.3,5
88,36.8,95,14.4
59,36.3,97.4,0
71,36.3,99,0
53,36.5,95.7,0
66,36.8,99,0
86,36.3,98.2,0
78,36.8,99.1,3.2
80,36.5,96,4
75,36.3,90.3,9.9
74,36.8,99.9,0.4
72,36.4,96.9,0
59,36.3,97.5,0
72,37.3,97.7,14.2
77,36.8,97.9,5.3
90,36.9,95.8,15.4
89,36.9,95,16.7
71,36.1,98.6,0
88,36.4,95.2,6
81,36.5,90.4,15.5
81,36.6,98.3,1.7
74,36.2,96.1,0
66,36.5,95.1,1.6
64,36.3,98,0
64,36.3,95.6,0
82,36.8,99.2,4.2
61,36.4,96.9,0
63,36.5,97,0
86,36.3,98.6,0
70,36.2,95.9,0
54,36.6,98.9,0
84,36.9,97.8,9.6
82,36.5,95.6,5.4
81,36.2,95.5,0
80,36.9,96.5,11
81,36.4,97.2,0
77,37,95.4,14.3
80,36.6,100,0
81,36.6,99.5,0
77,36.8,96.6,7.9
80,37,92.6,20.8
91,36.6,98.2,4.9
80,34.1,98.6,0
81,36.4,97.3,0
81,36.5,95.2,5.9
64,36.1,96.1,0
72,36.2,98.3,0
88,36.3,95.6,3.2
82,36.7,98.8,3
85,36.5,98.9,0
80,36.4,96.1,1.8
62,36.4,99.6,0
72,37,90,23.6
82,36.5,99.5,0
74,36,98.2,0
74,36.6,96.5,3.2
54,36.4,98.5,0
50,36.5,95.5,0
54,36.5,97.1,0
72,36.4,95.5,0.6
113,38.6,97.6,52.7
100,36.3,99.5,0
82,36.6,99.9,0
92,36.5,95.5,8.6
56,36.5,99.8,0
67,36.7,95.6,4.9
53,36.3,96.9,0
70,34.1,97.2,0
88,36.6,98.5,3.4
79,36.5,95.3,5.1
93,36.8,97.9,10.1
105,36.4,96.2,9.1
98,36.1,97.7,0
101,36.8,94.1,20.1
96,36.6,99.8,3.2
94,36.4,99.6,0
94,36.7,96.5,11.2
73,36.5,99.2,0
64,36.7,97.8,0
49,36.6,99.7,0
48,36.8,95.1,2.2
47,36.8,98.5,0
59,36,99.8,0
51,36.2,95.9,0
49,36.8,98.6,0
48,36.6,98.7,0
82,36.5,96.7,3.2
79,36.3,99.8,0
85,36.5,98.1,1.3
87,36.1,96.3,0
79,36.8,96.8,8.1
80,36.3,95.1,1.8
73,36.3,98,0
77,36.8,96,9.1
80,36.4,96.1,1.8
85,37.1,99.1,11.3
98,36.3,97.7,2
95,36.5,98.6,3.3
66,36.5,98.6,0
76,36.6,95.3,6.2
66,36.2,96.6,0
54,36.9,95.6,5
49,35.8,98.7,0
76,36,96.6,0
61,36.6,95.9,0.5
56,36.8,99.9,0
55,36.7,98.2,0
67,34.6,92.3,0
75,36.2,95.5,0
77,36.3,99.5,0
84,36.9,98.2,8.8
79,36.3,96.7,0
78,36.3,95.6,0.2
78,36.4,95.2,3
89,36.7,97.6,7.5
84,36.6,98.3,2.6
84,36.4,95.2,4.8
85,35.7,98.9,0
90,37,97.7,13.6
91,36.1,96.6,0
59,36.1,94,0
75,36.9,96.9,8.7
88,34.9,99.1,0
85,36.5,99.6,0
89,36.4,98.6,0
90,36.5,97.6,3.8
85,37,97.1,13.3
97,36.5,96.7,7.7
88,36.6,97.1,6.2
101,36.6,98,8.3
94,35.9,95.6,0
98,36.4,98.2,3
111,36.5,99.3,6.7
115,36.3,96.9,8.7
119,36.8,98.4,16.9
110,36.5,97.6,9.8
74,36.2,99.9,0
84,36.4,99,0
91,36.9,96.4,14.5
84,36.8,97.5,8.2
79,36.3,95.4,0.9
73,36.7,99.9,0
88,36.5,97.4,3.6
79,36.6,92.8,12.1
93,36.9,90,27.9
94,36.4,98.1,2
76,37.2,97.7,13.4
72,36.2,99.1,0
82,35.8,99.2,0
87,36.6,96.4,7.3
85,36.3,96.8,0
86,36.7,95.5,10.8
80,36.4,95.1,3.8
84,36.6,95.9,7.4
71,36.8,95.2,8.9
76,36.7,99.4,4.62E-14
76,36.2,97.2,0
77,36.9,97.8,7.5
94,36.3,100,0
96,36.4,97.3,4.2
93,38.6,99.8,42.3
59,36.9,95.2,7.3
81,36.2,95.2,0
94,36.7,99.1,6
81,36.5,96.5,3.3
74,37,96.6,11
79,36.8,99.6,2.5
90,36.5,90.4,18.2
93,36.5,96.7,6.5
94,36.8,96,14.2
83,36.8,98,6.9
92,37,93.5,22.6
93,36.6,97.3,7.3
94,36.8,99.8,6.6
77,36.6,97.9,1.3
90,36.6,90.2,20.6
82,36.3,96.9,0
91,36.3,95.3,4.7
92,37,95.9,17.8
93,36.4,96.9,4.1
94,36.2,99.3,0
91,36.3,99.6,0
87,36.6,95.1,9.9
82,36.3,99.5,0
87,36,96.9,0
93,36.1,96.3,0
94,35.7,97.5,0
85,36.8,98.9,5.7
100,36.6,99.4,5.2
87,36.7,93.3,15.5
83,36.4,95.1,4.7
73,36.4,92.5,6.9
78,37,96.9,11.6
77,36.2,95.4,0
78,36.8,99.3,2.8
76,36.7,90.3,18.2
78,37.2,96.8,15.8
76,35.9,99.9,0
75,35.7,97.8,0
89,36.2,95.1,2.5
91,36.4,92.8,11.7
87,36.2,99,0
74,36.6,96,4.2
94,36,98.6,0
100,36.7,97.9,10.2
96,36.3,98.7,0
78,36.3,95.5,0.4
71,36.6,96,3.3
59,36.9,97.2,3.3
77,36.7,99.3,0.5
88,36.8,96.9,10.6
98,36.2,98,0
113,36.6,96.6,14.7
117,36.6,96.7,15.7
119,36.8,99.9,13.9
122,35.9,99,0
89,35.9,95.6,0
88,36.6,95.5,9.4
83,37.1,89.8,29.3
81,36.7,96.6,7.1
77,36.8,98,5.1
61,36.6,97.4,0
75,36.8,96.1,8.3
82,36.3,95.1,2.4
78,36,96.5,0
84,36.2,96.8,0
77,36.5,96.7,1.7
77,35.8,98.1,0
79,36.7,96.1,7.5
81,36.7,99.9,0.5
77,36,95.9,0
85,37.1,97.3,14.9
95,36.7,96.3,11.9
104,36.5,97.7,7.8
79,36.6,99,0
80,36.6,96.2,5.6
79,36.5,98.4,0
79,36.7,95.6,8.5
102,36.6,100,4.6
101,36.3,99.8,0
110,36.3,95.8,9.4
111,36.5,94.1,17.1
83,37,99.5,7.9
90,36.2,98.3,0
99,36.9,97,15.7
98,34.1,96.9,0
99,36.4,98.2,3.3
95,36.4,98.4,1.7
95,36.7,98.3,7.9
95,37,96.3,17.9
85,36.1,98.7,0
70,36.7,94.9,7.2
66,36.5,97.6,0
66,36.6,99,0
76,36.4,96.4,0
85,37,98.2,11.1
87,36.2,93.2,5.7
101,36.9,95.9,18.5
108,37,96.7,21
110,37,98.9,17.2
113,36.8,100,11.9
111,36,95.1,5.1
107,34,97.3,0
79,36.7,95,9.7
73,36.5,99.1,0
80,36.1,98.2,0
90,36.7,98.9,5.2
92,36.5,97.2,5.2
83,36.8,97.4,8.1
106,36.9,96,19.8
114,36.3,96.6,9
109,36.4,98.8,5.1
102,36.9,98.6,13.4
96,36.8,95.8,15.2
94,36.5,97,6.2
94,36.5,99.5,1.2
95,37.2,96.1,22.3
107,36.4,97.6,6.9
114,36.2,98.4,3.4
114,36.4,98.4,7.4
82,36.6,99.8,0
78,36.8,97.3,6.8
87,36.5,92.2,13.7
92,36,99.9,0
89,36.6,95.1,10.5
83,35.7,97.3,0
82,36,98.8,0
57,36.5,95.8,0
84,36.6,85,29.2
83,36.4,98.4,0
92,36.9,98,11.6
99,36.2,98.7,0
110,36.4,96.8,9.4
126,36.6,99.1,13.6
93,36.8,98.8,8.3
80,36.4,97.4,0
93,36.3,99.1,0
105,37,97.8,17.9
118,36.2,96.2,9
117,36.9,98.9,17.3
116,35.8,95.6,1.6
89,36.7,95.6,11.5
79,36.3,99.7,0
95,36.7,98,8.5
100,36.8,98.1,11.8
90,36.8,95.9,13.2
83,36.8,98.7,5.5
78,36.9,96.1,11.2
80,37,99.3,7.4
84,34.2,87.5,0
89,36.3,95.6,3.5
102,36.4,95.1,10.4
111,36.9,90.9,31.5
98,36.8,95.2,17
89,36.8,99.3,6.1
108,36.6,98.2,10
124,36.2,97,9.2
122,36.9,99.8,17
118,36.6,98.1,13.2
113,36.7,99.1,11.7
111,36.7,96,17.3
109,37.3,98.4,23.9
136,36.4,92.5,25.8
140,36.7,96.4,25.2
142,36.6,96,24.6
147,36.7,97.6,24.9
153,36,96,15.9
154,35.9,97.4,11.4
156,36.4,99.8,17.2
110,36.2,96.1,6.8
92,36.2,99.3,0
99,36.2,95.7,4.3
122,37,99.5,19.6
129,36.6,95.1,22.5
121,36.4,99,8.3
108,35.9,97.1,0
106,36.1,96,3.8
106,36.4,99.3,3.2
104,36.4,96.5,8.2
105,36.4,95.6,10.3
104,36.3,99.3,0.6
101,37.1,96.3,21.7
102,36.1,96.4,1.8
107,35.6,98,0
103,36.8,99,10.9
93,36.7,99.4,5.1
81,36.3,97.7,0
90,36.6,96,9
93,36,96.7,0
65,36.7,98.3,0
73,36.7,99.6,0
79,36.5,97.8,0.1
80,36.6,99.8,0
91,36.5,96.8,5.7
87,36.4,95.7,4.7
79,36.1,99,0
80,36.5,96.2,3.6
79,36.1,97.4,0
78,36.8,96.9,7.6
80,37.1,98.9,10.2
68,36.6,95.1,4.2
86,36.6,95.3,9.2
91,36.6,96.4,8.5
93,36.4,95,7.9
84,36.6,97.6,4
77,36.6,97.7,1.7
90,36.5,97.8,3.4
93,37.2,98.2,17.5
65,36.4,97,0
76,36.2,100,0
80,36.3,98.3,0
94,36.4,95.1,8
94,36.4,97.8,2.6
82,36.1,97.8,0
90,36.7,97.9,7.2
80,37.1,99.2,9.6
81,36.8,94.3,13.7
91,36.6,96.8,7.7
93,37.1,95.1,21.7
84,36.2,97,0
82,36.1,98,0
84,36.8,96.3,10.6
81,35.9,99.4,0
91,36.4,97.8,1.7
84,36.2,98.7,0
85,36.4,97,1.5
78,36.7,95.2,9
80,36.6,99.8,0
76,36.8,93.8,13.2
94,36.8,96.4,13.4
82,36.6,96.8,5
78,36.9,97.3,8.8
78,36.7,95.1,9.2
74,36.7,95.4,7.4
78,37,98.9,7.6
90,36.7,98.7,5.6
82,36.6,99.7,0
104,36.3,99.4,0.4
78,36.5,97.9,0
78,36.1,96.9,0
77,36.4,97.7,0
67,36.3,95.3,0
73,36.6,95.4,5.1
74,36.3,99.5,0
72,36.3,98.2,0
74,36.4,95.3,1.6
74,37,98.8,6.6
71,36.8,95.5,8.3
71,36.1,98.1,0
71,36.9,99.9,1.5
74,36.3,98.6,0
77,36,98.7,0
78,36.4,96.8,0
73,37,90.7,22.5
88,36.1,97.3,0
73,36.6,98.4,0
82,36.2,96.3,0
91,36.4,98.7,0
81,36.1,96.3,0
80,36.1,99.4,0
73,36.4,97.3,0
71,36.2,98.9,0
70,36.8,99.2,0.6
69,36.4,98.3,0
68,37,91.7,19
72,36.7,98.3,1
71,37,98.1,7.1
69,36.5,90.4,11.9
70,36.4,95.8,0
70,36.2,96.1,0
68,36.4,95,0.4
66,36.7,99,0
67,36.7,95.1,5.9
71,36.4,96.2,0
65,36.4,95.9,0
64,36.4,96,0
64,36.6,98.3,0
65,36.4,99.5,0
63,36.2,98.1,0
66,36,99.8,0
62,36.6,96.4,0
64,36.4,100,0
67,36.4,97.5,0
68,36.6,96.9,0.6
67,35.9,94.8,0
66,37,97,7.8
65,36.3,95.2,0
64,36.5,97.7,0
67,36.4,99.5,0
68,36.2,91.2,4
69,36.5,99.6,0
68,36.4,96.2,0
70,36.7,95.6,5.8
68,36.3,98.9,0
68,36.1,95.9,0
70,36.6,96.7,1.6
69,36.6,96.1,2.5
71,36.7,97.4,2.5
69,37.3,85.8,37.1
71,36,97.3,0
70,36.5,95.2,2.6
69,36.6,97,0.7
68,36.2,96.1,0
66,36.4,98.3,0
67,36.1,97.3,0
68,37,96.8,8.8
69,36.1,95.6,0
70,37,99.9,3.2
71,36.3,93.5,2.3
70,36.9,99.5,2
87,36,99.8,0
74,36.9,98.3,5.6
74,35.9,92.3,0
78,36.6,95.7,6
68,36.3,95.1,0
70,36.5,99.6,0
74,36.7,95.2,7.8
72,36,98.2,0
73,36.2,95.3,0
74,36.8,96,8.2
75,36.6,95.9,4.7
78,36.4,95.8,1.8
76,36.8,97.7,5.4
74,36.6,97.7,0.8
72,36.2,95.9,0
72,36.8,98,3.6
76,36.2,97.5,0
70,36.7,95.5,6
74,36.1,96.2,0
75,36.7,98.2,2.1
73,36.4,96.9,0
76,38.1,97.9,31
75,36,98.9,0
73,36.7,99,0
73,36.7,98.3,1.3
71,36.8,98.9,1.5
74,36.7,96.4,5.4
76,36,98.1,0
73,36.9,99.6,2.7
74,36.9,99.9,2.4
75,36.4,97.5,0
74,38.9,97.3,47.6
76,36,98.5,0
75,36.8,96.2,8.1
76,36.3,97.7,0
76,36.5,96.1,2.6
77,36.3,95.9,0
76,36.5,100,0
75,37,92.3,19.9
76,34.2,95.2,0
73,37,96,11.9
75,36.3,95.2,0.1
75,36.6,97.5,1.5
73,36.6,97.6,0.7
74,36.3,98.2,0
75,36.6,96.1,4.3
76,36.9,96,10.8
76,37.1,96.7,13.4
77,36.5,98.3,0
75,36.2,96.4,0
76,37,98.1,8.6
76,36.5,96.9,1
88,36.4,96.6,3.2
74,36.7,93,12.2
71,36.4,99.8,0
70,36.2,93,1
69,37,98.8,5.1
71,36.5,95.7,1.9
69,36.3,98,0
71,34.8,91.8,0
73,36,97.1,0
70,37.1,97.8,9.4
72,36.3,97.6,0
71,36.6,99.7,0
70,36.3,96.4,0
70,36.6,98.3,0
71,36.5,96.5,0.3
70,36.1,95.9,0
88,36.5,90.7,17
73,36.5,99.6,0
70,36.7,95.3,6.4
69,36.4,98,0
66,36.8,97.7,2.4
73,36.3,97.2,0
69,36.6,95.2,4.3
68,36.9,98.6,3.2
69,36.6,95.8,3.1
68,36.5,99.3,0
73,36.4,93.7,4.5
75,35.9,98.1,0
71,36.7,99.5,0
72,36.6,98.9,0
69,36.4,99.3,0
70,36.8,96,7
72,36.6,99.9,0
79,36.3,97.7,0
72,36.4,99.1,0
74,36.5,94.1,6
75,36.3,98.2,0
76,36.6,98.5,0
77,36.6,97.5,2.1
77,36.7,95,9.1
76,36.5,96.3,2.2
74,36.7,97.1,4
75,36.8,95.9,8.7
75,36.8,96.8,6.9
74,36.9,96.2,9.8
91,37.3,96.7,21.9
73,37.3,90.2,29.5
69,36.4,97.7,0
68,36.2,95.8,0
71,36.6,96.4,2.5
72,36.9,97.1,7.4
74,36.6,97.3,1.6
72,36,99.3,0
71,37.3,97.8,13.7
73,36.1,98.4,0
69,36.7,95.7,5.3
70,35.9,96.3,0
74,36.8,96.5,7.2
70,36.2,96.5,0
91,36.9,97.3,12.7
71,36.5,98,0
69,34.8,98.2,0
66,36.6,97.9,0
67,36.8,98.7,0.7
68,36.9,99.1,2.2
67,37.1,92.7,18.7
68,36.8,98.9,0.6
66,36.5,97.4,0
65,36.6,99.8,0
64,36.1,95.5,0
64,36.8,96.1,5
65,37.1,95.8,11.9
67,36.1,95.3,0
67,36.4,95.8,0
67,36.5,95.9,0.3
66,36.7,96.6,2.6
67,36.8,95.1,7.9
68,36.5,90.5,11.4
67,36.1,87.8,8.5
68,36.5,94.1,4.2
67,36.8,99.1,0
69,36.7,99.8,0
68,36.9,99.3,1.8
68,36.7,98.9,0
69,36.4,92.8,5.1
67,36.7,97.3,1.5
66,36.7,98.6,0
68,36.7,98.4,0
70,36.7,95.2,6.6
69,36.4,99.4,0
68,36.8,98.1,2.2
70,36.9,97,7
69,35.4,99.6,0
67,36.7,96,4.1
67,36.4,96.3,0
69,36.3,95.3,0
67,36.4,99.8,0
67,36.5,99.7,0
67,36.1,97.6,0
68,36.6,95.9,2.6
69,36.4,96.1,0
65,36.3,99.2,0
64,36.4,96.5,0
66,36.7,95.6,4.6
67,36.4,96,0
68,36.2,95.9,0
66,36.6,93.4,7
66,37,95.9,10
65,36.7,99.9,0
67,36.2,96.5,0
67,36.6,98.8,0
65,36.1,94.8,0
68,36.7,99,0
68,36.9,91.4,17.6
69,36.2,96.1,0
68,36.2,99,0
68,37.2,97.3,11.8
65,36.8,97.4,2.7
66,36.7,95.3,5.2
67,36.3,86.2,15.7
67,36.8,96.3,5.5
66,36.2,95.9,0
66,36.6,92.9,8
67,36.5,99.6,0
68,36.4,99,0
73,36.7,92,13.9
68,36.4,97.2,0
64,36.2,97.2,0
71,36,92.1,0
72,36.2,99.2,0
72,36.2,97.4,0
68,37,97.6,7.2
79,36.6,95.1,7.5
69,36.6,98.2,0
71,37,97.7,7.9
70,36.2,98.1,0
71,37,98.5,6.3
72,36.9,96.1,9.4
68,36.8,89,20.4
74,36,97.4,0
75,36.7,95.8,6.9
69,36.5,96,0.7
68,36.6,99.8,0
69,36.9,99.6,1.5
70,36.6,97,1
68,36.1,97.4,0
66,36.8,96.6,4.6
64,36.2,95.8,0
65,36.1,97.3,0
66,36.5,97.7,0
64,36.3,96.1,0
66,36.8,97.2,3.4
64,36,98.7,0
63,36.4,97.8,0
67,36.3,96.1,0
65,36.6,98.7,0
65,36.3,99.9,0
65,36.1,95.4,0
64,36.8,97.8,1.6
66,36.8,96.8,4.2
84,36.7,98.9,3.4
69,36.7,99.1,0
65,36.5,96.5,0
64,36.8,96.9,3.4
66,36.3,96.5,0
64,36.3,96,0
63,36.4,95.3,0
64,36.7,95.1,5
65,36.5,97.9,0
65,36.4,86.4,16.7
64,36.2,99.8,0
59,36.8,91.8,12.1
63,36.9,99,0.9
60,36.6,99.5,0
59,36.5,98.9,0
61,36.4,97.5,0
58,37.1,98,5.4
59,36.4,96.1,0
63,36,97.7,0
65,36.4,98.2,0
64,36.3,98.4,0
60,36.2,99.9,0
63,36.5,95.3,0.3
62,36.6,97.1,0
63,36.4,96.2,0
61,36.3,98.8,0
61,36.1,95.1,0
63,36.9,96.6,5.7
63,36.7,95.8,3.3
62,36.6,91.1,10.4
61,37,97,6.3
59,36,98.7,0
63,36.7,99.6,0
64,36,91.4,0
63,36.5,100,0
63,36.5,95.7,0
67,36.9,96,8.1
65,37,97.5,6.5
64,36.4,96.4,0
66,37.5,99.8,12.2
65,36.8,99.2,0
64,36.2,97,0
61,36.2,97.6,0
62,36.1,95.6,0
64,36.3,96,0
62,38.2,91,42.6
65,36.7,97.6,0.3
64,37,99.5,2.2
66,36.5,98.2,0
70,36.6,99.9,0
71,37,96.6,10.1
72,36.5,97,0
75,36.5,95.6,3.3
64,36.7,95.7,3.8
65,36.1,97.4,0
65,36.9,98.4,2.7
69,36.7,95.3,6.1
74,36.7,91.6,15
75,34.5,95.7,0
68,36.4,96.7,0
69,36.4,99.2,0
62,36.6,98.9,0
70,36.7,91.3,14.4
67,36.6,97.9,0
71,36.2,95.7,0
70,36.1,94.9,0
67,36.7,98.4,0
66,36.9,97.5,4.8
65,35.4,97.1,0
67,36.6,92.2,9.7
67,36.7,99.1,0
66,35.8,99.3,0
67,36.3,99.8,0
67,36,93.7,0
67,34.3,99,0
72,36.7,96.3,5
65,36.8,98.9,0
70,36.3,98.5,0
71,36.8,99.3,0.7
74,36.7,96.7,4.8
69,37.1,93.9,16.9
68,36.6,97.6,0
67,35.9,99.6,0
66,35.9,99.5,0
61,36.7,92,10.3
64,36.5,95.1,1
66,36.8,97.4,3
64,36.5,95.3,0.6
66,36.2,99.9,0
66,36.6,96.4,1
64,36.6,98.9,0
63,37,85.7,29.5
65,36.3,97.3,0
68,37.1,95.1,14.2
64,36.1,98.6,0
58,36.5,95.6,0
64,36,96.9,0
63,36.6,96.7,0
62,36.1,95.9,0
63,36.4,98.6,0
65,36.4,96.1,0
59,37,96.1,7.5
63,36.6,97.3,0
62,36.3,94.2,0
60,36.2,95.1,0
62,36.5,99.3,0
62,36.3,95.8,0
60,36.6,98.1,0
61,36.2,91.2,1.9
57,36.8,98.9,0
61,36.5,96,0
61,36.7,99.4,0
61,36.8,93.3,9.7
60,36.3,99.2,0
60,36.7,99.4,0
58,36.4,95.9,0
59,36.5,95.6,0
59,36.8,97.1,1.5
59,36.6,95.3,1.1
60,36.6,96.7,0
61,36.9,99.9,0
60,36.2,95.5,0
61,35.9,95.1,0
60,36.6,97.9,0
59,36.8,98.8,0
62,37.1,97.2,8.2
63,36.4,97.7,0
60,36.2,92.7,0
61,34.9,98.8,0
60,36.5,96.8,0
61,36.7,98,0
62,36.5,95.1,0.4
63,36.5,99.9,0
82,36.6,96.3,6
67,36.7,90.4,15.3
81,36.3,98.7,0
70,37.3,95.7,17.6
66,36.1,98.3,0
63,36.9,96.6,5.7
63,36.5,99.9,0
77,36.2,97.2,0
67,36.3,97.4,0
66,36.3,95.4,0
66,36.5,97.7,0
67,36.6,99,0
68,36.2,99.8,0
69,36.3,98.4,0
69,36.4,98.8,0
68,36.3,95.8,0
68,36.7,97.5,1.4
73,36.5,97.8,0
70,36.8,88.3,22.4
69,36.8,95.8,7.1
68,36.3,95.1,0
68,35.9,99.1,0
68,36.9,95.6,9.2
71,36.8,99,1.3
67,37.2,99.1,7.9
68,36.2,99.7,0
67,36.6,95.4,3.3
68,36.9,98.9,2.6
64,36.3,96.3,0
67,36.3,98.2,0
66,36.5,98.6,0
67,36.1,97.8,0
69,36.2,96.4,0
70,35.9,98.7,0
67,36.5,96.9,0
70,36.9,95.1,10.8
66,36.5,95.4,1
72,36.5,98.9,0
68,36.8,100,0
69,36.6,97.1,0.5
73,36.5,95.3,3.3
92,36.7,96,11.6
71,36.6,97.4,0.5
65,34.8,92.5,0
64,38.5,95.1,41
62,36.6,95.7,1.2
64,36.3,99.7,0
68,36.5,99.4,0
67,36.2,95.1,0
68,36.7,91.5,13.4
64,36.8,96,5.2
64,36.2,96,0
63,36.7,96,2.9
64,36.4,96.7,0
64,36,99.5,0
65,36.5,97.5,0
65,35.7,99.4,0
65,36.1,96.8,0
68,36,95.5,0
66,36.3,95.7,0
64,36.7,95.3,4.6
63,36.9,95.7,7.5
64,36.6,96.4,0.4
65,36,96.4,0
66,36.3,96.7,0
65,36.9,96.1,7.3
65,36.6,95.3,2.9
65,36.4,96.5,0
69,36.1,97.7,0
67,36.7,95.4,5.3
65,36.3,98.4,0
81,35.9,96.4,0
79,37,97.7,10.3
77,37.1,98.1,10.9
73,36.1,98.5,0
75,36.3,97.1,0
75,35.9,96.8,0
75,36.3,95.2,0.1
74,36.1,96.9,0
71,36.4,86.2,18.9
68,36.5,94.7,3
68,36.1,95.3,0
64,36.2,96.6,0
68,36.8,96,6.4
71,36.3,94.6,0.1
67,36.6,98.9,0
62,36.6,94.6,3.4
63,36.3,95.3,0
64,36.1,98.5,0
61,36.5,97.6,0
63,36.9,97.7,3.5
62,36.6,99.2,0
61,36.7,96.3,1.7
62,36.2,97.7,0
68,36.6,94.6,5.2
63,36.1,99.8,0
61,37,96.7,6.9
60,36.6,96,2.84E-14
64,36.6,95.9,1.4
62,36.4,95.4,0
59,36.4,95.3,0
62,36.8,90.1,16.4
64,36.7,98.4,0
62,36.6,96.5,0
62,36.8,97.3,2
66,36.8,97.5,2.8
63,36.5,99.6,0
76,36.7,95.4,8
65,36.4,96,0
64,36.2,97.3,0
63,36.2,99.8,0
63,37.3,95.2,16.5
64,36.5,98.8,0
65,36.7,96.5,2.5
62,36.2,98.1,0
62,36.3,95.4,0
63,36.6,96.7,0
64,36.5,98.2,0
65,36.5,91.7,8.1
63,36.2,96.1,0
62,36.6,99.6,0
63,36.6,98.5,0
62,36.4,97.5,0
61,36.6,95.8,0.7
63,36.6,99.7,0
61,36.5,98.6,0
61,36.3,98.1,0
60,36.2,96.1,0
61,36.5,98.4,0
63,36.6,97.7,0
64,36.9,97.2,4.8
62,36.6,95.7,1.2
64,36.3,98.9,0
63,36.7,99.5,0
62,36.6,95.9,0.8
61,36.1,99.2,0
87,36.9,99.5,7.1
66,37,99.5,2.8
62,36.1,99.5,0
62,36.6,95,2.6
62,37.2,96.5,11.6
61,36.9,99.5,0
58,36.7,95.2,3
62,36.6,97.1,0
60,36.7,95,4
62,36,99,0
62,36.2,96.6,0
63,36.3,92.7,1.5
61,36.5,98.7,0
71,36.4,99.5,0
67,36.5,98.5,0
67,36.1,99.7,0
65,36.8,98.3,0.9
74,36.7,97.6,3
72,36.5,95.4,2.8
72,36.8,95.7,8.2
70,36.4,95.5,0
70,36.7,99.5,0
74,36.9,96,10.2
71,36.9,91.2,18.9
72,36.9,96.1,9.4
69,36.6,95.4,3.9
93,36.9,96,15.9
75,36.3,96.8,0
71,36.8,97,5.3
70,36.8,97.5,4
69,36,99.4,0
70,36.4,98.9,0
68,36.8,96.3,5.8
70,36.9,98,5
69,36.4,97.5,0
68,36.7,97.9,0.6
68,36.8,96.4,5.6
68,36.6,95.4,3.6
72,36.6,95.5,4.6
69,36.7,98.6,0
68,36.7,99.5,0
72,36.6,99.1,0
89,36.4,95.5,5.7
93,36.6,93.5,14.9
94,36.9,99.8,8.6
77,36.5,96.6,1.9
76,36.8,97,6.8
77,35.9,99.4,0
67,36.3,98.6,0
69,36.5,95.6,1.5
71,36.6,96.8,1.7
67,36.4,98.8,0
74,36.7,98.6,1
71,36.7,96.5,4.3
67,36.7,97.1,1.9
69,36.5,99.9,0
67,36.8,96.8,4.5
69,36.7,98.6,0
69,36.7,96.1,4.5
70,36.3,95.1,0
68,36.4,95.6,0
69,36.3,96.8,0
71,36.2,98.7,0
76,35.9,96.3,0
73,36.1,96.8,0
72,36.9,96.2,9.2
70,36.1,99.2,0
71,36.3,98.5,0
71,36.8,92.8,13.7
68,36.7,99.1,0
67,36.2,97.2,0
67,37,97.9,6.3
76,36.9,95.5,11.8
71,36.3,96.5,0
70,36.4,99.7,0
70,37.1,95.9,13.2
69,36.7,98,0.7
64,36.5,95.8,0
69,36.6,98.6,0
67,36.2,96.3,0
70,36.8,96.6,5.8
73,36.2,96,0
71,36.9,95.6,10.1
67,36.7,99.7,0
65,36.8,95.9,5.7
69,36.3,96.4,0
71,36.5,95.4,2.5
70,36.4,96.9,0
70,36.6,97.9,0
69,36.8,96.3,6.1
67,36.7,95.3,5.5
70,36.6,98.2,0
69,37,99.9,2.9
76,36.9,96.4,10
76,36.3,98.9,0
75,36.6,98.7,0
83,36.4,99.9,0
91,36.4,99.7,0
84,36.1,88.6,12
85,36.6,95.2,9.1
80,36.5,86.3,23.4
90,36.4,96.3,4.4
78,36.6,97.9,1.6
80,36.3,95.2,1.6
90,36.6,97.3,6.4
81,36.5,97.9,0.5
91,36.5,96.3,6.7
82,35.8,96.7,0
67,36.7,97.4,1.3
80,36.7,96.8,6.4
72,36.4,96.3,0
72,36.1,98.2,0
81,36.2,97.9,0
86,36.3,99.3,0
92,36.3,99.6,0
94,36.2,96.4,1.4
83,36.1,98.8,0
87,36.1,95.6,0
91,36.1,97.5,0
82,36.9,95.3,14
84,36.5,95.1,7
85,36.6,98.8,1.9
89,36.2,96.4,0
92,36.3,95.2,5.2
93,36.7,97.9,8.1
95,36.7,98.4,7.7
94,35.9,98.3,0
87,35.9,96.3,0
92,35.8,96.3,0
82,35.8,96.7,0
79,36.2,96.6,0
79,36.5,98.4,0
86,36.3,95.3,3.2
82,36.7,96,8.6
85,36.2,99.8,0
92,36.5,97.6,4.4
96,36.5,96.6,7.6
94,36.2,96.1,2
94,36.5,95.8,8.6
82,36.4,97,0.6
85,36.4,91.6,12.3
92,36.3,99.1,0
91,36.3,97.7,0
76,36.7,96.8,5.2
89,36.7,96.9,8.9
91,36,95.5,0
86,36.6,96.3,7.2
87,36.4,99.6,0
92,36.4,99.4,0
88,36,99.7,0
86,36.9,96.8,12.2
87,36.5,98.9,0.3
88,37.3,98.2,18
81,37,95.6,15.1
79,36.3,98.3,0
81,36.5,90.6,15.1
83,37,98.5,9.9
84,36.5,95.7,5.8
80,36.3,97.7,0
83,36.1,95.2,0
88,36.3,96.3,1.8
87,36.1,95.2,0
81,36.7,97.2,5.9
85,36.6,99.7,0.1
80,36.5,91.1,13.8
79,36.5,98.4,0
78,36.4,98.8,0
79,36.6,98.5,0.7
80,36.9,95.4,13.2
81,36.6,96.8,4.7
77,34.1,97.1,0
79,36.7,95.2,9.3
78,36.2,98.6,0
77,36.3,98.7,0
76,36.9,96.7,9.4
78,37,99.5,6.4
79,36.8,96.2,9.3
77,36.3,98.7,0
78,36.6,95.4,6.6
79,36.4,90.4,12.9
77,36.6,99.5,0
90,36.2,95,3
80,36.6,98.4,1.2
78,36.7,95.3,8.8
76,36.4,96.8,0
78,36.6,95.4,6.6
75,36,99.7,0
85,35.9,95.2,0
92,37,96.5,16.6
82,36.3,98.8,0
79,36,87.1,11.5
78,36.5,96.6,2.2
80,36.5,98.4,0
84,36.7,99.8,1.6
80,37,99.1,7.8
78,36.8,95.7,10
84,36.5,95,7.2
82,36.4,95.2,4.2
81,36.6,96.8,4.7
78,36.3,98.9,0
84,36.3,92.5,8.2
80,36.1,94.9,0
79,37.2,96.1,17.5
83,36.6,92.9,13.1
85,36.9,99.1,7.3
91,36,96,0
84,36.4,95,5.2
79,36.4,98.6,0
80,36.9,97.5,9
101,36.6,96.4,11.5
107,36,97.9,0
100,38.8,95.1,57.8
93,36.4,97.6,2.7
88,36.6,95.3,9.8
81,36.2,95.1,0.1
85,36.7,98.4,4.7
84,36.2,98.7,0
84,36.4,95.7,3.8
85,37.1,97.9,13.7
79,36.3,96.2,0
79,36.2,96.5,0
84,36.5,96.1,5
85,37,96.8,13.9
85,36.3,97.4,0
87,36.1,96.6,0
82,36.2,97.3,0
80,36.3,99,0
79,36.4,97.9,0
84,36.5,98,1.2
80,36.4,98.7,0
80,36.7,99,2
79,36.3,95.2,1.3
78,36.6,98.9,0
73,36.5,98.3,0
75,37.3,95.4,19.7
74,36.1,97.1,0
73,39,98.3,47.3
68,36.4,94.6,1.2
69,36.1,95.1,0
67,36.2,99.8,0
65,36.6,98.4,0
68,36.5,95.4,1.6
75,36.6,97.8,0.9
75,36.5,95.8,2.9
67,36.8,96.2,5.7
81,36.2,99.4,0
90,36.7,96,11
93,36.5,90.9,18.1
88,36.6,99.6,1.2
86,36.8,95,13.8
63,36.7,97.5,0
75,36.4,97.8,0
77,36.8,99.1,2.9
74,36.3,99.2,0
78,36.4,97,0
78,36.8,98.7,4
83,36.8,97.5,7.9
80,36.3,97.7,0
76,36.3,96.3,0
77,36.7,95.5,8.1
78,36,100,0
75,36.7,99.5,0
77,36.6,96.7,3.7
76,36.5,95.8,3.2
73,36.5,96.1,1.7
76,36.3,98.4,0
75,37,94.2,16.1
74,36.3,99.8,0
78,36.4,98.1,0
76,35.9,96.6,0
78,36.7,96.5,6.4
81,36.3,97.9,0
80,36.6,99.8,0
73,36.4,98.1,0
72,36.4,97.7,0
70,36.7,96.7,3.6
69,36.8,99.3,0.1
68,36.6,97.5,0
69,36.6,97.2,0.3
68,36.2,95.6,0
66,36.6,95.1,3.6
67,36.5,96.8,0
66,36.3,98,0
65,36.9,98.9,1.7
63,36.2,99.6,0
61,36.2,99.7,0
62,36.4,97.1,0
60,36.5,98.6,0
61,37,97.8,4.7
64,36.7,97.1,1
63,36.3,96.3,0
63,36.1,97.5,0
58,37.1,96.6,8.2
62,35.8,99.3,0
63,36.7,96.9,1.1
60,36.6,98.9,0
63,36.4,96.2,0
64,36.7,98.4,0
63,36.4,99.8,0
65,36.7,97.8,0
66,36.8,97,3.8
64,36.6,96.1,1
64,36.8,98.2,0.8
61,36.9,92.4,13.5
63,36.6,95.7,1.5
61,36.3,91.6,3.1
62,36.6,96.5,0
61,36.1,96,0
60,36.2,86.3,11.4
62,36.1,96.8,0
61,36.4,97.3,0
59,36.8,99.2,0
61,36.3,97.4,0
62,37,95.4,9.8
61,36.4,97.9,0
60,37.2,99.7,4.6
60,36.4,97.7,0
62,36.4,99.3,0
62,36.4,96.5,0
62,36.4,98.5,0
63,36.3,96.2,0
62,36.2,97.4,0
61,36.6,95.5,1.3
63,36.4,93.5,1.9
64,37,99.4,2.4
63,36.4,95.1,0
64,36.6,99.5,0
62,36.4,97.6,0
60,36.5,95.4,0
61,36.6,96.6,0
63,36.8,97.6,1.7
62,36.4,98.2,0
61,36.2,96.2,0
61,36.9,97.6,3.1
62,36.2,95.4,0
62,36.4,96.7,0
61,36.2,98.6,0
62,36.4,95.8,0
60,36.4,98.1,0
63,36.2,95.6,0
62,36.8,95.2,6.2
63,36.3,98.4,0
72,36.7,97.6,2.4
68,36.2,94.1,0
70,36.5,99.8,0
66,36.1,98.9,0
68,36.5,99.8,0
65,36.7,95.4,4.7
69,36.5,96,0.7
71,36,97.5,0
67,37.1,99.9,4.3
71,36.8,97.7,3.9
68,37,97.6,7.2
72,36.2,95.9,0
77,36.1,97.3,0
76,36.6,99.6,0
69,36,90.5,1.7
69,36.8,97.9,2.9
67,36.5,96.6,0
68,36.9,95.2,10
67,36.2,98.4,0
69,36.5,100,0
65,36.4,96.4,0
64,36.1,99.3,0
65,36.5,97.1,0
66,38.1,98.4,27
66,36.6,86.7,20.4
65,36.7,99.9,0
66,36.7,95.4,5
66,36.4,97.2,0
66,36.8,97.1,3.6
62,36.7,97.4,0
62,36.8,96.5,3.6
65,36.6,98.1,0
66,36.6,97.2,0
65,36.1,99.9,0
65,36.4,99.5,0
66,37.2,95.6,14.6
66,36.8,99.2,0
67,36.8,96.3,5.5
65,36.2,96.9,0
64,36.6,96,1.2
71,36.3,99.6,0
67,36.5,96.7,0
65,36.1,95.2,0
67,36.5,91.8,8.5
67,36.7,98.8,0
66,36.6,95.4,3
66,36.6,98.7,0
66,36.1,98.7,0
65,36.3,97.4,0
66,36,98.8,0
66,35.7,98.5,0
68,36.1,97.6,0
67,37,98.5,5.1
68,36.5,99.8,0
67,37.2,91.1,23.9
71,36.6,96.7,1.9
65,36.4,99.2,0
91,36.5,99.7,0
73,36.4,95.9,0.1
71,36.5,98.1,0
71,34.3,97.3,0
67,36.5,99.8,0
68,36.6,98.8,0
69,36.6,95.8,3.1
69,36.3,98.8,0
67,36.3,97.2,0
65,36.5,99.9,0
66,36.2,98.8,0
66,36.2,97.3,0
66,36.6,99.1,0
65,36.6,96.3,0.9
66,36.5,95.3,1.2
67,36.2,97.9,0
67,36.4,97.8,0
68,36.1,95.9,0
67,36.8,98,2.1
67,36.2,97,0
67,36.6,98.2,0
68,36.7,98.8,0
68,36.9,99.5,1.4
68,36.5,97.5,0
67,36.2,98.8,0
67,36.2,93.8,0
66,36,96.1,0
65,36.7,99,0
65,36,97.1,0
68,36.7,96.5,3.4
67,36.9,96,8.1
67,36.4,96.2,0
67,36.5,99.2,0
67,36.6,97.9,0
67,36.5,92.2,7.7
67,36.3,96.2,0
67,36.4,97,0
67,37,91.5,19.1
67,36.5,97.6,0
68,36.1,99.4,0
68,37,96.8,8.8
68,36.5,99.1,0
67,36.6,96.7,0.7
68,36.8,95.8,6.8
68,36.3,96.2,0
69,36.2,91.6,3.5
68,36.1,98.2,0
66,36.9,96.1,7.6
67,36.1,96.1,0
66,36.4,96,0
66,37,91.7,18.4
66,37.3,99.4,9
66,36.5,98.5,0
67,37.1,98,8.1
71,36.5,96.7,0
66,36.3,96.2,0
65,36.6,97.5,0
65,36.7,99.2,0
66,36.4,96.6,0
67,36.1,98.5,0
69,38.3,97.9,32.9
73,36.9,97.7,6.5
75,36.6,95.7,5.1
72,36.3,95,0
70,36.4,97.3,0
68,36.2,97.1,0
66,36.9,99.6,0.6
64,36.7,96.9,1.4
64,36.5,97.6,0
63,34.2,95.8,0
63,36.3,91.8,3.3
65,36.3,96.5,0
66,37,95.6,10.6
67,36.1,97.5,0
66,37.1,94.6,14.6
67,36.4,95.9,0
65,36.3,96.9,0
67,36.9,97.2,5.7
67,36.8,96.5,5.1
68,36.7,99.1,0
66,36.7,96.5,2.8
64,36.8,96.1,5
65,36.8,95.9,5.7
65,36.5,99.1,0
61,36.4,96.2,0
63,36.2,99.9,0
64,36.6,99.9,0
63,36.4,97.7,0
63,36.4,99.3,0
69,36.2,99.1,0
64,36.4,98.2,0
66,36.2,95.9,0
66,36.4,96.6,0
66,36.4,96.6,0
66,36.7,98.1,0
71,36.7,98.4,0.5
68,36,99.5,0
66,36.8,96.6,4.6
67,36.8,96.7,4.7
65,36.6,96.6,0.3
66,36.7,99.1,0
67,36.2,99.8,0
65,36.3,99.2,0
66,36.9,99.4,1
65,36.5,96.6,0
66,37,95.4,11
64,36.2,95.8,0
68,36.3,91.2,6
63,36.4,97.6,0
62,36.6,98.1,0
70,36.8,99.2,0.6
65,36.6,95.4,2.7
71,36.5,96,1.3
74,36.7,97.6,3
73,36.1,97.4,0
66,36.6,96.3,1.2
68,36.6,95.4,3.6
65,36,95.9,0
64,36.5,97.5,0
62,36.6,97.6,0
60,36.6,96.4,0
60,36.4,99.3,0
63,36.4,97.6,0
64,36.2,98.3,0
62,36.4,96.4,0
65,36.4,95.7,0
64,36.7,91.8,11.6
63,36.6,99.9,0
61,36.4,96.8,0
61,36.6,95.6,1.1
62,36.4,99.2,0
63,37,98.6,3.7
61,36,96.1,0
63,36.1,98.8,0
62,36.3,95.3,0
64,37.1,98.1,7
65,36.9,96.6,6.3
62,36.9,97,4.6
63,36.6,93.7,5.5
62,36.5,97.2,0
62,36.3,98.6,0
63,37.1,95.5,11.9
60,36.2,99,0
60,36.6,100,0
60,36.1,96,0
62,36.6,98.5,0
61,36.7,97.2,0
62,36,97.9,0
62,36.6,96.7,0
62,36.4,97.7,0
58,36.8,99.5,0
60,36.6,93.7,4.6
60,36.9,98.6,0.8
59,36.3,97.8,0
59,36.6,97.8,0
61,36.4,95.3,0
60,36.2,95.7,0
60,36.4,98.2,0
62,36.4,99.6,0
61,36.4,97.6,0
63,36.6,98.3,0
62,36.6,97.8,0
61,36.8,97,2.3
59,36.3,99.9,0
62,36.4,99.7,0
62,36.2,96.8,0
62,36.5,98.5,0
61,36.3,96.9,0
64,36,97.4,0
61,36.6,95.7,0.9
62,36.8,98.6,0
63,36.2,96.4,0
64,36.4,95.1,0
66,36.3,92.4,3
71,36.3,95.7,0
67,36.3,96,0
72,36.7,97.3,3
76,37,97.9,9
77,36.4,97.2,0
65,36.6,98.2,0
66,36.7,98.4,0
65,36,96.3,0
64,36.7,97.6,6.84E-14
66,36.3,97.5,0
64,35.8,97.8,0
66,36.7,97.7,0.4
64,36.5,99.8,0
62,36.6,95.8,1
64,36.5,96,0
60,36.6,97,0
55,36.3,97.9,0
56,36.8,99.5,0
57,36.4,97,0
62,36.8,95.9,4.8
61,36.9,95.3,7.7
60,36.8,95.7,4.6
59,36.5,99.3,0
59,36.3,97.8,0
60,37.5,97.3,15.4
58,36.3,98.3,0
58,36.6,96.1,0
57,36.2,97.4,0
56,37,99,0.8
54,36,98.8,0
55,36.6,98,0
54,36.9,96.8,2.6
55,36.7,96,0.5
54,37,92.2,13.8
57,36.3,96.8,0
56,36.4,95.3,0
57,36.7,95.1,2.9
58,36.6,98,0
57,36.4,97.8,0
56,36.7,98.2,0
63,36.3,95.2,0
57,36.7,99,0
56,36.6,97.9,0
54,36.6,97.5,0
55,36.5,95.6,0
56,34.7,99.9,0
55,35.8,99.9,0
55,36.2,96.3,0
56,35.7,95.1,0
73,36.8,97.5,4.9
67,36.7,99.3,0
60,36.7,96.3,1.4
60,36.8,96.1,3.8
57,36.6,96,0
59,36.4,96.8,0
58,36.4,99,0
55,36.3,97.2,0
56,36.6,95.1,0.6
55,36.5,98,0
55,36.7,99.9,0
54,36.3,97.2,0
56,36.4,94.2,0
76,36.7,97.7,3.4
63,36.8,98.6,0
59,37,98.7,2.3
57,36.2,97.8,0
59,36.1,97,0
60,36.3,95.6,0
59,36.8,96.6,2.5
61,36.7,95.7,2.9
59,36.2,99.3,0
57,36.6,98.3,0
60,36.6,91.3,9.4
58,36.7,99.1,0
57,36.1,92.4,0
59,36.6,97.4,0
72,36.9,98.8,4
60,36.7,98.5,0
57,36.4,98.3,0
59,36.3,99.9,0
57,36.4,96,0
55,38.6,96,38.5
56,36.5,97.9,0
57,36.4,95.9,0
58,35.9,99.3,0
57,36.8,99.7,0
56,35.9,90.4,0
58,36.5,99.7,0
57,36.8,97.2,0.7
59,36.3,96.6,0
59,36.6,98.5,0
60,36.5,96.5,0
58,36.7,99,0
57,36.4,96.5,0
57,36.3,97.3,0
69,36.5,99,0
73,36.5,96.3,1.3
72,36.7,98.2,1.2
76,36.6,95.4,6
73,36.8,99.5,0.9
74,36.6,96.8,2.6
76,36.6,99.4,0
81,36.4,95.6,3.1
75,36.9,95.2,12.1
78,36.4,98.9,0
76,36.2,96.2,0
76,36.1,98.4,0
75,36.4,95.7,1.1
72,37.3,98.4,12.8
73,36.6,96.2,3.5
74,36.3,99.9,0
76,36.8,97.9,5
74,36.8,93.4,13.4
75,36.7,95.2,8.1
77,36.2,96.1,0
75,36.8,96,8.5
77,36.6,98.2,0.7
78,36.5,98.4,0
78,36.5,96,3.4
75,36.5,96.5,1.5
76,37,92.2,20.4
73,36.4,95,1.9
75,36.2,99.3,0
75,36.2,92.1,4.3
72,36.5,97,0
73,36.1,99.9,0
75,36.6,97.4,1.7
76,36.7,98.6,1.6
75,37.1,99.8,6.9
73,36.9,95.2,11.5
69,36.8,99.8,0
70,36.7,99.6,0
72,36.3,97,0
71,36.6,99.1,0
72,36.7,97.9,1.8
70,36.4,95.8,0
71,36.3,99,0
70,36.3,98.4,0
70,36.6,98.2,0
71,36.5,90.7,11.9
70,36.8,96.3,6.4
68,36.3,95.9,0
70,36.9,95.8,9.4
74,36.1,98.4,0
67,36.7,95.7,4.7
66,36.7,95.7,4.4
79,36.5,98.1,0
91,37.1,98.4,14.5
74,36.4,99,0
70,36.1,98.8,0
69,36.4,99.3,0
68,36.5,98.5,0
72,36.5,97.1,0
67,36.1,97.6,0
69,36.3,97.7,0
68,35.8,97.9,0
67,36.2,98.3,0
68,36.5,96.9,0
70,36.4,96.4,0
64,36.3,95.9,0
67,36.6,98,0
65,36.3,96,0
64,36,95.3,0
68,37.1,90.6,23.2
67,36.7,96.4,3.3
67,36.6,99,0
69,34.3,98.3,0
67,36.4,95.4,0
66,36.5,96.7,0
63,36.6,97.6,0
64,37.1,98.5,6.2
73,36,99.3,0
62,36.2,97.7,0
58,36,95.6,0
60,36.6,100,0
61,35.7,97.6,0
57,37.2,98.1,6.9
62,36.5,95.4,0
66,36.4,96.2,0
59,36.9,99.7,0
64,36.5,98.5,0
64,36.8,97.1,3
65,37,93.9,13.7
64,36.3,95.7,0
65,36.5,98.4,0
64,36.4,93,3.2
63,36.7,97.2,0.5
63,36.4,95.2,0
61,36.2,99.4,0
59,36.2,98.2,0
57,36.8,99.8,0
62,36.1,97.8,0
78,34.5,99.7,0
64,36.1,96,0
61,36.4,96.6,0
58,36.6,96.9,0
59,36.1,96.3,0
57,36.3,98.9,0
76,36.9,97.4,8
61,36.2,98.2,0
61,36.8,97.7,0.9
57,36.7,96.6,0
58,36.2,99.4,0
57,36.7,97.4,0
58,36.7,92.4,8.6
57,37.2,99.1,4.9
59,36.1,99.2,0
61,36.6,92.7,6.9
59,36.6,96.8,0
61,36.6,95.4,1.5
60,36.5,94.9,0.2
59,36.5,97,0
61,36.3,93.5,0
62,36.7,98.8,0
60,36.3,97.8,0
58,36.5,96.1,0
58,37,99.5,0.4
60,36.3,95.9,0
61,36.5,99.9,0
63,37.1,97,8.9
70,36.4,99.8,0
90,36.2,99.4,0
70,36.8,98.7,1.6
65,37.3,98.1,11.3
61,36.6,99.6,0
59,36.6,99.7,0
58,36.3,96.3,0
59,36.8,96.1,3.5
57,36.3,97.9,0
62,36.8,97.7,1.2
61,36,97,0
63,36.5,97.4,0
64,36.6,90.3,12.6
60,36.2,99.3,0
60,36.7,99.2,0
61,36.5,99.4,0
59,36.2,95.1,0
62,37,96.6,7.4
61,36.4,97.7,0
60,36.5,99.9,0
62,36.1,95.8,0
64,36.9,95.5,8.2
69,36.2,96.1,0
68,36.5,98.3,0
70,36.5,95.7,1.6
64,35.9,97.3,0
66,36.5,97.4,0
63,36.5,99.8,0
65,36.5,98.6,0
62,36.4,97.1,0
64,36.2,97.1,0
63,36.7,96.1,2.7
62,36.9,98.8,1
65,36.4,97.9,0
62,36.1,95.4,0
61,37.1,98.7,4.9
61,36.5,95.7,0
62,36.5,98.7,0
60,36,95,0
64,36.3,98.9,0
70,38.4,98.5,34
98,36.9,99.6,10.2
116,36.8,99.2,14.4
93,36.5,95,9.9
84,36.8,95.9,11.4
91,36.5,95.2,8.9
89,36.3,92.6,9.5
75,36.5,97.7,0
61,36.1,89.6,3.1
79,36.2,96.9,0
75,36.9,97.5,7.5
89,35.9,96.3,0
64,36.5,100,0
72,37,96.2,11.2
79,36.9,96.6,10.5
80,36.8,97.4,7.2
81,36.7,99.8,0.7
91,36.8,91,23.3
93,36.7,98.7,6.5
85,36.3,98.7,0
83,36.9,96.1,12.7
82,36.5,95.7,5.2
77,36.1,95.6,0
90,36.4,96.9,3.2
93,34.6,97.8,0
94,36.9,95.3,17.6
84,36.6,97.1,5
92,36.7,99.2,5.2
96,36.3,98,0.8
95,36.8,86.8,32.9
95,36.7,95.6,13.3
100,36.8,98,12
102,35.7,96.4,0
102,36.7,99.4,7.8
96,36.7,98.9,7
95,36.5,97.2,6.1
94,36.9,95.1,18
94,36.8,96.8,12.6
85,36.2,99.9,0
92,36.7,97.8,8
87,36.3,95.8,2.5
81,36.5,97.2,1.9
80,36.8,97.1,7.8
79,36.6,97,3.7
79,37.1,96.6,14.5
84,36.9,95.3,14.6
80,36.2,95.7,0
78,37.1,95.6,16.2
79,36.7,99.8,0.1
79,36.8,96.3,9.1
84,36.6,99,1.2
85,36.7,98.8,3.9
86,36.7,97.6,6.6
86,36.7,97.5,6.8
80,36.3,98.9,0
79,36.4,97.4,0
84,37,96.4,14.4
85,36.7,97.9,5.7
91,37.1,95.7,19.9
110,36,96.5,2
85,36.2,97.9,0
92,36.3,90.5,14.6
94,36.6,95.1,12
88,36.5,96.4,5.6
87,36.5,97.1,3.9
81,36.8,93.7,14.9
91,36.7,98.8,5.7
94,36.4,96.8,4.6
87,37,98.7,10.7
71,36.7,86.1,25.1
78,36.7,98.1,3.2
76,36.7,96.6,5.6
66,37,97.5,6.8
64,35.4,95.9,0
80,36.6,95.7,6.6
81,36.7,96.3,7.7
81,36.5,97.6,1.1
91,36.7,96.1,11.1
59,36.8,96.4,2.9
71,36.2,96.3,0
77,36.4,97.6,0
90,36.6,95.1,10.8
86,36.3,96.2,1.4
80,36.6,99.9,0
90,36.4,98.7,0
93,36.5,97,5.9
94,36.6,99.3,3.6
94,36.6,96.4,9.4
93,37.1,96.5,18.9
93,36.2,97.9,0
94,35.9,98.7,0
93,35.9,95.2,0
95,36.7,98.8,6.9
93,37.1,95.8,20.3
87,36.1,99.1,0
80,36.6,96.4,5.2
79,36.9,97.4,8.9
78,35.9,99.3,0
73,36.4,97.8,0
77,36.4,99.2,0
78,36.4,97.5,0
78,36.6,98.5,0.4
78,36.9,96.1,11.2
78,36.9,95.8,11.8
74,36.7,97.5,3.2
79,37,99.6,6.5
90,36.2,99.1,0
87,36,97.8,0
78,36.5,95.6,4.2
72,36.8,98.9,1.8
76,36.6,97.4,2
75,36.8,99,2.5
77,36.4,98.5,0
70,36.4,96.9,0
69,36.3,96.3,0
76,36.5,99.9,0
77,36.3,95,1.1
83,36.5,98.8,0
73,36.3,93.3,3.3
71,36.6,99.9,0
76,36.3,96.8,0
73,36.3,96.8,0
76,36.5,98.3,0
74,36.3,98.8,0
70,36.7,98.3,0.4
75,36.7,99.3,0
71,36.5,97.3,0
70,36.7,98.6,0
73,36.3,98.1,0
71,36.7,97.3,2.7
77,36.7,98.4,2.3
73,36.4,95.7,0.5
88,36.8,99,6.4
75,36.4,95.8,0.9
71,36.1,95.7,0
71,36.9,96.3,8.7
70,36.3,95.3,0
72,36.7,98.2,1.2
70,36.7,99.3,0
69,36.8,99.4,0
71,34.1,99.4,0
70,36.6,97.5,2.84E-14
69,36.8,95.5,7.7
73,37.5,96.8,20.3
71,36.8,97,5.3
71,37,99,5.3
78,36.6,95.9,5.6
83,36.4,98.7,0
84,36.7,96,9.2
85,35.9,96.2,0
92,36.6,98.3,5
88,36.4,98.7,0
80,36.3,99.9,0
73,36.2,95.1,0
72,36.7,91.9,13.8
71,36.1,97.7,0
82,36.7,96.5,7.6
84,36.3,98.8,0
85,36.8,98.7,6.1
73,37.1,99.7,6.5
77,36.2,99.8,0
72,36.6,98.6,0
76,36.5,97.7,0
81,37,98.9,8.5
85,36,95.7,0
78,36.3,95.2,1
76,36.9,97.2,8.4
78,36.4,99.2,0
74,36.6,99.5,0
76,36.2,97.7,0
71,35.7,99.9,0
77,36.3,97.8,0
73,36.5,92.7,8.5
75,36.8,95,10.5
72,37.4,99,13.6
72,36.8,95.6,8.4
71,36.9,99.6,2.1
70,36.6,99.5,0
72,36.3,86,17.6
75,36.2,96,0
69,36.3,98.9,0
70,36.6,95.7,3.6
69,36.6,97.3,0.1
70,36.8,98.4,2.2
77,36.8,99.3,2.5
68,36.6,96.3,1.8
71,36.5,97,0
71,36.6,99.4,0
68,36.2,98.6,0
75,36.3,96.6,0
73,36.4,95.2,1.5
77,36.1,97.6,0
78,36,97.2,0
73,36.6,96.1,3.7
73,36.4,96,0
74,36.2,99.2,0
72,36.6,95.3,5
76,36.5,94.7,5.4
74,36.6,96.5,3.2
72,36.1,95.6,0
88,36.1,97,0
115,36.8,99.7,13.1
86,36.6,99.1,1.6
77,36.5,96,3.1
80,36.5,99.6,0
81,36.6,99.5,0
74,36.5,97.5,0
72,37.1,99.3,7
76,36.6,96.8,3.2
77,36.1,98,0
75,36.5,97,0.5
72,36.1,97.5,0
82,36.7,90.8,19
83,37.1,97.6,13.7
80,36.3,99.6,0
79,36.8,99.7,2.3
75,36.4,96.3,0
77,36.5,95.1,4.9
76,36.2,99.7,0
89,37,98.7,11.3
82,36.4,99.1,0
85,35.5,98.5,0
86,36,97.2,0
76,36.5,95,4.8
61,36.4,95.1,0
72,36.7,97.9,1.8
76,36.5,99.6,0
94,37.2,95.1,24
88,36.2,96.4,0
78,36.6,95.1,7.2
80,36,96.9,0
56,36.5,97,0
75,36.4,99.2,0
60,36.5,98.2,0
85,36.3,95.1,3.3
92,36.4,97.7,2.2
93,36.6,98,5.9
72,36.4,96.9,0
74,36.4,97.2,0
77,36.9,98.6,5.9
84,36.6,99.3,0.6
92,36.6,97.8,6
82,36.3,98.2,0
80,36.3,97.4,0
73,36.8,99.2,1.5
89,36.6,97.4,5.9
86,36.7,98.7,4.4
83,36.4,95.4,4.1
81,36.3,96.9,0
79,36.3,97.3,0
77,36.6,95.8,5.5
76,36.5,99.5,0
89,36.6,97,6.7
83,37.2,97.6,15.7
97,36.7,91.3,22.5
84,36.7,95.2,10.8
81,36.7,97.3,5.7
80,36.6,97.8,2.4
79,37.2,96.2,17.3
84,36.3,97.4,0
80,35.9,100,0
77,36.6,95.4,6.3
78,37,97.5,10.4
75,36.6,98.3,0
72,36.8,99.3,1
88,36.5,99.7,0
61,36.5,98,0
72,36.6,98.5,0
59,36.1,98.8,0
84,36.6,95.3,8.6
55,36.2,97.4,0
55,36.7,98.8,0
71,36.5,97.7,0
87,36.7,95.2,11.7
92,36.6,95.4,10.8
84,36.7,95.4,10.4
82,36,96.2,0
84,36.3,99.4,0
58,36,98.4,0
56,36.5,98.9,0
85,34.2,96,0
92,36.5,96.8,6
82,36,95.5,0
93,36.2,95,3.9
94,36.6,99.2,3.8
94,36.2,99,0
94,37,96.9,16.4
97,37,95.3,20.5
83,36.8,96.8,9.3
82,36.3,98.2,0
79,36.8,91.7,18.3
79,36,99.9,0
79,36.3,98.1,0
79,36.2,95.4,0
85,36.8,96.5,10.5
80,36.4,95.7,2.6
79,36.7,98.1,3.5
90,36.6,99.2,2.6
82,39,98.4,49.8
88,36.7,99.1,4.2
95,36.4,97.3,3.9
94,36.8,97.2,11.8
83,36.6,95.9,7.1
90,36.6,98.4,4.2
91,36.2,96.7,0
92,36.2,90.5,12.6
82,36.8,99,4.6
86,36.2,90.2,11.4
91,36.3,97.3,0.7
98,36.7,97.9,9.6
92,36.2,98.1,0
94,36,95.5,0
100,37,97,18
95,34.4,95.3,0
95,36.4,99,0.5
88,35.9,99.2,0
86,36.5,98.2,1.4
93,36.7,98,7.9
92,36.3,98.3,0
99,36.8,99.2,9.3
89,36.1,96.7,0
93,37.1,98.2,15.5
105,36.5,99,5.5
101,35.9,88.9,12.5
86,36,95.9,0
85,36.7,95.1,11.3
82,36.4,95.8,3
92,36.7,99.1,5.4
85,36.5,98.4,0.7
81,36.6,95.9,6.5
79,36.1,99.3,0
78,36.2,98.3,0
79,36.2,98.8,0
77,36.2,97.8,0
77,36.6,98.6,0
90,36.9,96.1,14.8
80,36.5,98.2,0
113,36.5,97.1,11.7
100,36.4,98.5,3
104,36.3,96.3,6.6
96,36.7,96.3,12.2
83,37,96.8,13.3
79,36.8,96,9.7
72,36.7,98,1.6
76,36.6,97.9,1
72,36.4,98.9,0
71,36.6,93.5,8.3
66,37.2,98.5,8.8
66,36.9,99.7,0.4
65,36.4,98.7,0
72,36.9,95.4,10.8
67,36.9,96.9,6.3
68,36.6,99.8,0
67,36.8,95.3,7.5
71,35,96.9,0
68,36.2,98.5,0
64,36.8,96.3,4.6
64,36,96.8,0
66,36.9,96,7.8
65,36.5,97.5,0
86,36.9,97.9,10
79,36.5,99,0
72,36.5,95.5,2.6
70,35.8,98.7,0
68,35.9,96.6,0
67,36.5,99.8,0
64,36.9,97.6,4
63,36.5,99.5,0
61,36.9,98,2.3
62,36.6,97.6,0
62,36.7,95.4,3.8
61,36.2,95.5,0
61,37,96.2,7.9
62,36.6,99.7,0
64,36.7,96.2,2.8
63,36.6,98,0
63,36.6,99.3,0
62,36.3,96.8,0
70,37.1,90.7,23.6
63,36.4,97.1,0
63,36.7,96.1,2.7
62,36.9,98.3,2
58,35.9,99.7,0
59,36.2,99.9,0
60,36.5,97.1,0
59,36.1,100,0
58,36.2,94.5,0
59,36.4,96.8,0
59,36.4,96.9,0
60,36.7,99.9,0
60,37,95.2,9.6
61,36.8,97.8,0.7
60,36.7,98.1,0
60,36.4,95.7,0
61,36.1,94.1,0
62,36.3,98.5,0
60,36.7,99,0
60,37,99,2
60,36,99.5,0
61,36.4,96.1,0
60,36.6,95.8,0.4
61,36.4,95.7,0
62,36.5,97.1,0
60,36.6,99.3,0
62,36.2,96.4,0
62,36.4,96.7,0
61,35.6,97.6,0
63,36.1,95.4,0
62,36.7,98.5,0
62,36.6,98.5,0
63,36.1,99.2,0
61,36.2,97.9,0
82,36,97.8,0
71,36.8,91.7,15.9
65,36.8,96.1,5.3
64,36.6,98.7,0
65,36.8,97.7,2.1
65,36.8,96.5,4.5
64,36.6,100,0
67,36.5,95.7,0.7
65,36.5,98,0
69,36.5,95.6,1.5
67,36.4,96.2,0
69,36.8,98.4,1.9
73,36.7,96.5,4.9
66,36.8,98.5,0.8
66,36.5,96.3,0
69,36,99.5,0
69,36.7,97.3,2.1
65,36.7,95.7,4.1
68,36.3,98,0
69,36.8,99.3,0.1
72,36.4,96.4,0
69,36.7,97.3,2.1
65,36.4,95.4,0
65,36.4,99.4,0
66,36.5,98.7,0
64,36.4,96,0
63,36.8,95.2,6.5
62,36.8,96.1,4.4
61,36.4,95.8,0
65,36,99.8,0
61,36.8,97.2,1.9
65,36.3,95.6,0
64,36.8,97.7,1.8
61,36.1,95.4,0
63,36.6,96.6,0
87,36.1,96.2,0
79,36.6,88.5,20.7
75,35.9,97.3,0
72,36.4,99.9,0
75,36.8,97.9,4.7
79,36.5,99.4,0
72,36.3,96.9,0
70,37.1,98.6,7.8
74,36.4,99.8,0
72,36.4,96.4,0
70,36.5,96.1,0.8
71,36.8,99,1.3
71,36.4,96.9,0
79,37,99.2,7.3
75,36.7,91.2,16.1
70,36.5,99.8,0
69,36.5,95.8,1.1
70,36.4,97,0
69,36.6,96.1,2.5
71,36.6,98.2,0
66,36.4,98.2,0
67,38.2,97.1,31.9
61,36.3,99.5,0
64,36.6,97.1,0
64,36.7,97.6,6.84E-14
63,36.3,94.5,0
64,36,88.5,4.2
68,36.8,97.9,2.6
64,36.2,98.9,0
63,36.8,97.5,1.9
65,36.6,99.9,0
73,36.6,97.6,0.7
77,36.5,98.9,0
78,36.4,98.2,0
79,36.4,96.3,1.1
79,36,98.1,0
75,36.9,95.2,12.1
72,36,95.4,0
71,35.7,97.9,0
87,36.7,97,8.1
88,36.4,97,2.4
84,36.5,98.8,0
75,36.2,95.8,0
72,36.7,96.6,4.4
99,36.3,99.5,0
86,36,99.6,0
80,36.6,96.8,4.4
81,36.5,97.5,1.3
74,36.6,96.6,3
83,36.6,98.6,1.7
91,36.6,95.2,10.9
85,36.9,96.2,13.1
80,36.7,97.6,4.8
90,37.3,98.6,17.8
83,36.5,99.2,0
74,36.7,98.8,0.6
76,36.4,98.2,0
78,36.4,97.5,0
80,35.8,98.7,0
76,36.1,93,0.8
80,36.6,95.2,7.6
85,36.3,96.7,0.1
82,36.5,96.5,3.6
79,38.5,92.8,50.1
84,36.6,99.8,0
80,36.6,98.6,0.8
83,36.2,99.5,0
82,36.4,91.1,12.4
78,36.5,96.2,3
83,36.1,97.4,0
80,36.3,95.5,1
81,36.7,97,6.3
84,35.9,98.7,0
82,36.4,98.1,0
81,36.4,98.3,0
81,36.7,99.7,0.9
91,36.5,98.5,2.3
92,36.4,96.2,5.2
84,36.1,97,0
85,36,98.3,0
85,36.6,99.3,0.9
81,36.7,97.6,5.1
81,36.9,96.7,10.9
74,36.4,98.4,0
83,36.8,92.3,18.3
81,36.6,96.1,6.1
77,37,97.1,10.9
83,36.2,95.7,0
81,37.1,98.5,11.3
81,37.1,97.8,12.7
85,36.3,97.3,0
81,36,98.2,0
85,36.5,95.7,6.1
78,36.5,95.9,3.6
80,36.7,95.8,8.4
77,36.7,95.6,7.9
76,36.3,99.6,0
78,37.1,99.8,7.8
82,36.6,98.7,1.2
85,36.6,98.2,3.1
85,35.8,99.6,0
80,36.4,99,0
81,36.3,98.6,0
102,36.5,95.6,11.4
86,36.3,99,0
86,36.6,98.5,2.8
82,36.5,97.5,1.6
84,36.9,95.4,14.4
75,36.7,99.7,0
89,36.6,96,8.7
81,36.7,96.6,7.1
86,36.4,95.3,5.2
80,37,96.4,13.2
78,36.5,97.9,0
75,35.9,97.5,0
78,37,99.6,6.2
84,36.5,96.1,5
80,36.3,99.2,0
81,36.3,96.5,0
81,36.1,99,0
85,36.7,99.4,2.7
78,36.5,95.5,4.4
61,37.1,98.8,4.7
76,36.5,97,0.8
75,35.7,96,0
80,36.4,98.8,0
90,36.2,97.2,0
75,36.2,99.4,0
89,36.2,94,4.7
86,36.1,98.5,0
92,36.3,96.5,2.6
80,36.3,95.2,1.6
60,36.7,97.3,0
61,35.7,96.5,0
75,36.8,96.5,7.5
89,36.4,98.9,0
64,37.1,97.6,8
75,36.8,99.7,1.1
82,36.7,99.6,1.4
77,36.6,96.5,4.1
80,36,98.9,0
81,36.2,96.1,0
78,36.3,92.6,6.2
90,36.7,95.3,12.4
86,36,99.7,0
92,36.2,95,3.6
93,36.6,96.7,8.5
84,36.5,97.1,3
81,36,98.3,0
76,36.5,98.3,0
101,38.4,99.2,41.9
96,36.5,95.5,9.8
75,36.2,99.8,0
80,36.4,99.3,0
84,37.1,99.1,11
91,36.4,99.9,0
87,36.6,95.7,8.7
80,36,99.2,0
78,37,93.5,18.4
68,36.5,96.1,0.2
53,36.3,85.5,12.9
55,36.4,98.6,0
75,36.5,95.9,2.7
83,36.1,98.4,0
74,37,98.1,8
73,36.4,97.9,0
82,37,98.6,9.4
78,36.1,97.5,0
78,36.5,97.1,1.2
96,36.5,96.4,8
90,36.3,98.7,0
83,35.8,98.4,0
88,36.9,97.5,11.4
92,36.5,94.3,11
88,36.5,99.3,0
81,36.2,99,0
79,36,97.9,0
64,36.9,95.4,8.4
80,36.6,96.7,4.6
79,36.4,98.7,0
78,36.6,96.7,4
73,36.6,97.4,1.1
81,36.1,95.7,0
84,36.3,93.9,5.4
77,36.5,95.3,4.5
86,36.7,95.5,10.8
86,36.8,96.8,10.2
82,36.7,97.4,5.8
91,36.9,99.4,8.5
93,36.3,99.5,0
72,36.5,97.7,0
74,36.8,91.6,17
59,36.8,99.7,0
79,36.1,99,0
84,36.5,98.4,0.4
91,36.6,95.5,10.3
87,36.4,99.4,0
87,37.1,95.2,19.7
81,36.2,95,0.3
79,36.1,95.7,0
90,36.9,96.9,13.2
89,36.5,96.6,5.5
93,36.6,99.6,2.7
82,36.7,99.3,2
80,36.5,98.9,0
84,36.9,97.2,10.8
94,36.7,98.4,7.4
87,36.1,99.9,0
81,36.5,97.9,0.5
78,36.6,96.2,5
77,36.4,98.2,0
82,36.5,95.1,6.4
79,36.8,95.8,10.1
80,36.8,100,2
84,36.7,95.3,10.6
81,36.4,99,0
85,36.1,97.9,0
82,36.1,95.2,0
91,36.5,98.8,1.7
82,36.1,99.8,0
84,36.8,95.3,12.6
90,36.7,91.2,20.6
93,36,90.8,8.3
103,36.3,97.2,4.5
85,34.7,96.1,0
80,36.6,99.5,0
78,36.6,96.7,4
80,36.5,95,6
83,36.1,96.8,0
85,36.4,97.4,0.7
78,36.3,98.4,0
79,36.7,96.5,6.7
79,36.3,95.9,0
80,36.9,95.9,12.2
85,36.6,99.9,0
85,36.8,99.2,5.1
79,36.5,97.7,0.3
79,36.5,98.5,0
83,36.5,98.3,0.3
80,36.8,99.2,3.6
80,36.1,99.8,0
82,36.2,94,2.6
79,36.6,97.3,3.1
90,36.5,94.4,10.2
82,35.8,97.9,0
79,36.5,99.4,0
79,36.7,97.1,5.5
84,36.5,98.6,1.07E-14
85,36.2,98.4,0
81,36.6,96.3,5.7
78,36.3,95.7,0
77,36.2,95.5,0
79,36.7,97.1,5.5
80,37.2,96.7,16.6
85,36.6,98.3,2.9
80,36.2,95.6,0
79,36.8,100,1.7
77,37,91.6,21.9
78,35.9,99.4,0
83,36.7,95,10.9
80,36.6,95.4,7.2
77,36.9,99.7,3.7
78,36.6,98.4,0.6
78,37,95.5,14.4
78,36.5,98.6,0
79,37,97.4,10.9
79,36.2,98.9,0
78,36.7,97.9,3.6
79,36.2,98.1,0
75,36.4,99.9,0
78,36.5,96.7,2
76,36.8,95,10.8
75,36.5,96.8,0.9
76,36.7,96.7,5.4
83,37,97.4,12.1
81,36,100,0
77,36.9,97.7,7.7
76,36.3,99.2,0
61,36.6,97.6,0
69,36.5,99.6,0
73,36.7,95,7.9
75,36.7,96.3,5.9
77,36.6,100,0
72,36.7,98,1.6
88,36.4,98.5,0
81,36.8,99.6,3.1
74,36.9,96.3,9.6
72,36.3,99.1,0
76,36.7,95.5,7.8
70,36.3,97.1,0
66,36.4,96.7,0
73,37.2,98.8,10.3
72,36.5,99.9,0
72,35.9,97.5,0
71,37,99.4,4.5
71,36.4,99.2,0
74,36.4,99.7,0
76,36.6,90.8,15.2
73,36.7,96,5.9
88,36.6,90.4,19.6
76,34.1,97,0
76,36.9,98.9,5
75,37.1,98,10.5
77,36.7,96.9,5.3
73,36.7,96.3,5.3
79,36.7,99.3,1.1
79,36,95.4,0
78,36.2,99.2,0
78,36,95.3,0
75,36.8,96.8,6.9
78,36.9,99.9,3.6
78,36.6,98.3,0.8
78,36.9,98.5,6.4
78,36.6,96.2,5
79,36.5,91.5,12.7
90,36.3,99.7,0
81,36.7,95.9,8.5
79,36.4,95.6,2.5
77,36.8,98.1,4.9
78,36.5,96.9,1.6
75,36.6,96,4.5
76,36.7,96.3,6.2
78,36.9,98.9,5.6
82,36.5,97.3,2
79,36.8,97.6,6.5
78,36.5,99.3,0
79,36.5,95.5,4.7
80,36.6,91.9,14.2
79,36.9,95.8,12.1
78,36.7,95.6,8.2
78,35.8,96.1,0
74,37,96.9,10.4
72,36.6,95.3,5
76,36.8,95.7,9.4
77,36.7,98.7,1.7
78,36.9,96,11.4
76,36.1,99.4,0
80,36.3,95.3,1.4
81,36.6,95.8,6.7
91,36.5,96.5,6.3
71,36.5,99.4,0
75,38.2,97,34.5
71,36.6,98.5,0
71,36.2,98.6,0
71,36.4,95.2,0.9
82,36.5,95.2,6.2
74,36.4,98.1,0
71,35.8,95.3,0
72,36.9,96.1,9.4
71,34.8,97,0
73,36.6,99,0
73,36.2,99.7,0
77,36.8,99.5,2.1
85,36.2,97.6,0
75,36.5,97.3,0
82,35.9,98.8,0
80,36,99.9,0
77,36.3,96.8,0
76,36,85.4,14
76,36.4,98,0
80,36.7,99.4,1.2
74,36.5,98.4,0
77,36.5,85.3,24.5
76,36.4,95.3,2.2
75,36.5,98.5,0
89,37.1,99.3,12.1
83,36.7,99.2,2.5
79,36.4,97.5,0
90,36,96.9,0
83,36.2,96.8,0
85,36.3,99.2,0
91,36.8,88.9,27.5
94,36.8,97.6,11
81,36.4,99.8,0
81,36.2,97.9,0
96,36.4,96.6,5.6
84,36.4,97.4,0.4
80,36.1,96,0
80,37.1,96.9,14.2
84,36.4,98.3,0
77,36.7,96.6,5.9
80,36.7,97.6,4.8
90,36.5,95.9,7.2
83,36.4,99.5,0
91,36.6,96.6,8.1
98,36,96.8,0
95,36.3,85.3,25.9
80,36.6,97.6,2.8
84,36.3,98.3,0
80,36.4,97.1,0
77,36.4,99.6,0
76,34.6,96.5,0
72,37.1,99.5,6.6
77,36.5,98,0
75,36.4,98.4,0
71,36.3,95.1,0
71,36.3,92.9,3.5
73,36.4,98.4,0
70,36.6,97.1,0.8
69,36.5,97.2,0
76,36.5,99,0
77,36.3,99.2,0
90,36.9,98.2,10.6
77,36.7,99.9,0
77,36.8,99.4,2.3
75,36.6,99.7,0
73,36.5,99,0
71,36.3,98.7,0
67,36.6,97.2,0
66,36.2,96.6,0
75,35.9,95.1,0
96,36.5,96.3,8.2
77,36.9,94.8,13.5
73,36,95.8,0
71,36.2,95.6,0
68,36.1,98.4,0
70,36.6,96.8,1.4
70,36.8,96,7
68,36.4,95.6,0
70,36.9,95.9,9.2
76,36,96.8,0
77,36.6,98.4,0.3
71,36.6,98.6,0
77,38.8,96.1,48.9
78,36.4,96.2,1
77,36.2,95.1,0
85,37.2,95.6,20.3
78,36.1,98,0
67,36,99.4,0
66,37,99.5,2.8
68,36.6,97.4,0
66,36.8,99.8,0
66,36.4,98.7,0
65,36.3,99.3,0
60,36.6,95.7,0.6
62,36.9,97.4,3.8
62,36.3,96.2,0
63,36.9,99.8,0
62,36.2,95.8,0
67,36.4,99.7,0
62,36.8,99,0
65,36.6,95.8,1.9
64,36.5,99.8,0
64,36.4,95.5,0
64,37,98.8,3.6
78,36.1,90.1,7.2
66,36.1,99.6,0
64,36,96.9,0
62,36.5,93.4,3.8
61,36.4,96.5,0
65,36,96.2,0
65,36.2,97.4,0
67,36.7,96.2,3.7
64,36.6,95.5,2.2
65,36.5,99.7,0
75,36.4,98.7,0
71,36.7,100,0
66,36.3,92.9,2
65,36.7,98.4,0
64,36.3,95.7,0
62,36.6,97.4,0
60,36.4,99.6,0
60,36.4,99.6,0
61,36.4,95.2,0
61,36.8,96.3,3.7
65,36.8,99.5,0
63,36.2,99.1,0
59,36.6,98.6,0
65,36.4,95.8,0
61,36.9,98,2.3
66,36.1,97.4,0
64,36.3,96.1,0
64,36.2,98.5,0
63,36.6,95.6,1.7
65,36.5,99.1,0
67,36.4,90.7,8.7
65,36.5,97.7,0
64,36.3,95.8,0
65,36,96.2,0
66,36.8,95.8,6.2
67,36.3,97.2,0
66,36.7,93.1,9.6
67,36.6,96.8,0.5
66,36.5,94.5,2.8
69,36.4,97,0
67,36.4,97,0
65,36.5,96.1,0
66,36.7,99,0
65,36.5,97.6,0
66,36.3,97.2,0
64,36.2,99.8,0
66,36.9,97.2,5.4
66,36,96.1,0
67,36.3,96.7,0
68,36.5,95.5,1.4
69,36.3,95,0
67,36.5,96.8,0
67,36.5,95.6,0.9
68,37,96.2,10
63,36.9,99.9,0
64,36.8,95.2,6.8
66,36.6,96.3,1.2
75,36.8,96.7,7.1
79,36.8,96.2,9.3
76,36.4,95.2,2.4
71,36.5,99.7,0
69,36.6,95.4,3.9
69,36.7,90.7,15.3
70,36.6,96.4,2.2
73,37.2,99,9.9
74,36.6,97.6,1
73,37,97.9,8.1
87,36.2,96.3,0
80,36.7,96.2,7.6
78,36.5,97.8,0
72,36.2,95.4,0
72,36.6,97.3,1
71,36.8,97.8,3.7
69,36.4,99,0
79,36.2,97.4,0
76,36.6,96.8,3.2
73,36.5,96.4,1.1
69,36.5,95.9,0.9
69,36.1,94.2,0
68,37,97.5,7.4
67,36.8,96.8,4.5
70,36.5,98.4,0
69,36.4,98.4,0
73,36.2,97.9,0
71,36.7,98.3,0.7
69,36.7,96.4,3.9
69,36.6,98.3,0
72,37,99.8,4
71,36.9,97.7,5.9
69,36.7,98.6,0
68,37,98.9,4.6
69,36.7,98.3,0.1
68,36.8,96.3,5.8
67,36.6,96.8,0.5
72,36.3,91.2,7.2
68,37,97.3,7.8
65,36,97.9,0
67,36.5,99.7,0
68,36.8,94.8,8.8
68,36,98.1,0
68,36.7,99.3,0
66,36.4,97.5,0
67,36,96.8,0
69,36.8,95.8,7.1
69,36.7,95,6.7
68,36.2,95.6,0
68,36.7,99,0
67,36.6,99.4,0
69,36.7,93.3,10.1
67,36.6,97.6,0
67,36.1,96.8,0
68,37,96.6,9.2
69,37,99.7,3.3
68,36.8,99.1,0.2
67,36.7,94,8.1
68,36.5,98.2,0
69,36.3,97.5,0
67,36.7,98.6,0
64,36.4,98.2,0
64,38.4,99.7,29.8
70,36.8,98.7,1.6
68,36.3,97,0
69,36.4,98.4,0
64,36.7,97.1,1
64,36.5,97.1,0
65,36.4,94,1.5
64,34.4,99.7,0
66,36.7,95.4,5
65,36.5,99.3,0
66,36.7,98.9,0
64,36.8,95.8,5.6
77,36.3,98.4,0
68,36,98.5,0
66,36.3,96.5,0
67,36,96.1,0
67,36.4,99.1,0
67,36.7,98.8,0
68,36.6,96.9,0.6
69,36.7,98.5,0
74,36.7,96,6.2
74,37,99.7,4.8
66,37,98,5.8
67,36.5,95.7,0.7
71,36.2,94,0
75,36.4,99.8,0
72,37.3,96.1,17.4
73,36.3,97.1,0
69,36.5,99,0
79,36.5,98.7,0
73,36.5,96.2,1.5
77,36.4,95.4,2.3
72,36.6,95.3,5
71,36.5,98.2,0
73,36.5,96.6,0.7
69,36.5,97.8,0
65,36.6,98.1,0
67,36.7,99.2,0
65,36.3,97.3,0
70,36.7,98.9,0
68,36.4,97.8,0
67,35.6,98.7,0
69,36.4,99.6,0
65,36.8,96.6,4.3
64,36.3,98.5,0
64,35.9,98.7,0
66,36.9,97,5.8
65,36.7,96.6,2.3
66,38.5,99.4,33
66,36,96.8,0
67,36.4,100,0
68,36.2,99.4,0
63,37.2,96.2,12.5
64,36.4,97.8,0
64,36.3,99.5,0
65,35.7,96.1,0
65,36.2,96.9,0
65,36,96.7,0
66,36.3,96.4,0
66,36.8,95.8,6.2
64,34.8,97.2,0
64,37,96.8,7.6
63,36.2,99.3,0
66,36.1,95.6,0
64,36.8,99.2,0
65,35.9,97.8,0
65,36.5,96,0
65,36.8,99.9,0
66,36.6,98.9,0
65,36.7,96.8,1.9
64,36.4,99.6,0
71,36.4,91.1,9.1
67,37,96.3,9.5
66,36.3,96.9,0
64,36.8,98.5,0.2
66,36,95.2,0
64,37.1,98.9,5.4
65,36.4,95.5,0
64,36.3,99.4,0
69,36.5,97.4,0
65,34.4,98.7,0
63,36.9,97.6,3.7
62,36.5,98,0
64,36.4,99,0
66,37,95.1,11.6
64,37.1,93.5,16.2
61,36.8,95.2,5.9
63,36.8,99.6,0
61,36.6,97.5,0
62,36.6,97.4,0
65,36.8,99.4,0
64,35.8,97.2,0
64,36.8,96.7,3.8
64,36.6,97.5,0
63,36.5,96.7,0
63,35.7,99.2,0
63,36.4,96.9,0
64,36.8,95.5,6.2
65,36.4,99.3,0
65,36.5,98.2,0
62,36.5,99.2,0
63,36.8,98.6,0
63,36.4,99.4,0
64,36.7,99.1,0
62,36.1,95.6,0
63,36.7,96.4,2.1
62,36.4,98.8,0
64,36.3,95.9,0
62,36.9,92.1,14.4
79,36,97.3,0
68,36.8,96.9,4.6
64,36.4,95.2,0
65,36.3,98,0
66,36.5,98.1,0
59,36.3,96.9,0
63,36.6,99.2,0
65,36.3,99.2,0
62,36.7,93.9,6.8
63,36.3,98,0
63,36.5,99.7,0
64,36.3,97.4,0
59,36.4,96.2,0
63,36.6,97.3,0
64,36.4,99,0
65,36.5,99.8,0
69,36.7,99.5,0
68,36.8,97.1,4.2
67,36.5,97.1,0
65,36.1,96,0
68,36.2,86.1,14.2
69,37,97.3,8.1
69,36.2,98.9,0
70,36.5,97.1,0
70,36.5,88.7,15.6
70,36.8,97,5
69,36.3,98.2,0
67,37,96.4,9.3
66,36.6,96.7,0.4
68,36.1,98.7,0
63,36.2,98.6,0
61,36.4,95.7,0
60,36,99.4,0
62,36.3,99.2,0
64,36.6,99.7,0
64,36.9,97,5.2
65,36.7,99.1,0
61,36.3,99.2,0
63,36.7,97.2,0.5
64,36.1,100,0
62,36.8,98.9,0
60,36.4,96.3,0
74,36.7,97.9,2.4
64,36.6,95.8,1.6
61,36.6,97.8,0
64,36.8,98.6,0
63,36.7,97.8,0
64,37.2,96.2,12.8
64,36.2,96.6,0
65,36.6,98.1,0
64,36,98.1,0
59,36.5,99.4,0
62,36.3,95.4,0
61,36.8,98.2,0
63,36.6,96.8,0
63,36.6,95.6,1.7
62,36.4,99,0
61,35.9,96.2,0
62,36.3,97.8,0
60,36.1,99.2,0
63,36.1,97.5,0
64,36.5,95.3,0.6
62,36.4,98.7,0
62,36.7,99.6,0
63,36.6,99.7,0
62,36.6,96.3,3.42E-14
64,36.3,95.6,0
59,36.2,99.5,0
60,37,97.5,5
62,36,96.1,0
63,36.5,90.5,9.9
62,36.9,97.9,2.8
64,36.1,96.9,0
62,36.8,97.9,0.8
61,35.9,97.1,0
62,36.2,96.5,0
62,36.7,97,0.6
63,36.4,97.2,0
62,37.1,96.4,9.8
60,36.2,98.3,0
61,36.5,98.2,0
63,36.7,97.5,0
61,35.8,85.8,4.7
70,36.3,98.6,0
63,38.4,97.3,34.3
60,37,96.1,7.8
59,36.7,95.8,2.1
58,36.3,98,0
58,36.7,95.3,2.8
59,36.9,99.1,0
59,36.2,95.6,0
69,36.8,98.5,1.7
62,36.3,89.7,7.2
60,36.4,95.1,0
60,36.8,96.8,2.4
61,36.3,96.9,0
62,36.6,85.1,22.4
61,36.8,98.9,0
62,36.1,99,0
61,36.7,96.8,0.7
63,36.3,96.8,0
62,36.5,98.7,0
63,36.3,96.7,0
61,36.5,96.7,0
61,36.7,96.9,0.5
60,36.3,95.1,0
59,36.3,95.4,0
60,36.1,99.5,0
59,36.7,96.4,0.9
59,36.6,99.6,0
60,36.3,99.4,0
58,36.4,90.7,6
59,36.9,97.6,2.5
61,36.9,98,2.3
63,36.7,91.1,12.7
64,36.4,98.5,0
66,36.6,98.9,0
68,36.6,98.4,0
68,36.6,98.5,0
68,37,99.4,3.6
70,36.7,99.3,0
69,36.8,99.4,0
69,36.7,99.9,0
67,36.4,97.9,0
67,37.1,98.6,6.9
60,36,99.5,0
64,36.5,96.1,0
65,36.6,96.1,1.3
71,36.6,95.2,4.9
70,36.3,98.4,0
69,36.3,98.8,0
67,36.5,95.1,1.9
66,36.7,98.5,0
66,36.9,95.6,8.6
69,36.2,95,0
65,36.4,97.4,0
64,36.6,90.2,12.8
62,36.5,97.7,0
69,36.5,97.7,0
67,36.4,94.1,1.9
62,36,96.4,0
59,35.9,98.5,0
60,36.6,94.2,3.6
57,36.4,99.3,0
58,36,97.5,0
62,36.4,96.4,0
59,36.8,99.8,0
58,36.8,95.1,5.2
59,36.6,96.8,0
60,36.1,97.5,0
62,36.5,95.9,0
61,35.7,99.9,0
58,36.4,99.2,0
59,36.7,97.1,0
62,36.5,97.4,0
63,36.6,99.5,0
62,36.7,95.1,4.4
59,36.2,97.4,0
62,36.7,97.8,0
63,36.8,96.4,4.1
60,36.5,98,0
61,37,93.8,12.7
62,36.8,98.2,0.2
62,36.6,99.1,0
61,37,95.2,9.9
63,36.3,98.1,0
61,36.1,97.4,0
63,36.6,86.1,20.7
61,36.3,99.9,0
61,36.4,96,0
60,36.4,96.2,0
62,36.9,97.4,3.8
62,36.9,96.5,5.6
60,36.4,96.2,0
64,36.9,98.6,2
62,36.6,95.4,1.8
61,35.9,99.1,0
62,36.6,99.4,0
59,36.7,99.9,0
61,36.9,98.8,0.7
61,36.5,96.3,0
64,36.1,98.4,0
65,36.9,98.1,3.3
61,36.5,95.8,0
59,36.1,97.8,0
59,36.5,97,0
61,36.4,96.8,0
62,36.1,96.5,0
60,36,98.2,0
59,35.8,87.9,0
79,36.6,98.2,1.3
65,36.6,99,0
60,36.7,96.1,1.8
60,36.6,96.4,0
61,36.5,99.5,0
68,36.6,98.3,0
62,36.5,99.1,0
57,36.4,96.8,0
58,35.9,98.6,0
58,36.5,94.7,0
59,35.7,96.5,0
59,36.6,95.3,1.1
62,36.2,97,0
65,36.7,95.6,4.3
63,36.4,99.8,0
92,36.3,96.8,2
69,36.2,97,0
66,36.2,95.2,0
63,36.7,95.4,4.1
63,36.1,96.9,0
58,36.2,95.9,0
62,36.1,96.2,0
63,36.3,96,0
64,37,95.5,10.2
63,36.6,99.9,0
59,36.5,97.6,0
58,36.3,99.7,0
57,36.5,97.3,0
69,36.8,97.8,3.1
65,36,98.1,0
61,37.1,97.2,7.9
84,38.3,95.1,43
74,36.1,98.2,0
71,38.4,98.2,34.9
70,36.6,98.4,0
66,36.5,97.4,0
64,36.1,95.1,0
65,35.9,99.9,0
65,36.4,97.1,0
69,36.6,95.1,4.5
68,36.8,98.6,1.2
68,36.8,97.9,2.6
71,34.4,98.1,0
68,34.5,97.5,0
68,37.1,98.7,7
67,34.2,97,0
66,36.8,99.8,0
64,36.7,95.6,4
63,36.6,97.3,0
70,36.6,97.2,0.6
70,36.5,99.2,0
77,36.8,95.6,9.9
89,38.6,97.8,45.1
94,36.5,95.8,8.6
81,36.4,95.9,2.5
75,36.7,98.9,0.7
79,36.2,99.9,0
92,36.3,96.1,3.4
88,36.7,95.3,11.8
82,37,97.3,12
91,36.6,95.2,10.9
85,36.2,97.9,0
100,36.8,96.7,14.6
90,37,93.5,22
83,36.3,96.8,0
91,36.7,97.1,9.1
84,36.3,96.3,0.6
82,37.1,95.5,17.6
91,36.4,97.8,1.7
92,36.8,96.3,13
87,36.8,96.1,11.9
89,36.3,99.9,0
93,36.1,95.1,1.7
94,36,95.5,0
101,36.6,97.8,8.7
113,36.3,99.1,3.7
86,36.4,95.6,4.6
92,36.9,98.9,9.8
89,36.4,99.5,0
83,35.9,95.1,0
91,36.7,97.7,7.9
84,36,95.2,0
91,36,96.1,0
83,36.6,95.7,7.5
74,36.6,98,0.2
72,36.2,95.8,0
65,36,99.6,0
70,36.7,95.4,6.2
71,36.3,97.8,0
88,37.3,95.7,23
92,36.3,87.8,20
60,36.4,97.8,0
75,36.4,99.4,0
79,36.5,97.8,0.1
56,36.9,95.4,6
106,36.3,96.5,6.8
103,36.6,95.3,14.3
97,36.1,95.3,2.5
96,36.2,99.6,0
105,36.7,95.8,15.9
91,36.9,95.9,15.5
95,36.3,95.4,5.7
88,36.6,90.6,19.2
79,36.5,96.7,2.3
90,36.8,97.5,10
83,36.5,95.3,6.3
93,36.2,97.3,0
94,36.4,95.5,7.2
84,36.5,95,7.2
91,36.4,96.5,4.3
93,37,98.6,12.7
90,36.7,96.5,10
80,36.5,98.6,0
84,36.4,94.6,6
108,34.6,99,0
98,36.7,98.5,8.4
80,37.2,98.8,12.4
62,36.7,98.2,0
85,36.8,96.9,9.7
92,36.6,98.5,4.6
80,36.8,97.5,7
95,36.2,97.7,0
95,36.1,98.1,0
82,36.7,99.8,1
87,36.7,96.5,9.1
92,36.8,96.9,11.8
92,36.3,95.9,3.8
93,36.5,99.1,1.7
99,36.3,95.3,7.1
86,36.4,98.6,0
92,36.4,96.9,3.8
97,36.7,99.2,6.7
82,36.3,96.1,0.4
91,36.4,98.2,0.9
84,36.1,95.7,0
91,36.5,95.9,7.5
81,36.1,97.2,0
91,36.8,98.1,9.1
59,36.5,96,0
85,36.6,96,7.5
92,36,97.4,0
99,36.9,98.7,12.3
91,36.6,95.3,10.7
82,36.6,97.5,3.6
97,36.1,99.2,0
101,36.5,90.2,21.9
100,36.7,96.5,13
96,36.4,96.6,5.6
94,37.1,97.9,16.4
94,36.4,96,6.2
94,36.2,99.8,0
84,36.2,99.5,0
91,36.9,99.9,7.5
94,36.5,99.6,1
93,36.6,98,5.9
84,39,98.1,51
75,36.7,96.4,5.7
55,36.5,96.6,0
84,36.6,97.1,5
97,36.3,95.2,6.7
96,36.5,99.8,1.2
94,36.2,99.7,0
94,36.3,96.9,2.4
60,36.7,97.1,0
84,36.9,96,13.2
91,36.2,91,11.3
97,36.8,95.2,16.7
95,36.6,96,10.5
100,38.4,95.3,49.4
96,36.1,97.2,0
91,36.4,98.9,0
87,36.6,99.5,1.1
92,37,95.2,19.2
88,36.2,99,0
78,36.4,96.5,0.4
84,36.7,96.1,9
67,36.5,98.9,0
77,36.1,96.5,0
78,36.5,97.7,0
80,36.4,91.2,11.6
90,36.6,95.9,9.2
76,36.2,96.9,0
75,36.4,93.7,5.1
89,36.2,98.5,0
93,36.9,93.4,21.1
94,36.6,97,8.2
71,36.2,98.3,0
75,36.8,98.4,3.7
60,36.7,96.1,1.8
68,36.7,95.4,5.6
81,36.8,96.9,8.5
80,36.6,98.1,1.8
90,36.2,99.3,0
76,36.5,95.9,3
78,36.8,99.1,3.2
83,36.6,97,4.9
78,36.8,99.2,3
80,36.7,96.5,7
81,36.6,91.9,14.5
79,36.3,98.1,0
78,36.7,95.6,8.2
78,36.4,96.6,0.2
77,36.2,98.9,0
90,36.5,95.1,8.8
80,36,97.3,0
80,36.2,96.6,0
79,36.9,95.8,12.1
78,36.6,99.4,0
78,36.6,99.6,0
77,36.4,98.7,0
74,36.3,96.8,0
76,36.3,97,0
76,36.4,96.6,0
72,36.4,99.9,0
70,36.7,99.2,0
77,36,96.3,0
75,36.2,95.9,0
72,36.6,96.8,2
73,36.7,99.7,0
78,37.1,96.9,13.6
79,36.6,99.6,0
84,36.3,97.3,0
80,36.3,96.7,0
73,36.7,97.3,3.3
76,36.3,95.8,0
75,36.7,92.5,13.5
89,36.7,98.1,6.5
79,36.6,99.1,0
77,34.1,98.2,0
76,36.4,99.9,0
78,36.7,99.1,1.2
83,34.5,99.1,0
80,36.5,97.2,1.6
83,36.4,92.1,10.7
74,36.4,98.7,0
76,36.4,96.8,0
80,36.6,96.7,4.6
77,36.6,96.7,3.7
76,36.1,99.2,0
78,36.3,95.8,0
74,36.2,99.5,0
77,34.3,93.9,0
72,36.6,99.9,0
71,36.1,96.1,0
76,36.8,99.4,2
89,36.4,97.9,0.9
93,36.2,95.7,2.5
83,36.2,98.7,0
88,36.5,95.3,7.8
77,36.4,99.1,0
71,36.7,99.1,0
72,36.6,99,0
59,36.2,97.4,0
72,36.4,99,0
88,36,96.5,0
75,36.6,95.9,4.7
71,36.5,95.1,3.1
71,36.2,97.8,0
82,36.6,92.7,13.2
84,36.7,96.3,8.6
72,36.1,98.8,0
71,36.8,95.3,8.7
72,36.4,98.9,0
70,36.7,100,0
66,36.2,95,0
74,36.4,97.5,0
67,36.6,96.3,1.5
65,36.6,97.9,0
69,36.2,95.6,0
93,36.4,99.3,0
82,36.7,99.9,0.8
72,36.2,98.8,0
70,36.9,98,5
71,37.2,96.4,14.5
78,36.4,99.7,0
80,36.8,97.4,7.2
61,36.2,95.9,0
57,36.7,96.8,0
70,36.7,99.6,0
82,36.5,95.5,5.6
80,36.8,97.2,7.6
85,35.7,97.3,0
97,36.4,96.2,6.7
94,36.9,96.9,14.4
92,36.4,90.6,16.4
94,36.3,96,4.2
88,36.8,98.5,7.4
89,36.3,99.4,0
93,35.7,96.7,0
88,36.3,99.7,0
98,37,99.5,12.4
82,36.6,99.5,0
83,36.7,95.6,9.7
86,36.7,96.3,9.2
93,36.4,92,13.9
88,36.5,96.3,5.8
86,36.4,99.1,0
89,36.5,97.4,3.9
87,35.9,98.3,0
98,36.4,99.8,0
83,36.7,95.7,9.5
80,36.6,97.4,3.2
76,36.5,98.9,0
80,36.4,96.3,1.4
79,36.2,95.2,0
83,36.5,96.4,4.1
79,36.2,94.7,0.3
81,36.7,96.3,7.7
91,36.6,96.2,8.9
84,36.8,99,5.2
91,36.3,98.5,0
87,36.7,96.9,8.3
91,36.2,97.4,0
93,36.1,97.7,0
84,36.4,99.8,0
86,37,98.9,10
92,36.7,99.4,4.8
82,36.3,99.3,0
91,36.7,98,7.3
93,36.9,99.1,9.7
88,36.1,99.6,0
92,36.4,96.8,4
93,36.6,97.3,7.3
80,36.4,98.1,0
82,36.1,97.9,0
86,36.6,97.9,4
82,36.3,97.4,0
85,36.2,96.2,0
86,37.2,95.9,20
81,36.8,95.3,11.7
85,37.1,95.8,17.9
86,36.7,99.4,3
90,36.5,99.8,0
93,36.6,97.4,7.1
94,36.6,95.4,11.4
82,36.6,99.7,0
81,36.6,95.4,7.5
62,38.5,99.1,32.4
86,36.4,95.1,5.6
93,36.2,99.6,0
87,36.7,99.4,3.3
78,36.6,98.8,0
56,36.9,98.3,0.2
73,36.6,99.6,0
88,36.2,95.1,2.2
81,36.5,99.7,0
91,38.5,99.1,41.1
86,36.3,95.7,2.4
92,36.5,99.4,0.8
77,36.1,97.4,0
90,36.9,97.8,11.4
85,36.4,98.5,0
86,37.1,97.1,15.6
77,36.5,97.4,0.3
80,36.5,99,0
102,38.5,99.6,43.4
59,36.5,95.6,0
56,36.8,96,2.8
85,36.3,98.4,0
69,36.3,96.1,0
65,36.6,96.1,1.3
104,36.7,96.1,15
103,36.4,96.7,7.5
85,36.7,99.2,3.1
85,37,98.8,9.9
81,37.2,98.9,12.5
79,36.7,96.1,7.5
80,36.9,98.1,7.8
77,36.5,95.9,3.3
76,36.1,95.9,0
78,36.7,95.6,8.2
101,36.5,95.5,11.3
86,36.3,95.4,3
81,36.4,95.8,2.7
78,36.4,96.4,0.6
84,36.5,98,1.2
91,36.2,96.9,0
68,36.5,94.9,2.6
87,36.6,90,20.1
92,36.9,96.9,13.8
94,36.7,97.7,8.8
93,36.7,99.1,5.7
92,36.6,99.9,1.8
88,36.7,95.1,12.2
93,36.1,95.2,1.5
95,36.4,98.8,0.9
94,36.3,99.2,0
93,37,94.7,20.5
99,36.6,96.3,11.1
95,36.8,97.8,10.9
100,36.7,96,14
99,36.9,97.6,14.5
97,36.6,99.8,3.5
95,36.1,99.6,0
100,36.6,97.6,8.8
102,36.5,97.6,7.4
103,36.5,98.3,6.3
104,36.3,98.9,1.4
103,35.8,91.3,6.3
102,36.1,98.9,0
96,35.9,96.5,0
101,36.6,95.4,13.5
85,37,96.8,13.9
92,36.6,99.2,3.2
86,36.3,95.2,3.4
75,36.6,96.5,3.5
89,36.8,99.8,5.1
99,36.5,98.4,4.9
95,36.8,99.7,7.1
94,36.1,97.8,0
94,36.6,99.7,2.8
94,36.3,95.6,5
94,36,93.5,3.2
94,36.8,99.5,7.2
95,36.5,98.2,4.1
94,36.4,96.8,4.6
88,36.5,95.3,7.8
87,36.4,92.6,10.9
86,36.2,98.1,0
92,36.4,98.8,0
82,36.7,96,8.6
85,36.9,99.4,6.7
92,37,95.5,18.6
93,36.8,99.8,6.3
88,36.6,98.1,4.2
87,36.3,96.6,0.9
85,36.1,95.1,0
84,36.4,99.9,0
85,36.6,97.5,4.5
86,36.6,91.8,16.2
92,36.1,97.7,0
93,36.5,98.7,2.5
88,36.3,98.6,0
87,36.5,96.8,4.5
80,36.6,97.1,3.8
79,36.3,99.5,0
84,36.1,99.8,0
83,36.7,95.7,9.5
85,36.5,98.4,0.7
81,36.9,98.8,6.7
84,36.5,97.1,3
81,36.4,95.8,2.7
78,36.4,95.6,2.2
84,36.5,97.3,2.6
82,37,97.7,11.2
80,36.9,93.6,16.8
84,36.4,99.1,0
83,36.6,99.5,0
79,36.3,99.5,0
56,37,99.6,0
72,36.5,98.7,0
77,36.2,99.6,0
81,36.8,99.7,2.9
83,36.3,96.5,0
84,34.7,98,0
83,36.7,97.2,6.5
82,37.1,95.6,17.4
83,37,96.3,14.3
83,36.6,96.3,6.3
81,36.8,96.5,9.3
84,36,99.7,0
83,36.8,95.8,11.3
84,36.4,99.9,0
77,36.3,99.4,0
89,36.7,97.3,8.1
88,36.6,95.1,10.2
87,36.6,98.9,2.3
86,36.8,98.6,6.6
86,36.6,96.7,6.4
85,36.2,97.1,0
85,36.1,98.4,0
91,36.2,96,1.3
98,36.4,93.5,12.4
100,36.6,99.2,5.6
115,37.1,95.2,28.1
94,36.8,95.7,14.8
77,36.3,98.2,0
55,36.7,97.2,0
67,37.3,91.1,25.9
87,36.5,99.4,0
70,36.7,98.9,0
94,35.9,99.4,0
88,36.3,93.5,7.4
79,36.7,98.7,2.3
91,36.2,99.6,0
76,36.5,99.3,0
110,35.8,100,0
103,36.8,95.1,18.7
97,36.8,96.9,13.3
106,36.3,96.9,6
115,36.5,98.3,9.9
111,36.7,98.3,12.7
88,36.8,99.1,6.2
103,36.5,97.3,8.3
68,36.8,99,0.4
78,36.4,98.1,0
90,36.6,97.1,6.8
97,36.9,96.5,16.1
95,36.9,97.1,14.3
100,36.5,99.2,3.6
82,37,97.6,11.4
81,36.8,98.5,5.3
106,36.3,99.3,1.2
91,36.2,97.7,0
93,36.3,95.6,4.7
94,36.2,95.7,2.8
80,36.3,97.8,0
106,35.7,96.6,0
80,36.3,96.7,0
90,36.5,99.7,0
94,36.5,99.5,1.2
94,36.5,97.3,5.6
107,36.4,96.1,9.9
114,36.5,95.2,15.8
85,36.7,98,5.5
103,36.8,97.9,13.1
96,36.9,97.5,13.8
89,36.7,97.7,7.3
83,36.5,96.7,3.5
91,36.5,95.9,7.5
76,36.6,97.5,1.8
100,36.9,97.7,14.6
99,36.7,98.1,9.5
123,36.2,99.4,4.1
102,36.3,99,0.6
107,36.7,97.7,12.7
97,36.8,96.1,14.9
101,36.6,95.2,13.9
107,36.5,97.9,8.3
103,36.3,96.7,5.5
97,36.7,98.7,7.7
113,36.6,98.2,11.5
89,36.4,98.1,0.5
98,36.7,98.9,7.6
95,36.5,95.9,8.7
95,36.1,96.9,0
81,36.1,95.6,0
91,36.6,98.9,3.5
93,37,97.4,15.1
88,36.4,95.6,5.2
70,36.2,97.8,0
88,36.3,95.5,3.4
89,36.4,99.1,0
104,36.4,99,3.2
97,34.5,99.6,0
98,36.5,95,11.4
95,36.9,98.5,11.5
99,36.8,95.9,15.9
107,36.8,97.1,15.9
97,36.6,100,3.1
95,36.7,97.7,9.1
77,34.8,98.6,0
84,36.4,96.9,1.4
92,36.6,97.7,6.2
102,37,98.2,16.2
96,36.4,96.7,5.4
95,36.6,95.8,10.9
106,36.7,98.8,10.2
97,36.1,96,1.1
95,36.7,99.2,6.1
94,36.3,96.1,4
94,36.9,97,14.2
98,36.8,95.1,17.2
102,36.1,98.7,0
82,36.6,99.4,0
81,36.4,95.7,2.9
77,36.7,96.3,6.5
93,36.5,98.5,2.9
95,36.3,95.6,5.3
95,36.6,99.9,2.7
88,36.4,95.3,5.8
93,36.3,95.7,4.5
85,36.6,98.3,2.9
92,36.8,98.3,9
93,36.4,96,5.9
82,36.5,97.2,2.2
91,36.9,98.3,10.7
96,36.3,95.1,6.6
95,37.2,96.1,22.3
88,36.7,95.5,11.4
81,35.8,97.9,0
102,36.3,98.1,2.4
88,36.3,97.4,0
79,36.9,97.6,8.5
73,37,96.7,10.5
89,36.2,96.9,0
93,36.4,98.5,0.9
100,36.2,96.7,2.6
96,36.7,98.7,7.4
95,36.6,99.9,2.7
100,36,97.2,0
83,37.1,86.4,36.1
99,36.4,96.4,6.9
85,36.6,98.8,1.9
92,36.4,99.3,0
82,36.2,98.8,0
91,36.6,97.6,6.1
105,36.4,98.8,3.9
84,36.6,95.9,7.4
91,36.3,99.5,0
93,36.6,95.3,11.3
94,36.7,95.4,13.4
101,36.5,98.1,6.1
96,36.8,99.8,7.2
95,36.6,97.5,7.5
95,36.2,95.4,3.7
96,36.7,99.9,5
112,36.2,96.1,7.4
82,36.9,97.8,9
108,36.3,90.1,20.2
73,37,95.8,12.3
55,36.5,97.8,0
98,36,97.1,0
112,36.4,98.1,7.4
122,36.9,98.7,19.2
107,36.5,99.1,5.9
103,36.4,98.1,4.7
98,37.4,97.6,24.2
96,36.1,96.7,0
95,36.3,98.5,0
93,36.4,95.2,7.5
95,36.4,99.2,0.1
97,36.2,94.9,5.3
96,36.5,96.4,8
94,36.1,97.3,0
94,36,97.3,0
96,37.1,99.6,13.6
105,36.6,98.3,8.9
73,36.6,96.8,2.3
71,36.9,95.9,9.5
54,35.5,96.7,0
50,36.7,98.1,0
68,36.6,96.6,1.2
70,36.4,97,0
70,36.1,99,0
54,38.6,95.3,39.6
78,37,93.8,17.8
90,36.6,92.2,16.6
92,36.1,99.7,0
65,38.2,97.4,30.7
58,36.4,98.2,0
53,38.5,98.3,31.3
49,36.6,99,0
82,36.6,96.2,6.2
57,36.9,97.5,2.1
70,36.5,99.5,0
54,36.6,95.2,0
61,36.8,98.9,0
56,36.4,98.3,0
50,37,97.7,1.6
60,37.3,96.6,12.8
85,36.9,97.1,11.3
75,36.3,95.8,0
55,36.6,99.1,0
50,36.4,95.4,0
76,36.5,99.9,0
72,36,97.1,0
74,36.6,99.8,0
92,36.2,98.8,0
97,36.5,99.2,2.7
85,36.1,96.9,0
75,36.2,98.5,0
79,36.6,97.8,2.1
81,36.5,97.4,1.5
90,36.8,96.1,12.8
64,36.6,96.6,4.00E-14
77,36.9,96.4,10.3
89,36.3,99.3,0
87,36.7,95,12.1
58,36.8,97.3,0.8
51,37,90.8,15.7
69,36.6,98.6,0
77,36,98,0
80,36.8,97.3,7.4
73,36.2,96.3,0
71,36.3,95.8,0
88,36.8,97.2,10
64,35.9,97.9,0
71,36.4,98.9,0
74,36.5,95.3,3.6
94,36.5,98.2,3.8
95,36.4,97.4,3.7
94,36.4,91.5,15.2
84,36.3,95.8,1.6
89,36.8,98.2,8.3
93,36.6,97.5,6.9
88,36.6,98.3,3.8
88,36.9,99.8,6.8
83,36,98.4,0
81,36.6,95.5,7.3
97,36.8,95.8,15.5
95,36.4,95.4,7.7
82,36.2,99.1,0
81,36.6,97.8,2.7
77,36.2,95.1,0
80,36.7,93,14
81,37,96.3,13.7
85,35.9,98.5,0
80,36,95,0
84,36.8,97,9.2
82,37,98.7,9.2
91,36.5,99.3,0.7
91,36.3,93.7,7.9
94,36.4,97.2,3.8
115,36.4,100,4.5
75,36.5,97.8,0
79,36.7,96.4,6.9
81,36.5,97.6,1.1
57,36.2,97.1,0
78,36.6,97.4,2.6
94,36.4,96.1,6
87,36.3,97.2,0
82,36.7,98.9,2.8
80,36.8,99.8,2.4
83,36.1,98.5,0
83,36.4,98.7,0
80,36.6,90.5,17
80,36.4,96,2
80,36,97.9,0
77,36.5,97.2,0.7
98,36.7,95.8,13.8
79,36.7,98.9,1.9
76,37,96.6,11.6
55,36.2,90.4,1.7
77,36.6,95.9,5.3
76,36.3,96.7,0
72,36,96.8,0
75,36.7,94,10.5
72,36.6,99.2,0
72,36,97.2,0
73,37,96.2,11.5
89,36.4,97.8,1.1
59,36.5,95.7,0
71,36.7,96.2,4.9
74,36.9,98.7,4.8
79,36.5,97.2,1.3
90,36.8,95.3,14.4
76,36.2,97.6,0
80,36.6,95.8,6.4
84,36.1,96.9,0
80,36.8,96.7,8.6
80,36.8,95.1,11.8
95,36.8,99.7,7.1
85,36.4,99,0
85,36.1,99.5,0
86,36.7,97.5,6.8
86,36.2,95.9,4.53E-14
92,36.4,92.3,13
93,36.3,98,0
88,36.7,98.5,5.4
83,36.6,95.6,7.7
81,36.2,96,0
83,36.5,99.8,0
82,37,99.6,7.4
91,36.1,98.1,0
84,36.7,98,5.2
82,36.4,95.1,4.4
102,36.5,99.9,2.8
132,36.6,98.4,16.8
121,36.4,97.9,10.5
85,36.3,97.8,0
91,36.8,96.1,13.1
79,36,98.6,0
61,35.8,96.1,0
68,36.8,98.4,1.6
73,36.3,99.2,0
83,36.5,99.4,0
94,36.8,97.1,12
92,36.2,97,0
98,34.4,98.1,0
86,36.7,98.6,4.6
103,36.9,95.8,19.3
101,36.7,91.1,24.1
84,36.2,99.7,0
77,36.6,98.2,0.7
76,36.2,95.6,0
50,36.5,99.6,0
66,36.1,97.7,0
77,36.7,96.1,6.9
89,36.5,96.5,5.7
64,36.5,99.2,0
73,37.3,95.6,18.7
66,37.1,99.5,4.8
65,36.2,96.8,0
58,37,97.6,4.2
56,36.3,94,0
67,36.7,97.7,0.7
77,36.7,88.1,22.9
58,36.2,97.4,0
84,36.7,98.3,4.6
75,36.5,98.2,0
71,36.4,96.2,0
88,36.2,99.4,0
81,36.4,98.8,0
81,36.8,98.8,4.7
77,36.5,97.6,0
67,36.1,95.7,0
64,36.6,97.4,0
73,36.6,98.4,0
74,36.6,99.8,0
79,36.5,99.8,0
56,36.4,98.7,0
84,36.6,97.2,4.8
58,36.7,95.1,3.2
62,36.7,98,0
69,36.9,95.9,8.9
77,36.6,96.4,4.3
78,36.5,99.5,0
79,36.2,95.6,0
81,36.4,98.4,0
83,36.2,96.5,0
79,36.6,98.1,1.5
76,36.1,95.1,0
75,36.4,99.1,0
89,36.1,95.5,0
79,36.2,95.8,0
78,36.7,95.5,8.4
76,36.4,95.8,1.2
80,37.1,95.1,17.8
76,36.6,96.9,3
90,36.7,98.1,6.8
64,37,97.7,5.8
73,36.5,99.6,0
60,36.7,98,0
67,36.6,98.4,0
70,36.6,99.4,0
74,36.5,96.7,0.8
77,36.5,96.4,2.3
84,36.7,98,5.2
57,36.6,97.4,0
71,36.5,99.1,0
74,36.3,97.1,0
75,36.6,96.3,3.9
66,36.3,95.9,0
87,36.8,97.5,9.1
69,36.6,95.2,4.3
70,36.7,96.1,4.8
66,36.3,99.7,0
77,36.1,97.3,0
89,36.5,97.3,4.1
59,36.1,95.1,0
68,36.6,98.6,0
53,36.5,96.7,0
74,36.4,96.7,0
89,36.4,95.5,5.7
83,36,96.6,0
82,36.9,98.7,7.2
56,36,99.9,0
70,37.1,95.6,13.8
54,36.2,99.4,0
66,37,95.2,11.4
77,36.6,99.7,0
90,36.4,95.5,6
59,36.8,98.2,0
78,36.3,98.5,0
80,36.5,99.6,0
84,36.8,99.3,4.6
78,37.3,99.9,11.6
72,36.5,98.3,0
71,36.2,97.7,0
76,36,99.6,0
55,36.4,99,0
85,36,97.6,0
80,36.3,97.5,0
90,36.9,94.1,18.8
94,36.4,95.7,6.8
80,36.6,95.5,7
76,36.8,91.8,17.2
72,37.2,97.5,12.6
79,36.6,96.9,3.9
78,36.3,97.4,0
90,35.9,97.9,0
93,36.7,96.4,11.1
77,36.4,99,0
84,36.7,97.8,5.6
79,36.6,98.3,1.1
90,36.3,98,0
81,36.4,96.5,1.3
79,36.6,98.2,1.3
91,36.5,96.5,6.3
93,36.5,96.7,6.5
84,37.3,95.3,22.6
80,36.3,98.1,0
81,36.6,95.1,8.1
94,36.3,98.8,0
84,36.2,99.6,0
91,36.5,95,9.3
93,36.9,99.8,8.3
74,36.8,97.9,4.4
72,36.6,94.1,7.4
79,36.1,99.9,0
90,36.2,99.7,0
94,36.3,95.8,4.6
93,36.8,98.9,8.1
94,36.7,99,6.2
94,36.2,97.3,0
94,36.3,98.9,0
94,36.2,98.6,0
100,36.8,95.2,17.6
101,36.7,98.9,8.5
102,36.4,97.3,6
96,36.3,98.7,0
100,36.8,99,10
101,36.4,98,4.3
79,37.2,95.7,18.3
80,36.3,95.2,1.6
90,36.3,97.1,0.8
98,37.1,97.5,18.4
81,36.2,98.7,0
96,36.3,97.1,2.6
94,36.6,96,10.2
95,36.5,98.7,3.1
72,37,99.3,5
88,36.5,96,6.4
97,36.3,90.8,15.5
78,36.3,99,0
84,36.9,96.2,12.8
92,36.7,98.4,6.8
93,36.4,99.4,0
94,36.5,97,6.2
83,36.7,99.5,1.9
91,36.9,91,25.3
94,36.2,95.6,3
94,36.8,99.3,7.6
81,36.3,99.6,0
79,36.9,97.8,8.1
80,36.3,99.8,0
90,36.4,96.1,4.8
83,36.5,96.5,3.9
82,36.3,97.7,0
85,36.6,99.7,0.1
96,36.2,97.4,4.44E-14
100,36.3,99.2,0
86,36.7,97,7.8
92,37.3,99.3,17
93,36.8,99.4,7.1
105,36.9,97.7,16.1
102,36.8,95.8,17
107,36.3,86,28.1
126,36.6,99.9,12
136,36.8,98.9,21
143,35.9,96.9,9.1
125,36.4,98.7,10.1
98,36.5,99.7,2
102,36.5,86.3,30
109,36.1,97.9,0.9
91,36.8,97.4,10.5
88,37.1,97.5,15.4
91,36.4,98.7,0
98,36.8,99.4,8.6
102,36.4,97.7,5.2
78,36.6,96.2,5
95,36.6,92.2,18.1
107,36.5,95.3,13.5
112,36.9,96.5,20.6
109,36.3,95.3,10.1
102,34.4,95,0
84,36.6,96.7,5.8
82,36.6,96.6,5.4
87,36.5,96.3,5.5
97,36.1,97.2,0
92,36.6,98.9,3.8
103,36.4,96.5,7.9
94,36.3,96.9,2.4
84,36.4,96.3,2.6
75,36.4,97.1,0
72,34.4,98.9,0
75,37,97.6,9.3
75,36.4,95.6,1.3
66,36.2,95.9,0
53,36.4,98.8,0
49,36.7,92.4,5.9
48,36.8,95.6,1.2
102,36.5,99.5,3.6
90,34.7,99.2,0
76,36.7,99.6,0
80,37,97.1,11.8
79,36,95,0
84,36.4,97.5,0.2
102,36.6,96,12.6
109,36.5,96.4,11.9
109,36.8,98.9,12.9
88,36.7,95.8,10.8
93,36.5,96.6,6.7
86,36.4,97.4,1
94,36.8,96.9,12.4
60,36.2,95.1,0
83,36.4,99.2,0
77,37,97.5,10.1
90,36.9,99.7,7.6
93,35.8,96.1,0
94,37.1,99.7,12.8
84,36.2,92.1,7
82,37,95.2,16.2
114,34.6,98.5,0
100,36.5,95.4,11.2
86,36.8,96.4,11
97,36.4,99.3,0.5
99,36.2,98.9,0
78,36.4,95.2,3
68,36.6,99,0
81,36.6,95.8,6.7
85,37.1,98.5,12.5
80,36.1,99.1,0
79,36.2,91.6,6.5
73,36.4,98.9,0
100,37,99.7,12.6
114,36.7,96.2,17.8
114,36.4,97.7,8.8
96,36.3,95.1,6.6
83,38.2,97.5,35.9
81,36.4,93.8,6.7
93,36,98,0
105,36.6,96,13.5
110,36.5,95.1,14.8
106,36.1,99.9,0
108,36.7,99.2,10
108,36.6,93.2,20
107,36.7,96.2,15.7
108,36.5,97.1,10.2
110,36.3,96.8,7.4
112,36.3,98.8,4
104,36.4,99,3.2
105,36.5,97,9.5
115,36,96.8,2.9
122,37.4,99.8,27
125,36.8,87.7,40.1
85,36.2,95.3,0.9
97,36.9,97.7,13.7
95,36.2,96,2.5
79,36.5,96.7,2.3
69,36.5,98.5,0
82,35.7,97.5,0
102,36.9,99.1,12.4
95,36.3,96.3,3.9
92,36.7,95.5,12.6
92,36.2,95.2,3.2
99,36,98.6,0
105,36.3,98.1,3.3
104,37,98.5,16.2
102,36.7,98.6,9.4
103,36.4,97.5,5.9
99,36,95.2,1.3
95,36.2,96.8,0.9
122,36.8,97.3,20
130,36.5,86.4,38.2
94,36.4,97.9,2.4
95,36.1,98.1,0
108,36.7,97.7,13
84,36.3,99.7,0
102,36.7,97.1,12.4
107,36.8,95.4,19.3
88,36.8,95.1,14.2
92,36.6,96.9,7.8
84,36.8,93.9,15.4
69,36.3,96.5,0
70,37.2,97.4,12.2
88,36.5,97.1,4.2
58,38.5,91.5,46.4
47,35.9,97.5,0
73,36.5,99.4,0
55,36.2,99.8,0
51,37.1,96.1,7.1
68,36.8,95.2,8
78,36.8,99.6,2.2
90,36.6,99.8,1.4
93,36.5,98.2,3.5
92,36.6,95.5,10.6
93,36.5,95.1,9.7
101,36.3,98.8,0.7
96,36.8,95.8,15.2
95,36.4,97.4,3.7
60,36.6,96.1,0
77,36.4,97.6,0
96,36.7,95.3,14.2
102,36.7,96.2,14.2
83,36.6,99.6,0
62,36.7,97.8,0
76,36.3,86.4,18
77,36.6,98,1.1
75,36.8,95.6,9.3
83,36.5,89.3,18.3
96,36.3,97.5,1.8
104,36.1,97.7,0
83,36.9,95.3,14.3
81,36.3,95,2.3
90,36.3,96.5,2
97,37.1,99.6,13.9
85,36.6,96.6,6.3
81,36.5,99.8,0
91,36.3,97.7,0
92,36.4,95.6,6.4
98,36.4,95.4,8.6
96,36.5,99,2.8
94,37,96.3,17.6
106,36.1,99.5,0
98,36.5,92.3,16.8
95,36.4,96.3,5.9
100,36.8,98,12
86,36.6,95.5,8.8
82,36.8,97.2,8.2
91,36.6,96.7,7.9
79,36.5,96,3.7
94,36.9,98.4,11.4
95,36,98.8,0
85,36.6,93.5,12.5
77,36.6,95.6,5.9
90,36.6,95.6,9.8
86,36.8,95.6,12.6
63,36.6,96.5,0
76,36.7,97.5,3.8
55,36.8,97.7,0
72,36.4,95.7,0.2
92,36.6,89.2,23.2
87,36.8,97.7,8.7
92,36.4,95.2,7.2
94,36.4,98.9,0.4
68,36.6,97.7,0
87,36.7,97.4,7.3
78,37,99.1,7.2
78,36.4,96.3,0.8
78,34.1,95.7,0
78,36.8,95.3,10.8
78,36.5,99.9,0
82,36.6,95.1,8.4
79,36,93,0
83,36.1,99.7,0
79,36.9,98.3,7.1
79,36.6,99.9,0
79,36.8,96.7,8.3
78,36.5,94,7.4
80,37.2,97.9,14.2
79,36.4,97.2,0
90,36,95.3,0
93,36.8,99.7,6.5
84,36,97,0
91,36.8,96.4,12.5
82,35.9,98.1,0
57,36.8,95.5,4.1
72,36.2,95.8,0
77,36.7,97.5,4.1
84,36.3,99.1,0
77,36.9,96,11.1
78,36.7,96.2,7
80,36.9,95.9,12.2
90,36.5,99.8,0
78,36.6,99.6,0
76,36.9,97.4,8
72,36.7,98.4,0.8
82,36.1,99.3,0
77,36.7,99,1.1
78,36.4,99.1,0
78,36.6,96.2,5
75,36.8,96.9,6.7
77,36.5,98.1,0
79,36.2,99.7,0
80,36.3,88.4,15.2
78,36.1,90.9,5.6
79,36,95.5,0
90,36,99.6,0
80,36.9,95.8,12.4
83,36.6,95.7,7.5
85,36.6,97.8,3.9
58,36.2,98.4,0
73,36.6,97,1.9
50,35.9,95.2,0
73,37,98.4,7.1
77,37.2,98.8,11.5
72,36.6,99.7,0
84,36.5,99.7,0
94,36.1,95.1,2
94,36.6,99.9,2.4
82,36.4,98.9,0
79,37,99.8,6.1
90,36.6,99.7,1.6
81,36.1,98.8,0
69,36.4,91.8,7.1
73,36.7,98.7,0.5
89,37,96.7,15.3
87,37.2,98.5,15.1
82,34.3,97.4,0
108,36.2,98.7,1
115,36.7,96,18.5
90,36.5,97.7,3.6
88,36.7,96.6,9.2
84,36.8,97.1,9
100,36.4,98.4,3.2
105,36.5,99.6,4.3
109,36.3,97.1,6.5
92,36.5,95.1,9.4
89,36.7,96.1,10.5
92,36.5,95.9,7.8
92,36.7,93.9,15.8
95,36.9,99.9,8.7
102,36.9,96.7,17.2
106,36.6,97,11.8
112,36.8,95,21.6
109,36.3,97.6,5.5
107,34.8,98.2,0
111,36.8,98.7,13.9
84,36.7,95.3,10.6
92,36,97.8,0
94,36.4,98.4,1.4
83,36.5,98.7,0
96,36.5,98.7,3.4
106,36.7,95.9,16
98,36.5,99.5,2.4
106,36.6,96.1,13.6
98,36.3,95.7,6
61,36.2,99.8,0
89,36.3,97.4,0
99,35.9,99,0
96,36.4,98,2.8
103,36.8,97.9,13.1
104,36.6,96.4,12.4
107,37,97.7,18.7
107,36.5,96.5,11.1
96,36,96.3,0
104,36.9,99.5,12.2
107,36.2,96,6.1
107,36.5,99.2,5.7
80,34.2,99.5,0
76,36,99.1,0
71,36.8,98.8,1.7
70,36.5,95.7,1.6
64,36.6,97.8,0
77,36.1,99.4,0
89,36.7,98.7,5.3
93,36.7,96,11.9
94,36.5,94.8,10.6
100,36,99.1,0
86,36.9,98.7,8.4
92,36.5,98.9,1.8
94,36.4,95.7,6.8
94,36.1,99,0
94,36.8,97.7,10.8
95,36.8,99.4,7.7
88,36.4,95.5,5.4
77,36.6,98.4,0.3
90,36.2,99.4,0
81,36.8,97.8,6.7
85,36.8,96.3,10.9
86,36.4,96.8,2.2
98,36.3,97.8,1.8
92,36.7,99.1,5.4
88,36.4,95.5,5.4
98,36.4,97.9,3.6
78,36.5,97.7,0
95,36.8,97.6,11.3
81,36.9,98.3,7.7
91,36.6,90.6,20.1
84,36.7,97.6,6
91,36.3,98.9,0
87,36.3,92.9,8.3
92,36.6,96.3,9
94,36.9,99.9,8.4
88,36.6,95.4,9.6
83,36.4,98.6,0
91,36.3,97.3,0.7
84,36.2,98.1,0
91,36.8,95.3,14.7
87,37,98.7,10.7
92,36.7,95.1,13.4
87,36.3,92.7,8.7
86,36.3,99.1,0
75,36.1,98.4,0
89,36.6,97.9,4.9
79,36.9,97.9,7.9
76,36.5,96.9,1
84,36.7,95.2,10.8
86,37.3,92,29.8
82,36.7,96.7,7.2
91,36.7,97.4,8.5
84,36.7,90.5,20.2
85,36.8,98.7,6.1
82,36.1,95.5,0
85,36.3,92,9.5
82,36.9,97,10.6
91,36.5,96.4,6.5
93,36.7,97.6,8.7
77,36.2,94.4,0.3
94,37,98.9,12.4
88,34.2,96.2,0
83,36.5,96.7,3.5
82,36.9,96.2,12.2
91,36.7,98.6,6.1
93,36.5,99.1,1.7
94,36.2,97,0.2
94,36.3,90.9,14.4
77,34.5,98.6,0
83,36.2,99.4,0
62,36.4,95.1,0
80,37,99.6,6.8
81,36.4,99.2,0
85,35,97.4,0
84,36.7,98.3,4.6
81,35.7,95.2,0
84,36.4,92.1,11
80,36.4,97.5,0
79,36.5,97.9,0
82,36.4,95.6,3.4
80,36.4,96.8,0.4
80,36.5,96.9,2.2
90,36.8,98.8,7.4
83,36.4,96.6,1.7
79,36.5,94.6,6.5
72,36.7,98.7,0.2
77,36.4,98,0
74,36.1,87.2,11.8
77,36.2,99.8,0
77,36.8,98.3,4.5
78,36.3,90.8,9.8
83,36,99.5,0
79,36.7,96.5,6.7
75,36.1,97.9,0
83,36.2,99.6,0
78,36.3,95.5,0.4
74,36,96.1,0
89,36.7,99,4.7
87,37.2,99.8,12.5
83,36.5,98.8,0
79,36.4,96.4,0.9
74,36.1,99.2,0
80,36.5,97.8,0.4
90,36.3,96.3,2.4
83,36.6,96.8,5.3
79,36.3,95.2,1.3
90,36.3,98.4,0
93,36.5,97.7,4.5
88,36.5,95.9,6.6
81,36.9,96.8,10.7
90,36.6,96.4,8.2
77,36.8,97.3,6.5
76,36,99.6,0
78,36.3,95.5,0.4
75,36.9,96,10.5
77,36.5,97,1.1
79,36.7,92,15.7
78,36.8,98,5.4
82,36.7,95.3,10
79,36.4,99.7,0
87,36,100,0
92,36.3,95.3,5
88,37,96.7,15
82,36.7,99.2,2.2
80,36.3,99.5,0
82,36.7,96.9,6.8
91,36.7,98.5,6.3
84,36.9,98.7,7.8
82,36.2,97.7,0
81,36.5,96.4,3.5
81,36.8,98.7,4.9
81,37,95.6,15.1
81,37,96.3,13.7
81,36.5,97.3,1.7
79,36.4,99,0
94,36.5,96.4,7.4
94,36.5,92.2,15.8
84,36.3,97,0
92,36.2,99.2,0
84,36.5,99.5,0
91,36.7,99.3,4.7
87,35.5,95.7,0
88,36.9,99.2,8
81,36.3,96.6,0
83,36.7,96.2,8.5
84,36.5,96.9,3.4
92,36.4,96.5,4.6
82,36.4,97.1,0.4
74,36.8,92.3,15.6
72,36.6,96.5,2.6
75,36.5,92.5,9.5
77,36.7,99,1.1
79,35.8,97.8,0
77,36.5,97.4,0.3
78,36.3,97.4,0
80,36.3,95.9,0.2
79,36.4,97.6,0
79,36.4,98.5,0
78,36.5,97.1,1.2
77,36.5,98.7,0
77,36.4,99.4,0
78,36.3,98,0
72,36.4,95.6,0.4
79,36.1,96.9,0
77,36.5,95.7,3.7
80,36.6,96.1,5.8
78,36.6,97.2,3
78,36.1,99.6,0
61,36.2,95.8,0
74,36.8,97.3,5.6
73,36.4,95.8,0.3
76,36.3,96.1,0
75,36,95.8,0
79,36.6,95.3,7.1
81,36.6,97.9,2.5
81,36.4,99.3,0
91,36.2,99.4,0
84,36.4,98,0
60,35.8,97.9,0
72,36.8,95.9,7.8
78,36.1,96.7,0
80,36.5,95.2,5.6
76,36.4,98.6,0
89,37,96.5,15.7
81,36.8,98.7,4.9
100,36.1,97.4,0
89,36.1,96.5,0
83,36.3,93,6.9
97,36.7,96.1,12.9
81,36.3,99.4,0
81,36.8,96.7,8.9
74,36.3,98,0
89,38.8,99.4,45.9
95,37,98.5,13.5
94,36.7,96.4,11.4
88,36.3,95.7,3
83,36.8,97.4,8.1
74,36.7,96.6,5
98,37,99.1,13.2
84,36.8,98.2,6.8
109,36.9,97.8,17.1
81,36.8,97.5,7.3
81,36.3,95.4,1.5
81,36.7,95.7,8.9
81,36.3,95.3,1.7
80,36.3,96.1,0
91,35.9,95.9,0
76,36.8,95.6,9.6
83,36.1,94.1,0.7
82,35.9,99.9,0
81,36.1,95.6,0
99,36.1,98.6,0
95,37,100,10.5
85,36.3,99,0
92,36.3,98.4,0
93,36.1,97.7,0
84,35.8,96.5,0
91,36.3,97.5,0.3
102,36.7,95.6,15.4
105,36.2,90.4,16.7
87,36.4,99.6,0
75,36.4,95.1,2.3
89,36.5,97.1,4.5
83,36.3,97.2,0
91,37.1,96.5,18.3
93,36.7,96.3,11.3
84,37,99.3,8.6
86,36.3,95.4,3
109,36.3,99.9,0.9
93,36.5,99.9,0.1
94,36.9,97,14.2
94,36.4,95.3,7.6
81,36.4,98.1,0
83,36.5,99.8,0
80,36.9,95,14
90,36.9,96.5,14
93,36.5,97.4,5.1
94,38.8,97.8,50.6
95,36.2,99.4,0
85,37.1,96.3,16.9
72,37,98.7,6.2
71,36.7,99.6,0
78,36.5,98.1,0
99,36.6,99.5,4.7
86,36.2,98.3,0
82,36.7,90.2,20.2
109,36.9,99.6,13.5
88,36.7,98.8,4.8
83,36.1,99.5,0
79,36.8,97.2,7.3
81,36.5,97.9,0.5
81,37.1,99,10.3
76,36.4,99.8,0
72,36.8,98,3.6
65,36.1,97.1,0
64,36.4,98.8,0
69,36.5,99.5,0
70,36.6,97.1,0.8
82,36.9,95.1,14.4
81,36.3,96,0.3
81,37,96.8,12.7
91,35.9,96.9,0
84,36.8,97.4,8.4
109,36.8,95.7,19.3
85,36.6,96.3,6.9
75,36.6,99.8,0
79,36.8,98.7,4.3
81,37,98.1,10.1
81,36.4,97,0.3
99,36.7,95.6,14.5
86,36.2,99.8,0
82,36.1,99.3,0
91,36.1,98.1,0
87,36,95.7,0
92,36.2,98.6,0
94,36.5,98.6,3
88,36.5,98.8,0.8
78,37,98.8,7.8
83,36.2,98.9,0
81,36.6,96.8,4.7
85,36.6,98.2,3.1
97,36.7,95.8,13.5
84,36.6,99.4,0.4
79,36.3,93.1,5.5
84,36.7,97,7.2
78,36.1,95.8,0
79,36.4,99.5,0
84,36.2,97.4,0
85,36.4,97.5,0.5
75,36.6,96.2,4.1
78,36.6,97.4,2.6
80,36,99.1,0
79,36.3,97,0
90,36.2,98.3,0
76,36.5,99.5,0
89,36.4,95.1,6.5
87,36.9,95.8,14.5
86,36.5,100,0
75,36.5,97.6,0
83,37.2,95.5,19.9
82,36.3,96.2,0.2
91,36.6,93.8,13.7
84,36.2,97.7,0
100,36.4,95.4,9.2
90,36.5,92.7,13.6
83,36.4,97.8,0
77,36.9,99.3,4.5
90,36,98.5,0
93,36.2,98,0
84,36.2,95.9,0
82,36.6,99.5,0
81,35.9,94.4,0
91,36.7,98.8,5.7
80,35.9,93.7,0
80,37,95.4,15.2
101,36.4,95.8,8.7
96,36.5,98.2,4.4
85,36.8,96.5,10.5
100,36.4,96.6,6.8
96,37.3,96.5,23.8
85,36.5,99.6,0
92,36.5,97,5.6
102,36.3,96.2,6.2
86,36.4,99.9,0
82,36.5,99.9,0
79,37,96.3,13.1
81,35.9,97.8,0
90,36.1,95.1,0.8
104,36.5,96.5,10.2
87,36.3,96.1,1.9
80,36.5,99.4,0
81,36.8,96.8,8.7
81,36.7,97.5,5.3
81,36.3,96.8,0
79,36.3,97.1,0
80,36.9,95.7,12.6
90,36.2,99.5,0
83,35.7,97.7,0
85,36.6,96.4,6.7
82,36.8,99.4,3.8
84,36.8,96.8,9.6
92,36.8,98.5,8.6
84,36.3,97.4,0
100,36.3,96.4,5.2
104,36.9,97,17.2
91,36.6,98,5.3
76,36.7,99.3,0.2
80,36.5,98.9,0
82,37.2,99.2,12.2
86,36.9,98.1,9.6
78,36.5,98.9,0
90,36.3,95.7,3.6
94,36.7,99.7,4.8
77,35.7,96.8,0
79,36.5,97.9,0
90,36.8,96.7,11.6
83,36.5,97.1,2.7
82,36,90.2,6.2
84,36.9,97.1,11
77,36.3,95.2,0.7
80,36.5,97.3,1.4
90,36.5,96.7,5.6
90,34.2,98.7,0
83,36.4,97.4,0.1
94,36.3,99,0
94,34.7,94.4,0
94,36.4,96,6.2
81,36.6,98.3,1.7
57,36.2,97.1,0
79,36.4,85.8,22.1
85,35.9,99.9,0
86,36.7,95,11.8
75,36.7,99.3,0
84,36.2,96.1,0
78,36.4,95.4,2.6
77,36.5,98.1,0
76,36.3,95.5,0
95,36.4,96.4,5.7
81,36.5,96.6,3.1
91,36.4,97.6,2.1
87,38.3,95.5,43.1
86,36.7,97,7.8
75,36.6,97.5,1.5
93,36.7,98.9,6.1
83,36.8,96,10.9
74,37.1,97.2,11.8
89,36.5,95.4,7.9
82,36.9,95.8,13
89,36.4,97.8,1.1
79,36.9,99.9,3.9
80,36.3,99.5,0
81,36.4,96.9,0.5
91,36.4,95.9,5.5
84,36.2,98,0
85,36.1,99.9,0
75,36.4,98.7,0
93,36.8,95.3,15.3
84,36.5,97.2,2.8
91,36.5,97.6,4.1
99,36.7,98.8,8.1
95,36,97.6,0
85,36.1,98.3,0
85,36.3,98,0
103,36.2,96.3,4.3
107,36.7,93.7,20.7
102,36.3,96.2,6.2
94,37,97.2,15.8
79,36.3,97.6,0
96,36.4,98.4,2
94,36.9,99.4,9.4
100,36.5,97.8,6.4
101,36.5,91.7,18.9
97,36.5,98.8,3.5
95,36.3,98.1,0.3
105,36.8,96.2,17.1
108,36.6,96.4,13.6
103,36.7,95.8,15.3
101,36.7,97.8,10.7
101,36.5,99,4.3
62,36.5,98.5,0
69,36.6,95.7,3.3
88,36.9,96.1,14.2
87,36.5,91.3,15.5
92,36.7,96.6,10.4
83,36.6,91.1,16.7
80,36.7,99,2
90,36.1,99,0
93,36.1,98,0
100,36.9,100,10
81,36.9,98.3,7.7
81,37,97.8,10.7
95,36.3,94.1,8.3
94,36.7,99.5,5.2
84,35.8,99,0
80,36.4,99.4,0
90,36.7,99.1,4.8
83,36.4,98.1,0
91,36.6,96.5,8.3
93,36.6,95.7,10.5
93,36.5,91.9,16.1
65,37,95.2,11.1
86,36.1,96.4,0
62,36.2,99.6,0
99,36.7,95.2,15.3
105,36.1,99,0
79,36.3,99,0
84,36.4,97.5,0.2
63,34.7,95.7,0
75,36.5,95.9,2.7
79,36.6,99.2,0
79,36.2,96.6,0
83,34.6,95.7,0
85,36.6,95.9,7.7
86,36.5,92,13.8
75,35.9,99.6,0
72,37.1,96.1,13.4
82,37,97.5,11.6
69,36.9,98.5,3.7
88,36.6,96.4,7.6
78,36.1,99.6,0
80,36.8,99.7,2.6
77,36.8,97.8,5.5
76,36.1,99.3,0
78,36.6,96.7,4
56,36.6,97.6,0
74,36.3,95.9,0
74,36.4,96.9,0
89,36.2,93.2,6.3
93,36.7,95.1,13.7
60,36.5,97.5,0
85,36.7,97.6,6.3
78,36.3,96.2,0
90,36.6,97.8,5.4
97,37.1,87.5,38.1
82,36.3,96.6,0
57,36.6,95.8,0
75,36.5,93,8.5
79,36.4,99.5,0
83,36.9,99,6.9
81,36.7,98.7,2.9
91,36.8,99,7.3
87,36.5,95,8.1
92,36.8,99.8,6
94,36.1,99.6,0
94,36.5,96.9,6.4
88,36.4,96.9,2.6
99,36.4,95.9,7.9
82,36.9,96.4,11.8
81,36.7,96.2,7.9
81,36.9,97.5,9.3
81,36.2,97.2,0
90,36.7,98.6,5.8
93,36.5,98.3,3.3
94,36.4,95.8,6.6
82,36.7,97.4,5.8
91,36.1,91,9.3
84,36.9,99.2,6.8
82,36.7,96.9,6.8
85,36.6,97.9,3.7
94,36.3,99.1,0
94,36.1,99.7,0
94,36.4,99.1,0
94,36.6,98.3,5.6
72,36,98,0
88,37,99.7,9
83,36.7,96.2,8.5
78,36.5,97.6,0.2
90,36.4,97.8,1.4
83,36.5,96.3,4.3
90,36.5,97.3,4.4
93,36.4,95.1,7.7
94,36.8,99.1,8
84,36.4,99.9,0
91,36.6,98,5.3
98,36.5,99.9,1.6
95,36.7,91.1,22.3
93,36.6,98.1,5.7
93,36.5,94.5,10.9
94,36.1,99.1,0
84,36.7,96.5,8.2
86,36.4,99.3,0
95,36.7,95.4,13.7
94,37,96,18.2
94,36.4,90.8,16.6
81,36.2,99.5,0
96,36.9,98.7,11.4
89,36.4,99.2,0
98,36.6,95.9,11.6
95,36.8,95.8,14.9
94,36,96.6,0
95,36.6,98.4,5.7
94,36.8,99.2,7.8
81,36.1,97.7,0
91,36.2,97,0
84,36.5,99.9,0
81,36.5,98.7,0
84,36.3,97.7,0
81,36.4,98.8,0
81,35.9,95.7,0
81,36.4,98.4,0
81,36.4,97.1,0.1
68,36.8,98.6,1.2
65,36.7,98.1,0
70,37.1,99.9,5.2
68,36.4,96.9,0
66,36.2,95.3,0
60,36.3,99,0
68,36.6,96.9,0.6
69,36.6,96.7,1.3
65,36.9,97.5,4.5
59,36.6,99.2,0
65,36,95.5,0
66,36.3,96.6,0
64,36.4,90.7,7.8
66,36.6,95.4,3
67,36.6,98.3,0
65,36.6,96.4,0.7
65,36.7,97.5,0.5
77,36.8,96.2,8.7
90,36,97.5,0
93,36.6,95.6,10.7
94,36.5,95.5,9.2
84,36.5,97.4,2.4
84,36.5,99,0
91,35.9,99.8,0
98,36.4,97.4,4.6
96,36.6,96.9,9
81,36.9,94.6,15.1
62,36.5,95.3,5.66E-15
97,36.6,98.5,6.1
81,36.7,97.3,5.7
81,36.2,90.2,9.9
69,38,96.7,29.3
87,36.5,94.8,8.5
98,36.1,96.9,0
95,36.1,96.7,0
112,36.3,98.9,3.8
85,36.6,95.2,9.1
92,36.6,97,7.6
81,36.5,95.1,6.1
74,36.5,94.6,5
79,36.9,98.4,6.9
83,36.4,89.1,16.7
77,36.5,96.3,2.5
80,36.6,97.7,2.6
84,36.6,99.8,0
78,36.6,98.5,0.4
76,36.5,95.1,4.6
90,36.6,97.5,6
98,36.8,98.6,10.2
96,36.1,99.1,0
85,36.7,96.6,8.3
92,36.5,98.4,2.8
88,36.4,95.4,5.6
81,36.4,95.4,3.5
85,36.3,98.5,0
94,36.7,97.5,9.2
105,37.2,98,21.5
102,37.1,96,22.6
97,36.5,97.5,6.1
112,36.8,98,15.6
85,36.8,95.1,13.3
78,36.9,99.7,4
90,36.5,96.4,6.2
104,37,98.1,17
91,36.4,96.4,4.5
87,35.6,95.8,0
93,36.8,97.5,10.9
99,36.5,98.7,4.3
102,36.2,99,0
96,36.8,95.5,15.8
95,36.8,95.1,16.3
97,36.3,99.1,0
101,36.8,93.7,20.9
96,36.6,98.9,5
93,36.5,95.3,9.3
94,36.4,97.6,3
91,36.7,95.5,12.3
89,36.8,99,6.7
93,36.9,95.4,17.1
94,36.4,95.3,7.6
94,36.5,96.8,6.6
93,35.9,96.5,0
89,36.2,98.1,0
87,36.5,99.1,0
92,36.6,98.6,4.4
87,36.4,97.5,1.1
91,36.6,95.1,11.1
93,36.5,95.8,8.3
89,36.4,98.1,0.5
90,36,98.2,0
87,37.3,99,16.1
86,37,97.5,12.8
87,37,99.9,8.3
75,36.5,95,4.5
82,36.2,93.3,4
85,37,97.3,12.9
81,36.8,98.8,4.7
79,36.7,97.7,4.3
90,36.2,96.5,5.68E-14
85,36.3,97.7,0
80,36.1,97.2,0
84,36.3,97.8,0
88,37,97.9,12.6
89,37.1,96.6,17.5
82,36.3,95.6,1.4
79,36,96.8,0
80,36.5,98.7,0
82,36.5,97.9,0.8
85,38.7,93.6,54.3
85,36.3,99.3,0
81,36.6,98.2,1.9
91,36.6,97.6,6.1
93,36.2,99.2,0
94,36.8,93.9,18.4
95,36.6,96.6,9.3
85,36.9,95.6,14.3
92,36.7,96.9,9.8
98,37,99.7,12
85,38.7,98.2,45.1
80,36.9,97.3,9.4
90,36.2,97,0
82,37.2,98.4,13.8
82,36.6,96.5,5.6
81,36.7,97.9,4.5
79,36.2,97.1,0
78,36.2,98.6,0
78,36.5,97.6,0.2
82,36.5,97.6,1.4
79,36.2,97.7,0
79,38.2,96.2,37.3
88,36.5,98.9,0.6
101,37,100,12.3
96,36.4,93.3,12.2
100,36.2,99.1,0
98,36.7,95.8,13.8
95,36.4,95.2,8.1
85,36.5,98.6,0.3
92,37.1,99.9,11.8
84,36.8,91.2,20.8
88,36.5,97.3,3.8
79,36.4,97.3,0
95,36.3,98.8,0
95,36.8,96.3,13.9
88,36.8,97.1,10.2
93,36.7,99.9,4.1
82,36.2,97.9,0
91,36.1,95.2,0.9
88,36.4,98.6,0
92,36.2,98,0
83,36.8,96.6,9.7
91,36.5,95.6,8.1
93,38.6,97.4,47.1
103,36.2,99.7,0
82,36.5,98.3,5.33E-15
91,35.9,97.4,0
99,36.5,96.5,8.7
94,36.3,98.7,0
95,36.9,95.7,17.1
94,37.2,99.7,14.8
94,36.3,97.8,0.6
99,36.7,95.2,15.3
84,38.6,99,41.2
91,36.3,97.2,0.9
93,36.1,99.5,0
95,36.5,97.8,4.9
99,36.5,97.7,6.3
101,36.8,99.1,10.1
96,36.7,98.8,7.2
101,36.3,95,8.3
79,36.7,97,5.7
91,35.7,98.8,0
76,36.7,96.4,6
84,36.6,97,5.2
91,37.2,94.6,24.1
93,37.1,98.4,15.1
84,36,95.4,0
82,36.3,98.5,0
81,34.2,96.7,0
99,36.8,93.3,21.1
95,34.2,98.5,0
94,36.3,99.5,0
88,36.6,99.4,1.6
83,36.5,93.9,9.1
91,35.7,98.5,0
84,36.4,97.4,0.4
82,36.6,95.6,7.4
91,36.9,98.1,11.1
93,36.4,98.8,0.3
94,36.5,92.5,15.2
88,36.7,95.2,12
95,36.4,96.9,4.7
95,36.8,91.2,24.1
95,36.5,99.3,1.9
77,36.2,99.4,0
78,36.1,99.2,0
84,36.7,98.4,4.4
81,36.4,86.2,21.9
81,36.3,95.5,1.3
80,38.5,97.9,40.2
79,36.5,99.2,0
90,35.5,93.7,0
82,37.1,95.8,17
81,36.7,98.2,3.9
74,36.6,99.9,0
95,36.3,93.5,9.5
94,36.4,98.7,0.8
88,36,98.8,0
92,36.2,97.2,0
94,37,97.7,14.8
105,36.5,93.9,15.7
97,36.7,100,5.1
82,36.4,97.4,0
81,36.6,99.6,0
99,36.6,98.1,7.5
95,36.2,98.2,0
88,36.2,97.6,0
87,36.1,98.1,0
86,36.5,97.3,3.2
92,37.1,95,21.6
88,36.7,97.9,6.6
86,36.2,98,0
80,34.3,97.4,0
79,36.6,98.7,0.3
83,36.5,96.9,3.1
84,35.9,95.1,0
79,36.4,96.5,0.7
80,36.3,96.7,0
79,36.4,95.5,2.7
78,36.4,98.4,0
83,36.3,99.2,0
78,36.2,96.4,0
78,36.3,98.1,0
78,36.8,96.2,9
73,37.1,96.5,12.9
77,36.5,99.6,0
78,36.8,96.3,8.8
78,36.5,95.9,3.6
78,36.3,98.2,0
79,36.4,95.3,3.1
80,36.5,98.5,0
85,36.7,95.9,9.7
80,36.4,100,0
99,36.9,90.9,27.9
84,37,97.3,12.6
82,36.6,99.7,0
74,36.8,99.4,1.4
78,36.5,95.1,5.2
78,36.1,96.9,0
83,36.3,99.5,0
79,36.6,95.9,5.9
78,36.2,95.4,0
78,36.1,99.5,0
78,36.6,97.9,1.6
84,36.2,96.4,0
79,36.8,95.4,10.9
78,36.7,96.2,7
78,36.5,97.5,0.4
83,36.2,99.2,0
80,36.8,90.4,21.2
74,36.4,96.1,0
55,36.9,97.3,1.9
74,37,96.8,10.6
77,36.7,100,0
90,36.7,87.7,27.6
76,36.8,95.3,10.2
61,36.4,97.1,0
73,36.3,99.4,0
77,36.2,96.3,0
78,36.9,93.5,16.4
84,36.4,97.2,0.8
78,36.4,98.6,0
79,36.4,95.1,3.5
112,36.4,99.6,4.4
65,36.4,98.2,0
103,36,96.9,0
97,36.8,98,11.1
66,36.6,95.8,2.2
77,36.5,98.3,0
101,36.7,95.4,15.5
107,36.7,95.6,16.9
63,36.4,95.9,0
94,35.9,97.4,0
96,36.5,96.5,7.8
103,39,95.9,61.1
97,37.1,98,17.1
85,36.4,99.5,0
91,36.1,96,0
84,36.4,98.3,0
74,36,96.5,0
89,36.4,96.8,3.1
83,36.3,97.2,0
82,36.3,98.4,0
112,36.5,97.1,11.4
105,36,90.5,12.5
102,36.3,97,4.6
102,36.5,98.1,6.4
87,36.4,96.3,3.5
92,36.2,97.6,0
94,36.6,97.7,6.8
84,36.1,99.1,0
91,36.5,96.9,5.5
104,36.5,99.3,4.6
82,36.7,95.4,9.8
82,36.6,95,8.6
81,36.6,99.7,0
92,36.3,95.5,4.6
82,36.2,99,0
91,36.4,96.7,3.9
82,34,95.6,0
89,36.7,96.2,10.3
101,36.6,98.8,6.7
84,36.5,96.1,5
80,36.5,99.1,0
88,36.4,99.4,0
81,36.6,97.5,3.3
78,36.5,97.4,0.6
86,36.5,99.4,0
90,36.7,91.5,20
92,36.3,97.5,0.6
89,36.2,96.3,0.1
89,36.9,99.2,8.3
94,36.1,99.3,0
94,36.3,98.6,0
100,36.7,95.9,14.2
96,36,96.3,0
85,36.1,94.3,0.9
92,36.8,95.8,14
94,36.9,98.7,10.8
84,36,99.4,0
103,36.2,97.1,2.7
82,36.4,93.1,8.4
81,36.3,97.2,0
97,36.6,91.3,20.5
95,36.6,97.3,7.9
97,36.3,98.9,0
80,36.4,95.3,3.4
81,36.8,97.8,6.7
80,36.4,98.8,0
92,36.4,95.6,6.4
92,36.4,99.6,0
87,36.7,98.4,5.3
110,36.5,95.2,14.6
98,35.7,99.7,0
86,35.7,94.9,0
82,36.3,95.9,0.8
91,36.5,97.2,4.9
93,36.3,96.6,2.7
94,36.3,95.9,4.4
87,36.4,95.6,4.9
70,37,99.7,3.6
91,36.2,98.3,0
93,36.5,98.9,2.1
94,36.7,98.4,7.4
95,36.4,98.3,1.9
81,36.5,93.8,8.7
74,37,99.7,4.8
90,36.3,97.1,0.8
93,36.4,97.5,2.9
94,36,92.7,4.8
95,36.6,95.1,12.3
94,36,97.2,0
94,36.7,96.6,11
98,36.7,97.5,10.4
105,36.3,99.1,1.3
92,36.5,95.6,8.4
82,36.4,95.8,3
91,37,96.7,15.9
82,36.5,96.9,2.8
91,36.4,90.2,16.9
81,36.5,96.2,3.9
79,36.5,98.1,0
90,36.2,97.2,0
83,36.1,98.2,0
85,36.8,99.2,5.1
95,36.3,95.9,4.7
81,36.3,97.2,0
91,36.8,97.6,10.1
86,36.8,97.4,9
79,36.5,96.8,2.1
86,36.4,99.5,0
82,37.1,97.2,14.2
79,36.3,87.7,16.3
78,36.3,98.8,0
83,36.4,96.6,1.7
78,36.7,95.5,8.4
83,36.4,98.7,0
85,36.2,99.6,0
84,36.3,98.1,0
92,36.6,95.7,10.2
92,36.6,99.4,2.8
79,36.4,98.3,0
95,36.9,98.2,12.1
94,37.5,97.8,24.6
88,36.3,97,0.4
83,36.6,96,6.9
84,36.8,96.6,10
82,36.7,96.2,8.2
89,36.5,97.4,3.9
57,36.8,97.6,0
78,36.6,98.4,0.6
96,36.4,99.2,0.4
79,36.3,98.4,0
80,36.8,97.5,7
90,36.7,95.9,11.2
88,36.3,96.7,1
86,36.3,99.1,0
82,36.7,100,0.6
81,36.5,98.7,0
74,36.8,98,4.2
83,36.3,91.6,9.7
105,36.6,95.5,14.5
91,36.6,97.8,5.7
83,36.5,93.9,9.1
82,36.6,99.6,0
97,36.8,96.9,13.3
94,36.6,99.7,2.8
94,36.5,98.5,3.2
94,36.8,95.4,15.4
98,36.5,95.5,10.4
88,36.5,98,2.4
92,36.7,98.5,6.6
88,36.2,97,0
87,36.7,97.1,7.9
85,36.9,96.6,12.3
92,35.8,99.9,0
103,36.4,99.3,2.3
96,34.2,96.9,0
81,36.5,95.2,5.9
83,36.2,96.1,0
104,36.4,98.6,4
87,36.9,99.3,7.5
97,36,98.8,0
82,36.8,95.7,11.2
81,36.2,97,0
91,37.1,96.5,18.3
64,36.3,99.2,0
88,36,95.6,0
75,36.4,97.6,0
89,36.9,98,10.7
76,36.1,95.6,0
89,36.6,97.8,5.1
77,36.5,99.9,0
80,36.4,97.7,0
81,36.6,98.5,1.3
98,35.5,92.3,0
106,37,99.2,15.4
96,36.7,99.3,6.2
94,35.9,96.7,0
99,36,96.8,0
78,36.7,87.6,24.2
83,36.3,97.4,0
95,36.4,94.9,8.7
110,36.3,95.2,10.6
98,36.8,99.3,8.8
79,36.1,99.2,0
108,36.5,96.7,11
92,36.9,97.2,13.2
93,36.4,96.7,4.5
99,36.3,97.9,1.9
101,37.1,99.3,15.7
86,37,97.4,13
90,36,99.3,0
59,36.1,96.3,0
83,36.6,95.8,7.3
79,36.5,97.4,0.9
92,36.2,96.9,0
94,36.5,98.2,3.8
95,36.5,99.8,0.9
118,36.8,98.6,16.2
91,36.5,94.7,9.9
99,36.3,95.4,6.9
89,36.4,99.8,0
96,36.1,99.5,0
105,36.5,95.7,12.1
108,36.6,97.8,10.8
98,36,95.1,1.2
100,36.5,96,10
86,36.5,96.5,4.8
106,36.8,97.3,15.2
127,36.6,100,12.1
134,36.7,91.3,33.6
136,35.7,95.5,5.8
87,36.7,91.3,19.5
89,36.8,91.9,20.9
127,36.9,96.2,25.7
103,36.6,96,12.9
81,36.3,95.2,1.9
107,36.3,96.5,7.1
98,36.7,97.2,11
96,36.3,97.8,1.2
94,36.7,96.2,11.8
76,36.1,97.8,0
90,36.2,95.6,1.8
104,36.3,98.7,1.8
97,36.5,96.6,7.9
129,35.9,95.5,7.7
126,36.8,95.9,24
103,36.5,95,12.9
96,36.4,99.9,0
95,36,98.2,0
80,36.7,96.6,6.8
95,37,98.2,14.1
85,36.4,96.9,1.7
92,36.1,95.1,1.4
84,36.6,98.2,2.8
82,36.8,96.6,9.4
91,35.9,93.6,0.1
117,36.6,96.6,15.9
90,36.5,95.5,8
93,36.8,96.5,12.9
102,35.8,99,0
120,36.5,93.2,21.6
91,36.6,96.3,8.7
93,35.9,90.5,6.9
84,36.3,95.6,2
92,36.4,99.5,0
87,36.8,99.1,5.9
86,36.6,95.4,9
88,36.6,97.9,4.6
83,34.6,99.3,0
81,36.3,97.8,0
89,37,95.3,18.1
93,36.5,97.1,5.7
117,36.1,97.7,3.7
100,36.4,96.7,6.6
82,36.4,95.7,3.2
93,36.4,95.4,7.1
94,36.2,95.9,2.4
84,36.9,95.7,13.8
91,36.7,98.3,6.7
84,36.5,99.3,0
94,37,95.9,18.4
94,36.6,99,4.2
94,36.5,97.6,5
109,36.2,95.3,8.1
88,36.3,98.4,0
76,36.5,99.5,0
100,36.3,98.9,0.2
90,36.1,98.3,0
82,35.8,98.2,0
88,36.4,98.1,0.2
86,36.4,95,5.8
92,36.5,99.5,0.6
88,37.5,99.5,19.4
92,36.1,99,0
86,36.2,98.4,0
93,37.2,99.1,15.7
77,36.2,97.6,0
80,36.8,98.3,5.4
81,36.6,97.9,2.5
68,36.2,95.6,0
77,36.7,97.7,3.7
90,37.1,96.2,18.6
80,36.4,95.7,2.6
90,36.3,95.3,4.4
90,36.6,95,11
91,35.9,95.7,0
93,36.4,96.3,5.3
84,36.7,97.3,6.6
107,36.9,95.2,21.7
108,34.2,95.7,0
98,35.7,98.7,0
95,36.9,96.2,16.1
111,36.9,99.8,13.7
99,36.6,93.8,16.1
106,36.6,98.1,9.6
83,36.4,91.7,11.5
102,36.3,96,6.6
107,37.1,96.9,22.3
103,36.8,99.2,10.5
102,38.1,95.5,43.6
102,36.2,95.3,6
102,36.2,94.8,7
96,36.3,99.5,0
100,36.5,97.5,7
82,36.3,90.2,12.2
81,36.7,93.5,13.3
81,36.5,96.6,3.1
81,36.8,98.4,5.5
79,37.2,95.7,18.3
99,36.6,95.4,12.9
81,36.5,97,2.3
81,36.7,97,6.3
81,36.7,98.1,4.1
91,36.6,98.9,3.5
96,36,95.6,0
100,36.9,99.9,10.2
96,36.6,93.4,16
89,36.5,99.5,0
104,36.5,96.1,11
103,35.4,95.8,0
101,36.7,96.9,12.5
101,36.4,92.8,14.7
97,36.8,97.6,11.9
95,36.5,96.4,7.7
95,37.1,97.2,18.1
85,36.5,98,1.5
85,38.9,99.2,47.1
74,36.4,96.5,0
77,36.3,96.3,0
78,36.6,99.2,0
80,36.3,98.7,0
77,36.2,96.4,0
73,36.3,85.5,18.9
77,36.7,91.8,15.5
89,35.9,95.2,0
93,36.1,99,0
84,36.8,99.6,4
82,35.8,98.5,0
81,36.6,96.1,6.1
81,36.6,99.9,0
81,36.3,99.9,0
74,36.4,96.3,0
75,38.3,98.2,34.1
89,36.5,96.4,5.9
83,36.5,98.2,0.5
79,36.6,95.9,5.9
90,36.1,98.5,0
82,36.8,95.4,11.8
78,36.3,98.8,0
73,36.4,97.6,0
72,36.3,95.7,0
71,36.7,92.5,12.3
71,36.5,98.1,0
78,36.2,95.9,0
78,36.8,98.2,5
78,36.4,98.4,0
72,36.7,97.5,2.6
71,36.3,98.7,0
71,36.6,98.1,0
72,36.1,95.7,0
82,36,97.4,0
91,36.6,98.5,4.3
100,36.5,95.8,10.4
96,36.2,100,0
97,35.9,98.9,0
84,37.3,98.2,16.8
91,36.5,98.3,2.7
87,36.4,97.5,1.1
95,36.3,96.4,3.7
77,36.7,98,3.1
88,36.8,98.5,7.4
79,36,97.5,0
90,38.8,90.2,64.6
93,36.3,96.9,2.1
88,36.3,99.7,0
86,37,99.9,8
80,36.3,95.7,0.6
90,36.3,99.5,0
87,36.4,90.9,14.3
86,36.6,98.5,2.8
71,36.5,96,1.3
81,36.5,94,8.3
91,36.6,95.7,9.9
75,36.8,98.1,4.3
78,36.8,97.4,6.6
78,36.6,95.3,6.8
73,36.9,97.6,6.7
64,36.5,97.3,0
69,36.1,98,0
76,36.7,95,8.8
67,36.6,99.8,0
53,36.8,91.8,10.3
63,36.5,96.7,0
80,36.4,98.9,0
73,36.2,97.1,0
79,36.8,99.8,2.1
84,36.4,93,9.2
80,36.4,95.3,3.4
78,36.4,99.9,0
78,36.4,97.5,0
90,36.3,96.5,2
87,35.7,95,0
93,36.4,96,5.9
84,36.7,95.7,9.8
82,36.8,95,12.6
78,36.5,89.1,17.2
80,36.5,97,2
79,37,97,11.7
90,36.4,99.9,0
87,36.5,98.5,1.1
86,36.1,99.7,0
86,36.3,98.4,0
92,36.4,96.3,5
87,36.6,95.7,8.7
92,36.8,97.9,9.8
94,36.6,99.6,3
94,36.3,95.1,6
71,36,95.1,0
75,35.9,98.1,0
83,36.7,95.6,9.7
87,37,97.3,13.5
86,36.3,97.4,0
80,36.4,99.6,0
76,36.3,96.6,0
90,36.7,97.2,8.6
83,36.5,95.1,6.7
86,36.4,96.7,2.4
92,36.5,97.2,5.2
88,36.7,94.2,14
86,36.7,95.8,10.2
91,36.7,98,7.3
80,36.4,95.2,3.6
81,36.9,95.7,12.9
91,36.8,95.4,14.5
84,36.7,98,5.2
82,36.6,98.9,0.8
81,36.6,96.2,5.9
81,36,99.4,0
91,36.9,96.5,14.3
84,36.7,99.8,1.6
91,36.4,98.9,0
87,36.3,87,20.1
80,36.5,97.5,1
91,36.7,96.9,9.5
84,35.9,96.2,0
82,37.2,96,18.6
97,36.2,97.8,0
81,36.7,99.4,1.5
79,36.4,96.4,0.9
89,36.6,100,0.7
87,36,99.4,0
80,36.7,98.5,3
84,36.7,96.6,8
85,36,98.6,0
82,37.1,96.5,15.6
74,36.8,96.2,7.8
78,36.8,97.5,6.4
79,36.7,97.6,4.5
77,36.6,95.4,6.3
79,37.3,99.9,11.9
91,36.5,99.7,0
82,36.2,98.1,0
81,36.4,98.2,0
80,36.8,91.1,19.8
80,36.8,98.9,4.2
85,36.2,98.4,0
82,36.5,98,0.6
79,36.5,99.4,0
78,36.4,95.7,2
74,36.6,96.2,3.8
77,36.3,90.7,9.7
78,36.7,97.1,5.2
76,36.5,96.7,1.4
80,36.7,99.5,1
81,36.5,99.4,0
91,36.5,95.5,8.3
96,36.9,98.6,11.6
98,37.1,98.5,16.4
111,36.5,96,13.3
87,36.1,98.6,0
78,36.9,95.8,11.8
78,36.8,98.7,4
91,36.5,99.6,0.1
85,38.9,97.8,49.9
92,37.2,99.6,14.4
93,37.1,98.2,15.5
95,36.5,96.9,6.7
94,36.4,99.6,0
88,36.2,98.3,0
83,36.4,99.4,0
81,37,96.4,13.5
91,36.5,98.3,2.7
93,36.4,99.6,0
88,36.7,97.5,7.4
86,36.4,97.4,1
86,36.4,97.1,1.6
82,36.2,96.6,0
91,36.7,93.7,15.9
101,36.3,95.9,6.5
83,35.6,96,0
91,36.9,95.7,15.9
93,36.7,98.2,7.5
84,36.3,85.4,22.4
82,37,93.4,19.8
84,36.4,98.1,0
92,36.9,96,15.6
94,36.5,92,16.2
94,36,97.4,0
84,37,99.5,8.2
82,36.5,98.7,0
77,36.6,96.6,3.9
84,36.3,95.6,2
114,36.5,98.2,9.8
108,36.8,98.6,13.2
88,36.5,95.6,7.2
92,36.7,98.8,6
77,36.6,98.3,0.5
80,36.4,99.6,0
81,36.6,99.5,0
85,36.1,97.6,0
88,36.4,98.8,0
86,36.5,95.6,6.6
92,36.2,97.8,0
84,36.8,93.3,16.6
91,36.7,95.3,12.7
104,36.3,98.1,3
97,36.9,99.2,10.7
81,36.9,96.6,11.1
88,36.5,96.8,4.8
86,35.8,97.3,0
88,36.8,97.4,9.6
92,36,92.7,4.2
91,36.3,99.2,0
87,36.8,91.1,21.9
88,36.4,98,0.4
86,36.4,97.8,0.2
88,36.5,98.4,1.6
87,36.3,97.5,0
86,36.3,98.5,0
88,36.7,99,4.4
90,36.4,98,1
87,36.4,93.1,9.9
92,36.2,99.3,0
88,36.8,99.2,6
87,37.1,96.8,16.5
82,36.7,96.7,7.2
91,37,96.9,15.5
93,36.9,93.8,20.3
93,36.8,95.9,14.1
89,36.6,95,10.7
93,36.1,97.1,0
94,37,99.7,10.8
87,36.3,96.9,0.3
83,36.2,96.7,0
79,36.4,91.5,10.7
79,36.7,97,5.7
61,36.4,97.5,0
86,36.4,96.8,2.2
85,36.6,97.7,4.1
81,36,95.2,0
79,36.3,97,0
78,36.6,98.4,0.6
78,36.4,95.5,2.4
79,36.4,99.7,0
77,36.4,97.4,0
79,36.9,96.2,11.3
84,35,99,0
80,36.2,96.1,0
90,36.2,99.7,0
77,36.8,99.2,2.7
78,36.4,99.7,0
90,36.6,97.5,6
82,36.2,99.6,0
91,36.7,93.2,16.9
87,36.2,98.1,0
92,36.5,96.5,6.6
65,37.1,98.4,6.7
64,36.1,96.2,0
80,36.5,96.9,2.2
79,36.3,96.1,0
84,36.5,97,3.2
55,36.6,98.4,0
74,36.6,98.4,0
54,36.4,97.9,0
83,37,97.7,11.5
74,36.4,94,4.2
89,36.5,96.8,5.1
87,36.4,99.2,0
70,36.6,96.2,2.6
88,36.9,99,8.4
81,36.7,96.8,6.7
81,36.4,99.3,0
74,36.4,97.8,0
78,36.3,91.1,9.2
89,36.4,98.8,0
86,36.3,99,0
82,36.8,97.6,7.4
91,36.8,99.7,5.9
64,36.2,96.7,0
57,36.6,96,0
62,36.2,95.5,0
63,36.7,100,0
76,38.8,96,48.8
80,36.4,91.5,11
68,36.4,95.1,0.2
53,36.1,97.4,0
49,36.4,98.6,0
73,36.9,98.9,4.1
88,37.2,99.6,13.2
79,36.1,98.6,0
78,36.5,98.4,0
84,36.5,97.7,1.8
85,36.6,96.2,7.1
81,36.4,97.5,0
85,36.6,98.6,2.3
80,37,99.2,7.6
79,36.4,95.3,3.1
78,36.7,97.6,4.2
83,36.2,95.3,0.3
85,36.3,97.7,0
92,37,96.9,15.8
84,36.6,96.7,5.8
82,36.6,96.2,6.2
76,36.7,98.4,2
89,36.9,98.7,9.3
83,36,99.6,0
92,36.4,99.8,0
93,36.6,91,19.9
88,36.5,97.5,3.4
92,36.4,98.8,0
94,36.3,96.7,2.8
94,37,95.4,19.4
84,36.3,97.4,0
86,36.4,96.4,3
79,36.7,97.5,4.7
76,36.1,91.4,4
89,36,99.6,0
64,36.4,97,0
86,36.6,96.7,6.4
92,36.5,99.2,1.2
99,36.1,95.6,2.5
95,36.6,95.7,11.1
94,36.4,95.3,7.6
99,37.2,96.6,22.5
95,36.2,95.7,3.1
99,36.1,94.5,4.7
96,36.1,98.4,0
99,35.9,97,0
101,35.7,88.6,9.1
102,36.5,96.9,8.8
86,36.9,97.1,11.6
93,36.2,99.6,0
100,36.6,98.9,6.2
95,36.2,95.9,2.7
94,36.2,98.6,0
77,36.8,99.2,2.7
90,35.8,97.8,0
99,36.9,95.6,18.5
100,36.4,98.6,2.8
95,36.6,97.8,6.9
94,35.5,92.3,0
100,36.1,96.4,1.2
101,36.9,98.4,13.5
96,35.6,97.9,0
94,36.8,97.6,11
85,36.9,96.9,11.7
92,36.6,97.7,6.2
93,36.2,99,0
98,36.2,99.4,0
95,36.7,95.7,13.1
85,35.9,96.6,0
92,36.5,97.6,4.4
94,36,99.7,0
95,35.8,95.1,0
100,36,98.2,0
74,36.7,97.6,3
98,36.4,99.7,0
95,36.4,96,6.5
94,36.8,98.7,8.8
84,36.8,96.2,10.8
92,37.3,98,19.6
84,36.5,96.8,3.6
91,37,95.4,18.5
93,36.4,97.3,3.3
84,36.5,99.5,0
100,36.5,97.6,6.8
90,36.9,99.7,7.6
83,36.2,97,0
91,36.6,99.1,3.1
84,36.8,98.4,6.4
85,36.6,99.3,0.9
86,35.9,97.3,0
85,36.2,96.4,0
82,36.5,98.9,0
80,36.1,90.8,6.4
84,36.6,100,0
77,34.5,97.3,0
80,36.6,95.8,6.4
90,36.4,96.7,3.6
76,36.3,99.4,0
72,36.5,98.9,0
79,36.8,99.5,2.7
84,36.8,96.5,10.2
97,36.4,99.4,0.3
104,36.5,97.4,8.4
87,36.6,96.4,7.3
80,36.4,94.1,5.8
81,36.6,96.4,5.5
79,36.6,97.6,2.5
77,36.5,96.5,2.1
89,36.5,95.8,7.1
81,36.1,97.2,0
85,36.4,99.2,0
92,36.5,99.6,0.4
84,36.2,96.2,0
82,36.5,96.3,4
96,37,88.1,34.6
85,36.4,96.2,3.1
80,37,95.9,14.2
99,36.9,96.5,16.7
95,36.4,95.8,6.9
80,36.2,97.2,0
56,36.3,93.7,0
74,36.7,98.5,1.2
75,36.6,99.9,0
77,36,96.8,0
78,36.9,95.9,11.6
73,36.6,95.9,4.1
96,36.2,95.3,4.2
89,36.5,99.4,0
92,36.6,97.9,5.8
94,36.4,98.6,1
81,36.5,99.7,0
73,36.7,97.9,2.1
88,36.6,96.3,7.8
88,36.2,96.6,0
92,37.1,95.6,20.4
94,36.6,97.6,7
84,36.6,99.5,0.2
82,36.8,98,6.6
91,36.6,96.8,7.7
87,37,96.2,15.7
92,36.6,99.1,3.4
82,36.3,96.5,0
78,36.7,99.8,0
73,36.9,96.7,8.5
66,36.4,99.5,0
87,36.5,97.1,3.9
78,36.9,98.2,7
80,36.2,99.2,0
90,36.3,98.8,0
93,36.7,95.6,12.7
94,36.2,98.4,0
94,36.5,96.9,6.4
84,36.5,97.4,2.4
92,36.2,95.3,3
80,36.8,96,10
77,36.8,96.4,8.3
80,36.7,95.3,9.4
77,36.4,91,11.1
84,37,97.3,12.6
85,36.6,98,3.5
86,36.6,98.4,3
57,36,89.2,0.7
75,34.4,94.8,0
55,36.3,95,0
50,36.4,95.7,0
73,36.4,97.9,0
74,36.3,97.1,0
83,36.3,95.5,1.9
85,36.9,98.1,9.3
86,36.3,99.8,0
92,36.5,94.9,9.8
98,36.3,99.4,0
85,36.5,99.4,0
58,36.7,98.1,0
75,36.3,95.8,0
83,36.1,99.3,0
88,34.5,99.1,0
92,36.8,98,9.6
94,36.5,98.3,3.6
87,36.5,95.7,6.7
92,36.8,99.4,6.8
94,36.7,98.5,7.2
94,35.9,97.1,0
82,36.8,96.9,8.8
78,36.5,95.4,4.6
83,36.6,97.2,4.5
96,36.9,96.3,16.2
89,36.2,99.7,0
87,36.3,97,0.1
79,37.2,98.2,13.3
80,36.4,97.3,0
85,36.1,98.2,0
86,36.6,93.4,13
82,36.4,95.4,3.8
91,36.3,97.1,1.1
94,36.4,91.2,15.8
106,36.2,96.2,5.4
74,36.3,91.2,7.8
89,36.1,96.8,0
87,36,99.2,0
92,36.8,98.1,9.4
87,36.3,93,8.1
86,36.4,97.7,0.4
85,37,97.3,12.9
92,36.5,95.1,9.4
93,36.1,97.4,0
84,36.4,98.9,0
80,36.7,96,8
81,36.1,98.2,0
81,36.4,95.1,4.1
91,36.4,90.3,16.7
102,36.9,99.8,11
87,36.5,96.2,5.7
86,36.5,98.4,1
92,36.5,97.6,4.4
85,36.4,96.8,1.9
87,36.7,99.9,2.3
86,36.4,97,1.8
85,34.8,99.3,0
80,36.6,96.3,5.4
79,36.9,95.1,13.5
91,36.5,95.5,8.3
87,36.7,99.1,3.9
81,36.6,99.7,0
78,36.3,97.3,0
77,37,96.6,11.9
76,36.4,98.8,0
75,36.5,99.6,0
77,36.4,96.4,0.3
73,36.6,95.7,4.5
73,36.7,97,3.9
72,36.6,100,0
74,36.6,98.1,4.00E-14
76,36.4,99.9,0
81,36.2,96.5,0
79,36.2,95.2,0
73,36.5,99.8,0
77,36.6,95.1,6.9
78,36.8,96.8,7.8
90,36.1,94.9,1.2
88,36.1,95.6,0
79,36.6,99.5,0
78,36.7,97.1,5.2
79,36.2,97.4,0
79,37,99.3,7.1
84,36.5,96.1,5
86,36.5,98.1,1.6
86,36.3,95.1,3.6
80,36.3,96.9,0
79,36.6,96.9,3.9
79,36.2,95.1,0
78,36.5,95.5,4.4
83,36.4,99.6,0
85,36.8,97.3,8.9
86,36.7,99.5,2.8
82,36.1,99.1,0
85,36.3,95.7,2.1
88,37,97.7,13
88,36.7,100,2.4
79,36.4,96.4,0.9
84,36.6,98.6,2
91,36.6,95.7,9.9
79,36.1,97.2,0
90,36.5,98.5,2
87,36.1,96.5,0
86,36.1,97.2,0
81,36,96.5,0
85,36.2,95.4,0.7
91,36.5,95.6,8.1
82,36.9,92.8,19
81,36.3,99.9,0
91,36.2,95.6,2.1
87,36.1,99.3,0
78,36.5,95.8,3.8
90,36.8,98,9
93,36.9,96.8,14.3
88,36.3,98.5,0
83,36.3,96.6,0
81,36.8,97.1,8.1
81,36.5,98.7,0
81,36.4,92.1,10.1
90,36.3,98.1,0
83,36.8,95.6,11.7
74,36.4,98.5,0
72,36.2,95.1,0
76,35.9,99.3,0
89,36.5,95.6,7.5
76,36.1,98.2,0
72,36.4,96.7,0
76,36.1,92.5,1.8
78,36.1,93.3,0.8
91,36.2,95.9,1.5
93,36.5,95,9.9
117,36.3,97.4,8.3
86,36.3,99.3,0
86,36.9,95.1,15.6
92,36.1,99.8,0
81,36.3,96.9,0
85,36.6,98.4,2.7
78,36.8,95.5,10.4
76,38.2,96.7,35.4
78,37,97.2,11
90,36.2,95.1,2.8
83,36.2,99.5,0
102,36.8,86.8,35
90,36.9,98.7,9.6
83,36.3,98.3,0
78,36.4,95.6,2.2
80,36.7,96.2,7.6
100,36.6,99.9,4.2
91,36.8,96.1,13.1
59,36.6,97,0
75,36.7,97.8,2.9
90,36.8,86.3,32.4
105,36.7,99.4,8.7
98,36.4,95.6,8.2
95,36.6,98.6,5.3
85,36.7,98.3,4.9
86,36.7,97.7,6.4
80,36.5,96.9,2.2
110,36.3,98.1,4.8
98,35.6,98.6,0
95,36.6,96.1,10.3
80,36.6,96.8,4.4
101,36.3,99.9,0
96,36.4,96.3,6.2
106,36.6,96.7,12.4
84,36.4,96.4,2.4
82,36.6,99.7,0
91,37.1,97.6,16.1
84,36.4,95.1,5
91,36.9,96.9,13.5
93,36.4,97.5,2.9
81,37,97.1,12.1
81,36.5,95.9,4.5
91,37,99.3,10.7
84,36.5,96,5.2
77,36.2,95.4,0
90,35.9,92.3,2.4
81,36.5,98.9,0
91,36.8,99.6,6.1
84,37,95.8,15.6
78,36.4,96.3,0.8
78,35.8,95.1,0
78,36.2,96.8,0
61,36.4,96.3,0
79,36.8,99.4,2.9
84,36.7,95.4,10.4
85,36.3,98.9,0
80,36.5,99.2,0
81,36.9,96,12.3
79,36.8,96.4,8.9
78,36.8,96.9,7.6
90,37,95.3,18.4
80,36.5,91.8,12.4
85,36.6,97.1,5.3
85,36.5,95.4,6.7
86,36.3,96.4,1
81,36.4,98.2,0
85,36.7,99.8,1.9
84,36.6,98.8,1.6
87,36.2,98.4,0
63,36.2,98.3,0
80,36.3,97.6,0
80,36.9,99.4,5.2
84,36.2,98.1,0
82,36.7,98.7,3.2
77,36.3,96.6,0
78,36.3,95.8,0
77,36.5,99.6,0
84,37.1,99.6,10
111,36.7,95.8,17.7
99,36.5,97.8,6.1
106,36.5,98.6,6.6
114,36.9,99.2,15.8
99,36.5,95.6,10.5
97,37,98.8,13.5
82,36.5,96.5,3.6
92,36.4,96.7,4.2
87,36.5,95.6,6.9
83,36.4,96.4,2.1
81,36.6,96.6,5.1
81,36.2,99.1,0
95,36.8,96,14.5
94,36.7,99.3,5.6
94,36.3,97.9,0.4
94,36.8,98.3,9.6
81,36.5,97.7,0.9
85,36.5,96.8,3.9
97,36.2,95.1,4.9
101,36.9,95.7,18.9
96,36.4,96.5,5.8
100,36.6,98.9,6.2
102,36.8,96.6,15.4
78,36.3,96.2,0
80,37,98.6,8.8
81,36.4,96.9,0.5
57,36.5,98.9,0
81,36.6,98.4,1.5
81,36.6,97.4,3.5
81,36.9,96.2,11.9
80,36.9,97.4,9.2
77,36.8,94.4,12.3
95,36.7,97.2,10.1
85,36.4,98.3,0
109,36.3,98.9,2.9
110,36.6,98.4,10.2
109,37.3,99.6,21.5
98,36.9,97.9,13.6
88,36.4,96.5,3.4
93,36.8,98.2,9.5
84,35.8,96.7,0
92,36.6,97.2,7.2
80,37.1,98.7,10.6
96,36.3,98.1,0.6
81,36.5,96.5,3.3
91,36.8,97.5,10.3
93,36.5,98.8,2.3
84,36.8,97.9,7.4
92,36.5,95.8,8
94,36.5,95.8,8.6
84,36.5,98.7,0
86,37,98,11.8
82,36.2,95.4,0
81,36.9,99,6.3
87,36.1,98.3,0
92,36.9,99,9.6
84,36.2,96.1,0
99,36.8,96.6,14.5
89,36.7,98.4,5.9
83,36.4,97,0.9
82,36.8,95.5,11.6
80,36.4,95.5,3
91,36.2,98.3,0
84,36.6,98.7,1.8
85,36.1,99,0
74,36.5,96.7,0.8
89,36.5,99.7,0
71,36.6,97.5,0.3
77,36.9,93.4,16.3
80,36.1,95.6,0
81,36.4,99.8,0
74,36.5,99.7,0
83,36,98.7,0
80,36,92.5,1
90,36.9,96.4,14.2
83,36.5,99.7,0
82,37.2,99.1,12.4
84,36.1,98,0
81,36.5,99.4,0
81,36,96.9,0
81,36.4,98.3,0
81,37.1,98.8,10.7
81,38.8,97,48.3
77,36.6,96.9,3.3
80,36.6,98.9,0.2
79,36.5,98.4,0
77,36.7,95,9.1
90,36.2,97.8,0
93,36.8,96.8,12.3
84,36.8,91.5,20.2
82,37.3,95.3,22
91,36.9,96.3,14.7
93,36.1,99.4,0
84,36.8,98.5,6.2
80,36.6,97.6,2.8
99,36.3,89,19.7
95,36.8,98.3,9.9
95,36.2,96.4,1.7
88,37,96.5,15.4
93,36.6,96.7,8.5
94,36.5,96.7,6.8
76,36.4,97.4,0
79,36.5,96.9,1.9
90,36.7,97.1,8.8
102,36.1,97.4,0
84,36.5,97.3,2.6
84,36.8,96.9,9.4
80,36.4,95.5,3
75,36.8,95.8,8.9
79,36.5,99.4,0
79,38.7,93.1,53.5
79,36.5,99.8,0
80,36.7,96.5,7
77,36.4,97.2,0
78,36.8,95.5,10.4
73,34.4,90,0
77,36.4,98.1,0
78,37.4,95.9,21.6
77,36.4,98,0
84,36.9,98.9,7.4
91,35.9,99.5,0
93,36.1,99.7,0
84,36.4,97.4,0.4
92,36.5,99.7,0.2
94,36.7,99.6,5
81,36.4,98.4,0
90,36.8,99.5,6
93,36.5,97.3,5.3
94,36.6,95.7,10.8
82,36.9,98,8.6
74,36.2,98.5,0
79,36.4,95.2,3.3
90,36.3,96.2,2.6
116,36.3,97.6,7.6
71,37.2,97,13.3
82,36.8,95.1,12.4
97,36.3,96.7,3.7
81,36.9,97.7,8.9
85,36.2,95.4,0.7
86,36.5,99,0
78,37,97.3,10.8
84,36.5,96.4,4.4
92,36.4,95.3,7
93,36.2,99.5,0
95,36.6,97,8.5
85,36.7,98.1,5.3
92,36.9,96.2,15.2
83,36.7,95.5,9.9
91,36.2,97.4,0
59,36.3,97.5,0
85,36,98.2,0
92,36.9,99.4,8.8
93,36.1,95.6,0.7
80,36.6,95.1,7.8
90,36.9,98.5,10
99,36.6,98.1,7.5
106,36.6,95.3,15.2
102,36.1,96.1,2.4
79,36.8,96.9,7.9
77,36.9,95,13.1
90,36.3,97.7,0
102,36.7,95.9,14.8
97,36.4,92.5,14.1
95,36.8,98.9,8.7
105,36.8,97.3,14.9
87,36.6,97.1,5.9
81,36.6,94,10.3
81,36.3,96.1,0.1
81,36.3,96.6,0
91,36.4,99.4,0
84,36.9,98.9,7.4
85,36.3,99,0
92,36.8,99.6,6.4
88,36.7,98.5,5.4
83,36.3,95.6,1.7
81,36.8,98.3,5.7
79,36.8,91.1,19.5
99,36.8,97.8,12.1
86,36.4,96.4,3
82,36.3,96.2,0.2
78,36.3,97.9,0
90,36.3,97.1,0.8
85,36.8,99.6,4.3
92,36.4,97.1,3.4
102,36.8,97.7,13.2
86,36.4,97.7,0.4
92,36.4,98.2,1.2
83,36.2,98,0
92,36.2,98.3,0
84,36.3,99.7,0
91,37.2,96,21.3
83,36.4,94.4,6.1
85,36,97.4,0
78,36.5,95.8,3.8
78,36.8,98.3,4.8
83,36,96.9,0
79,36.7,98.9,1.9
90,36.5,97.1,4.8
83,36.2,98.1,0
82,36.5,98.6,0
81,36.3,97,0
81,36.8,97.7,6.9
81,36.3,95.4,1.5
77,36.8,96.5,8.1
80,36.1,99.5,0
98,36.7,96.2,13
86,36.9,96.5,12.8
82,36.1,95.3,0
100,36.5,96.6,8.8
86,36.5,98.3,1.2
75,36.5,95.8,2.9
79,36.5,99.7,0
79,36.4,96.4,0.9
90,36.1,98.1,0
82,36.9,98.4,7.8
81,36.6,99.1,0.1
99,37,97.9,15.9
79,36.5,94.6,6.5
80,36.4,99.6,0
81,36.5,98.5,0
99,36.7,94.9,15.9
101,36.4,97.9,4.5
86,36.5,97.7,2.4
110,36.5,97.8,9.4
107,36.4,99.5,3.1
80,36.1,97.7,0
81,36.9,99.7,4.9
113,36.5,98.6,8.7
90,36.3,95.8,3.4
81,36.4,97.2,0
81,36.5,96.8,2.7
91,36.5,93.6,12.1
83,36.1,96,0
91,36.5,95.6,8.1
84,36.4,97.2,0.8
91,36.7,99,5.3
72,36.2,99.2,0
71,36.3,96.6,0
77,36.4,99.2,0
93,36.5,98.8,2.3
84,36.7,97.2,6.8
82,36.6,97.8,3
91,36.3,97.5,0.3
100,37,96.6,18.8
86,36.7,98.9,4
92,36.7,98.1,7.4
99,36.7,95.1,15.5
95,36.5,98.7,3.1
82,36.8,98.5,5.6
77,36.4,99.3,0
75,36.8,98.7,3.1
100,36.6,98.8,6.4
86,37.1,96.7,16.4
92,36.5,96.2,7.2
81,36.3,96.7,0
119,37,99.9,17.9
100,36.6,99.3,5.4
86,36.4,99.7,0
78,36.1,96.2,0
90,36.8,95.7,13.6
83,36.9,99.9,5.1
91,36.3,96.4,2.5
84,36.4,99.5,0
92,36.3,96.5,2.6
88,36.5,97,4.4
93,36.3,95.3,5.3
94,36.1,97.6,0
94,36.4,97.1,4
81,37,98.3,9.7
91,36,96.5,0
84,36.8,98.7,5.8
100,36.6,98.2,7.6
96,36.3,95.7,5.4
103,36.2,90.3,16.3
96,36,96.1,0
89,36.2,96.8,0
93,36.2,96.1,1.7
84,36.7,97.3,6.6
91,36.6,96.1,9.1
82,36.6,99.8,0
79,36.5,99.2,0
84,37,99.6,8
86,36.2,98.3,0
82,36.3,98.2,0
90,36.3,99.2,0
93,36.7,95,13.9
84,36.7,95.4,10.4
91,36.2,99.7,0
84,36.5,100,0
80,36.3,99.5,0
78,36.6,96.7,4
74,36.4,99.9,0
77,36.4,95.6,1.9
90,36.2,98.3,0
83,36.7,99.4,2.1
81,37,98.9,8.5
79,36.3,95.4,0.9
84,36.5,97.3,2.6
91,36.6,98.3,4.7
80,36.7,98.6,2.8
81,36.7,95,10.3
74,36.5,90.9,12.4
79,36.5,98.8,0
90,36.1,98.4,0
93,36.6,99.7,2.5
80,36.7,96.7,6.6
73,36.8,95.7,8.5
89,36.4,99.3,0
76,36.5,97.4,0
78,38.6,98.9,39.6
96,36.9,99,10.8
89,36.6,95.4,9.9
83,36.7,99.1,2.7
109,36.2,97.6,3.5
98,36.8,96.9,13.6
85,36.9,93.4,18.7
82,36.7,94.7,11.2
91,36.4,98.7,0
87,37,97.5,13.1
79,36.2,94.3,1.1
90,36.6,95.1,10.8
87,36.2,100,0
84,36.7,97.8,5.6
100,36.3,98.1,1.8
101,36.4,98.6,3.1
83,36.7,95.2,10.5
82,36.3,96.2,0.2
108,36.3,98.3,3.8
88,36.5,95.1,8.2
92,37.1,96.4,18.8
94,36.1,97.7,0
99,36.5,94.1,13.5
95,36.1,97.3,0
94,36.2,96.4,1.4
60,36.8,97.6,0.8
76,36.4,98.5,0
112,36.3,95.6,10.4
82,36.6,98.2,2.2
73,36.8,95.4,9.1
72,36.7,97.5,2.6
88,36.5,96.2,6
92,35.8,99.4,0
84,35.8,95.8,0
77,36.5,99.3,0
87,36.1,98.9,0
92,37,98.6,12.4
80,36.2,98.1,0
81,36.3,92.1,8.1
85,37,97.9,11.7
82,36.5,95,6.6
85,36.3,96.1,1.3
92,36.7,95.4,12.8
93,36.2,90.8,12.3
84,36.6,98.5,2.2
82,36.4,94.3,6
81,36.4,99.1,0
74,36.7,92.2,13.8
89,36.9,95.6,15.5
94,36.2,99.4,0
77,36.1,97.7,0
80,36.6,96.9,4.2
81,38.2,97.9,34.5
90,36.5,100,0
84,36.5,97.9,1.4
78,36.9,98.6,6.2
80,36.7,97,6
90,36,98.2,0
76,36.4,98.6,0
80,36.8,99.4,3.2
94,37.1,99.3,13.6
95,36.3,95.6,5.3
83,36.9,91,22.9
82,36.2,96.2,0
77,35.8,99.9,0
90,36.9,97.5,12
83,36.8,95.9,11.1
82,36.6,92,14.6
57,36.5,96.2,0
73,36.4,95.1,1.7
89,36.4,99.9,0
76,36.5,91.7,11.4
75,36.5,98.4,0
79,36.5,97.7,0.3
76,36.4,97.1,0
75,37.1,96.8,12.9
77,36.7,96.1,6.9
72,36.6,95.3,5
71,36.7,91.1,15.1
74,36.9,99.1,4
69,36.4,98.3,0
74,36.6,98,0.2
71,36.3,97.4,0
72,36.5,98.3,0
77,36.6,98.2,0.7
73,36.1,99.5,0
81,36.6,96,6.3
82,36.6,99.4,0
72,36.2,97.8,0
89,36.5,98.3,2.1
82,34.8,99.8,0
84,36.3,98,0
84,36,96.1,0
99,36.4,99.8,0.1
83,36.6,95.6,7.7
76,37,95.2,14.4
77,36.3,99.2,0
71,36.1,95.5,0
76,36.6,100,0
77,36.6,91,15.1
78,36.7,95.2,9
76,36.4,98.9,0
80,36.4,99.3,0
113,36.5,96.3,13.3
93,36.7,97.1,9.7
82,36.3,98.6,0
81,36.6,98.3,1.7
81,36.3,95.2,1.9
91,36.6,99.9,1.5
93,36.2,98.7,0
116,37.1,96.6,25.6
83,36.6,98.1,2.7
81,36.2,99.6,0
100,37,98.6,14.8
95,36.4,97,4.5
88,36.6,97.7,5
83,36.9,91.2,22.5
82,36.2,98.5,0
81,36.8,97.8,6.7
91,36.2,96.9,0
98,36.1,97.9,0
95,36.5,96.9,6.7
94,36.4,97.9,2.4
87,36.6,97.3,5.5
86,36.6,99.3,1.2
82,34.9,99.2,0
81,36.5,95.1,6.1
81,36.1,92.4,3.5
81,35.9,97.1,0
81,36.5,97.3,1.7
81,36.9,96.4,11.5
81,36.6,96.8,4.7
82,36.9,99.2,6.2
77,36.4,100,0
80,36,99.6,0
90,36.6,92.3,16.4
83,36.4,98.8,0
77,37,93.7,17.7
89,36.1,97.7,0
83,36.8,96.6,9.7
91,36.2,95,3.3
93,36.2,99,0
84,36.3,98.7,0
82,36.3,99.3,0
100,36.1,95.1,3.8
86,34.9,97,0
92,36.5,96.2,7.2
84,36.7,95.2,10.8
80,36.5,95.8,4.4
81,36.2,99.9,0
81,36.2,96.2,0
85,36.6,96,7.5
82,36.4,97,0.6
85,37,97.3,12.9
82,36.7,96.1,8.4
85,37.1,96.2,17.1
92,36.8,95.8,14
93,36.3,99.6,0
87,36.5,98.8,0.5
86,36.3,98,0
78,36.8,99.1,3.2
90,36.5,97.6,3.8
110,36.4,99.8,3.4
92,36.3,98.4,0
84,36.6,98.4,2.4
91,38.4,98.9,39.5
94,36.3,98.7,0
80,37.1,99.5,9
100,36.1,97.3,0
96,36.6,97.7,7.4
94,36.5,97.6,5
85,36.4,95.8,3.9
86,36.1,100,0
82,36.3,97.3,0
85,36.5,99,0
82,36.7,96.5,7.6
100,36,97.3,0
86,36.4,98.3,0
82,36.1,98.6,0
77,36.6,97.5,2.1
79,36.6,99.8,0
84,36.3,97.1,0
81,36.6,90.3,17.7
81,36.8,98.6,5.1
80,36.3,95.5,1
90,36.1,96.4,0
79,36.8,96.7,8.3
90,36.3,97.7,0
83,36.9,86.4,32.1
96,36.8,97.2,12.4
95,36.3,95.9,4.7
85,36.4,95.5,4.5
92,36.6,95.5,10.6
84,34.3,95.7,0
82,36.4,98.9,0
81,35.7,95.3,0
91,36.7,95.7,11.9
102,36.4,95.4,9.8
87,36.2,97.5,0
86,36.7,97,7.8
82,36.1,97.6,0
85,36.6,98.7,2.1
92,36.9,99.9,7.8
94,36.5,98.3,3.6
103,36.6,99.6,5.7
87,35.8,93,0
83,36.9,98.1,8.7
74,36.6,96.6,3
84,36.5,96.6,4
91,36.2,97.8,0
84,36.7,99.7,1.8
100,36,96.8,0
107,36.8,96.6,16.9
97,36.5,97.5,6.1
94,36.6,95.7,10.8
94,37,97.7,14.8
94,35.9,98,0
94,36.7,98.3,7.6
99,36.6,98.8,6.1
95,38.7,99.3,45.9
85,36.5,99.4,0
81,36.5,97,2.3
81,36.5,95.4,5.5
91,36.3,96.7,1.9
87,36.2,95.9,0.3
82,36.2,97.4,0
80,36.5,98.4,0
90,35.8,97,0
83,36.4,99.8,0
82,36.3,96.6,0
74,36.6,96,4.2
79,36.5,99.6,0
90,36.2,96.7,0
83,36.2,98.7,0
81,36.3,96.4,0
91,36.6,96.8,7.7
102,36.1,99.9,0
87,36.3,97.7,0
82,36.1,95.8,0
92,36.4,96.4,4.8
93,38.4,95.9,46.1
93,36.4,99.7,0
84,37.2,97.1,17
99,36,96.1,0
86,37.3,98.7,16.4
91,36.5,95.1,9.1
94,36.7,98.8,6.6
84,36.5,97.5,2.2
86,36.4,96.8,2.2
92,36.6,95.1,11.4
84,36.2,92.2,6.8
82,36.3,96.5,0
81,36.9,96.1,12.1
77,36.7,96.1,6.9
89,36.6,99.6,1.5
93,36.5,97.5,4.9
94,36.5,85.4,29.4
84,35.8,96,0
91,35,97.7,0
84,36.7,97.1,7
82,36.3,96.9,0
81,36.4,98.2,0
91,36.2,96.6,0.1
84,36.5,96.7,3.8
77,37,98.2,8.7
73,37.2,95.2,17.5
88,35.8,99.6,0
79,36.2,99.8,0
83,36.8,98.7,5.5
102,36.5,96.9,8.8
83,36.3,96.7,0
85,36.5,98.7,0.1
86,36.5,99.9,0
79,36.4,95.1,3.5
99,37.1,98,17.7
86,36.6,96.5,6.8
92,36.7,95.4,12.8
79,36.5,97.5,0.7
84,34.7,99.8,0
84,36.3,93.9,5.4
91,36.3,98.7,0
84,34.1,98.6,0
88,36.5,96.1,6.2
85,36.3,98.8,0
92,37.3,98.6,18.4
84,36.6,99.7,0
91,36.8,99.5,6.3
84,36.6,97.4,4.4
91,36.8,88.9,27.5
111,36.7,99.9,9.5
89,36.6,98.1,4.5
83,36.7,96.8,7.3
102,36.2,96.6,3.4
101,36.5,95.2,11.9
86,36.8,99.1,5.6
82,36.3,97.9,0
96,36.7,97.6,9.6
112,36.4,98,7.6
89,36.3,92.7,9.3
93,36.4,97.4,3.1
81,36.2,96.6,0
77,36,98.2,0
80,36.8,96.8,8.4
79,36.6,96.1,5.5
73,36.8,97.1,5.7
83,36.6,97.9,3.1
80,36.7,99,2
73,36.4,94.2,3.5
72,36.3,95.1,0
71,36.6,95.4,4.5
82,36.4,96.9,0.8
79,36.6,97.7,2.3
84,35.8,90.5,2.2
82,36.7,98.5,3.6
91,36.1,97.4,0
102,36.4,97.9,4.8
87,36.6,97.7,4.7
84,36.5,97.7,1.8
82,36.5,99.4,0
91,36.3,96,3.3
103,36.9,99.4,12.1
96,36.3,96.5,3.8
85,36.8,97.7,8.1
78,36.7,97,5.4
80,36.9,95.5,13
57,37.1,99.9,1.3
78,36.5,97.9,0
76,36.7,95.3,8.2
85,36.5,99.6,0
86,36.7,95.9,10
86,36.6,97.4,5
92,36.6,97.7,6.2
80,36.6,95.8,6.4
90,36.8,95.5,14
83,36.2,95.9,0
91,36.7,95.8,11.7
93,36.9,97.7,12.5
84,37.2,95.2,20.8
102,36.6,98.7,7.2
96,36.4,95.7,7.4
95,36.2,96.1,2.3
94,36.6,97.8,6.6
77,36.4,95.9,1.3
90,36.3,99.4,0
99,36,96.9,0
83,36.4,96.4,2.1
91,36.8,98.8,7.7
93,36.5,96.7,6.5
94,36.5,91.8,16.6
94,36.1,99.6,0
95,36.8,98.5,9.5
94,34.7,95,0
81,36.4,97.9,0
74,36.8,99.9,0.4
77,36.1,97.7,0
89,36.6,95.9,8.9
93,37,100,9.9
94,36.1,99.9,0
103,37,99.3,14.3
96,36.7,98.1,8.6
85,36.4,95.6,4.3
82,36.5,96.6,3.4
81,36.4,98.7,0
91,36.7,98.8,5.7
86,36.4,97.7,0.4
70,37.1,97.4,10.2
88,36.7,95.2,12
70,36.8,96.3,6.4
71,36.2,99.5,0
99,36.9,99.5,10.7
79,36.1,95.7,0
73,36.1,99.6,0
89,36.5,95.7,7.3
93,36.4,94.4,9.1
84,36.6,95.9,7.4
100,36.3,99.4,0
99,36.6,96.1,11.5
86,36.1,96.1,0
92,37.3,96.3,23
94,36.2,97.1,6.75E-14
94,36.2,95.1,4
84,36.2,96.8,0
92,36.4,97.6,2.4
85,36.9,95.4,14.7
97,36.3,91.2,14.7
100,36.8,97.9,12.2
84,36.9,98.8,7.6
91,36.8,98.6,8.1
76,36.7,95.1,8.6
89,37,98.5,11.7
80,37,95,16
91,36.8,97.9,9.5
94,36.3,96.7,2.8
84,36.6,99,1.2
82,36.6,100,0
77,37,91.1,22.9
76,36.8,90.2,20.4
83,36.4,99.3,0
85,36.2,99.8,0
82,36.6,96.3,6
85,36.4,96.5,2.5
92,36.4,96.6,4.4
79,36.5,95.5,4.7
78,36.4,96.6,0.2
80,36.9,95,14
91,36.9,96.6,14.1
81,36,94,0
81,36.6,99.9,0
85,36.4,92.2,11.1
69,36.5,99.9,0
76,36.9,96,10.8
80,36.4,99.4,0
73,36.3,98.7,0
94,36.5,98.4,3.4
95,37,96.8,16.9
95,36.4,96.9,4.7
94,36.5,99.4,1.4
81,36.8,95.9,10.5
77,36,99.9,0
78,35.8,95.6,0
56,36.2,95.8,0
74,36.6,98.1,4.00E-14
89,36.9,98.7,9.3
83,36.6,97.4,4.1
77,36.8,95.9,9.3
78,36,85.4,14.6
90,36.7,99.8,3.4
86,36.6,96.2,7.4
98,36.5,99.8,1.8
95,36.6,98.9,4.7
81,37,97,12.3
80,37.2,99,12
81,36.6,99.8,0
81,36.3,96.4,0
74,36.5,93.4,7.4
79,36.6,97.1,3.5
80,36.2,99,0
91,36.4,99.8,0
93,36.7,97.5,8.9
94,36.3,95.7,4.8
82,36.2,98.5,0
91,36.7,96.4,10.5
94,36.5,97.9,4.4
94,36.3,93.6,9
100,36.5,95.2,11.6
94,36.9,97.4,13.4
95,36.7,96.3,11.9
85,36.2,97.7,0
92,36.6,98,5.6
84,36.3,98.2,0
82,36.8,90.2,22.2
80,36.5,99.1,0
77,36.7,96.4,6.3
76,36.7,98.1,2.6
102,37.1,97.1,20.4
87,36.7,95.6,10.9
93,36.7,96.7,10.5
111,36,99.6,0
85,36.7,97.4,6.7
70,36.3,97.5,0
77,36.2,97.3,0
84,36.3,98.4,0
91,36.4,98.1,1.1
80,36.8,97.2,7.6
95,36,98.9,0
85,36.6,97.5,4.5
92,36.4,98.6,0.4
94,36.4,96.9,4.4
80,35.9,99,0
73,36.3,95.7,0
79,36.3,100,0
80,36.4,99,0
81,36.5,98.3,0
81,35.9,97.5,0
91,36.7,99.5,4.3
80,36.4,96.3,1.4
81,36.9,99.5,5.3
90,36.3,98.7,0
108,36.6,98.8,8.8
101,34.7,99.5,0
85,36.5,99.5,0
92,36.7,96.1,11.4
86,36.5,95.8,6.2
81,36.3,98.1,0
85,36.5,96.3,4.9
96,36.5,97.9,5
105,36.4,99,3.5
104,36.8,96.8,15.6
103,36.7,99.4,8.1
96,37,97.2,16.4
89,36.2,99.4,0
93,36,90.3,9.3
94,36.1,95.2,1.8
92,38.3,98.9,37.8
94,36.4,99.3,0
94,36.5,96.8,6.6
62,35.9,95.9,0
52,36.5,100,0
69,36.8,97.3,4.1
59,36.6,97.6,0
51,36.8,96.9,0
49,36.6,97.9,0
82,36.8,96.5,9.6
97,36.4,98.6,1.9
95,36.8,96.8,12.9
88,35.9,95.3,0
54,36.5,95.6,0
67,37,99.8,2.5
76,36.6,98,0.8
67,36.5,97.4,0
75,36.2,99.9,0
79,36.6,98.8,0.1
76,36.3,97.7,0
61,36.7,96.4,1.5
79,37,98.3,9.1
84,36.9,95.3,14.6
74,36.5,93.7,6.8
77,36.5,95.4,4.3
61,36.2,98.1,0
86,36.6,96.3,7.2
99,36.4,95.1,9.5
83,36.3,95.8,1.3
84,36.2,97.5,0
88,36.5,92.9,12.6
58,37.2,97.6,8.2
64,36.5,99,0
87,36.2,99.5,0
63,38.8,95.1,46.7
57,36,95.6,0
67,36.4,98.1,0
90,36.9,95.5,16
71,36.7,95.3,6.7
75,36.7,95.9,6.7
72,37,95.5,12.6
89,36.7,97.9,6.9
95,36.4,97.3,3.9
88,36.2,98.1,0
83,36.4,96.9,1.1
79,36.1,92.3,3.1
80,36.2,97.4,0
73,36.3,97.1,0
83,36.6,98.5,1.9
80,36.7,98.6,2.8
62,36.7,98.3,0
77,36.7,97.3,4.5
95,36.7,96.1,12.3
88,36.5,99.8,0
87,36.8,99.5,5.1
90,36.3,91.9,11.2
77,36.7,91.9,15.3
75,36.5,95.8,2.9
83,36.8,96.5,9.9
57,36.6,99.5,0
71,36.8,96.2,6.9
86,36.8,99.1,5.6
93,36.7,98.7,6.5
94,36.9,96.6,15
91,36.7,96.7,9.9
104,36.5,98.4,6.4
106,36.2,95.4,7
98,36.1,97.5,0
86,36.3,95.9,2
85,36.9,98.6,8.3
92,37,96.2,17.2
104,36.6,96.3,12.6
80,36.4,96,2
80,36,95.5,0
81,37,95.9,14.5
79,36.4,97.2,0
99,36.4,96.8,6.1
95,36.5,98.2,4.1
91,37.1,99.8,11.7
87,36.1,98,0
83,36.3,96.5,0
83,36.1,97.2,0
83,36.8,97.5,7.9
84,36,98.2,0
78,36.1,97.5,0
84,36.4,95.1,5
81,36.3,95.5,1.3
79,37,99.2,7.3
80,38.2,97.6,34.8
80,37.1,95.2,17.6
79,36.2,96.9,0
79,36.3,96.3,0
91,36.4,98.1,1.1
82,36.6,97.4,3.8
81,36.4,98.9,0
81,36.5,97.4,1.5
79,37,95.5,14.7
77,36.5,95.3,4.5
80,36.1,97.1,0
79,36.5,96.1,3.5
80,37.2,95.4,19.2
79,36.8,99.1,3.5
77,36.2,99.7,0
80,36.1,97.2,0
62,36.3,96.9,0
74,36.5,99.5,0
74,36.6,95.7,4.8
78,36.3,95.6,0.2
86,36,97.9,0
88,36.8,96.4,11.6
96,36.7,92,20.8
89,36.9,97.5,11.7
83,36.7,98.2,4.5
96,36.2,99.2,0
84,36.8,98.8,5.6
91,37.2,96.2,20.9
83,36.5,98.5,0
96,37,97.9,15
82,36.8,97.3,8
57,36.3,91.3,2.5
84,36.5,97.4,2.4
88,36.8,97.6,9.2
93,38.9,96.9,54.1
76,36.1,97.4,0
66,36.2,96.5,0
74,36.5,98.2,0
79,36.7,95.2,9.3
90,36.8,99.1,6.8
76,37.1,99.3,8.2
80,36.5,91.2,13.6
80,36.4,96,2
88,36.2,99,0
101,36.3,95.5,7.3
83,36.4,95.4,4.1
78,36.3,98.4,0
89,36.3,95.8,3.1
80,36.8,95.5,11
79,36.3,98.6,0
77,36.4,95.5,2.1
89,36.8,96.5,11.7
83,36.4,95.6,3.7
76,36.4,95.6,1.6
56,36.6,99.6,0
92,36.6,95.7,10.2
71,36.3,96.8,0
86,36.3,99.6,0
91,36.3,96.3,2.7
91,36.4,97.8,1.7
92,36.6,97.6,6.4
93,36.1,95.7,0.5
58,36.2,97.8,0
81,36.1,99.7,0
48,36.7,99.4,0
48,36.1,96.7,0
72,36.8,96.6,6.4
64,36.6,99.9,0
80,36.3,99.5,0
56,36.6,99.7,0
70,37,96.4,10.2
65,36.8,95.2,7.1
52,36.3,95.3,0
83,37,99.5,7.9
100,36.6,98.4,7.2
107,36.2,96.6,4.9
114,36.3,100,2.2
98,36.5,98.6,4.2
73,37.1,98,9.9
55,36.5,97.9,0
62,36.5,96.8,0
85,36.8,95.3,12.9
70,36.6,99.2,0
77,36.8,99.8,1.5
80,36.8,95.4,11.2
112,36.6,100,7.6
93,36.6,98,5.9
94,36.4,98.2,1.8
80,36,97.1,0
78,36.3,97.5,0
82,36.7,99.8,1
59,36.8,96.2,3.3
56,36.6,95.5,0
74,38.1,98.3,29.6
68,36.3,97.6,0
75,36.4,93.9,4.7
89,36.4,95,6.7
81,36.9,95.6,13.1
93,37.1,96.4,19.1
60,36.9,92.4,13.2
87,36.5,97,4.1
92,36.3,97,1.6
82,36.3,98.9,0
89,36.6,97.5,5.7
92,37,97.6,14.4
91,36.7,95.7,11.9
92,36.3,95,5.6
94,36.8,96,14.2
77,36.5,96.7,1.7
89,36.4,97.4,1.9
82,36.5,99,0
89,36.3,98.1,0
92,36.4,97.5,2.6
84,37,99.8,7.6
91,36.4,95.8,5.7
91,35.9,96.9,0
92,36.5,98.1,3.4
75,36.6,96.9,2.7
73,36.9,98.8,4.3
88,36.5,96.3,5.8
56,36.1,99.2,0
76,36.9,98.5,5.8
83,36.4,99.5,0
57,36.3,95.9,0
73,36.3,98.4,0
86,36.5,96.5,4.8
58,36.4,95.2,0
84,36.5,97.5,2.2
81,36.1,99.5,0
72,36.1,98.9,0
79,36.5,99,0
81,36.7,97,6.3
84,36.7,96.9,7.4
80,36.5,98.1,0
89,36.4,98.6,0
90,36.2,97.7,0
76,36.5,95.4,4
65,36.4,95.6,0
86,36.3,97.4,0
90,36.8,96.9,11.2
79,36.1,96.6,0
91,36.4,98.3,0.7
104,36.4,95.7,9.8
90,36.5,90.4,18.2
93,36.4,90.9,16.1
66,36.6,95.5,2.8
68,36.3,96.9,0
59,36.2,98.3,0
68,36.5,98.6,0
58,36.9,97.2,3
85,36.8,95.7,12.1
75,36.7,98.2,2.1
79,36.6,95,7.7
91,38.3,96.1,43.1
91,36,96.3,0
98,36.5,96.2,9
102,36.7,95.5,15.6
86,36.2,97.4,0
81,36.7,96.7,6.9
81,36.8,98.8,4.7
78,36.8,99.1,3.2
80,36.5,99.5,0
77,36.7,96.2,6.7
61,36.5,97.6,0
85,37.1,97.5,14.5
70,36.3,92.4,4.2
59,36.7,99.6,0
83,35.8,99.1,0
65,36.4,88.3,12.9
111,36.9,95.2,22.9
89,36.9,96.7,13.3
83,36.9,98.4,8.1
82,37.2,95.6,19.4
91,36.8,96.2,12.9
76,36.6,97.2,2.4
75,36.5,95.2,4.1
90,36.4,96.3,4.4
93,36,98.7,0
60,38.2,97.9,28.2
85,37.1,95.9,17.7
82,36.6,99.6,0
79,36.1,99.5,0
86,37,95.8,16.2
63,36.4,97.9,0
52,36.5,93.8,5.77E-15
69,36.4,99.9,0
78,36.6,95.4,6.6
90,36.3,97.8,0
83,36.5,97.7,1.5
92,36.7,98.7,6.2
84,36.7,95,11.2
80,36.7,97.3,5.4
81,36.7,95.7,8.9
81,36.8,97.6,7.1
79,37.3,96.1,19.5
80,36.4,97.5,0
77,36,97.3,0
73,36.4,97.1,0
79,38.1,99.3,29.1
78,35.9,99.2,0
77,36.7,97.7,3.7
61,36.2,99.1,0
64,36.6,96.9,0
77,36.5,95.1,4.9
56,36.4,96.2,0
69,36.2,98.4,0
74,36.5,96.7,0.8
89,36.3,90.5,13.7
91,36.4,92.5,12.3
93,36.8,95.1,15.7
77,36.5,97.2,0.7
89,35.9,98.4,0
92,36.1,99.1,0
83,36.7,95.2,10.5
91,37,97.7,13.9
93,36.4,96.6,4.7
81,35.9,95.2,0
90,36.7,99.1,4.8
94,37,95.8,18.6
77,36,93.3,0
90,35.9,99.7,0
95,36.7,96.8,10.9
97,37,95.4,20.3
94,36.7,95.3,13.6
85,35.9,95,0
82,36.4,95.4,3.8
58,36,98.8,0
62,36.4,96.2,0
76,36.4,98.8,0
72,36.6,90.3,15
74,36.6,98.7,0
75,36.5,99.3,0
75,36.2,97.3,0
90,36.5,97.1,4.8
92,36.1,98.4,0
67,36.4,99,0
85,36.4,98.6,0
92,36.4,99,0
85,36.4,99.9,0
94,36.7,98.1,8
94,36.6,98.4,5.4
84,36.1,97.8,0
91,36.4,95.9,5.5
80,36.4,99.2,0
76,36.6,96,4.8
80,36.2,96.9,0
80,36.5,95.8,4.4
90,36.6,97.8,5.4
79,36.5,98.5,0
91,37.1,98.8,13.7
90,36.8,99,7
70,36.6,97.5,2.84E-14
70,36.1,96.9,0
59,36.4,97.7,0
72,36.3,95.6,0
55,36.1,99.7,0
62,36.5,95.2,0.2
77,36.6,97.7,1.7
80,37,97.5,11
84,36.5,93.4,10.4
57,36.4,96,0
66,36.2,99.3,0
71,36.7,98.6,0.1
64,37.1,98.4,6.4
76,36.5,95.2,4.4
89,36.5,99.5,0
94,36.6,95.4,11.4
83,36.2,96.3,0
101,36,97.7,0
83,36.5,98.2,0.5
68,36.2,97.5,0
64,36.8,98.2,0.8
69,36.4,98.4,0
106,36.6,95.3,15.2
85,36.8,96.9,9.7
103,36.3,96,6.9
68,36.1,96.4,0
78,36.1,99.2,0
89,36.2,97.8,0
85,37,96.3,14.9
82,36.6,94,10.6
92,38.3,95.5,44.6
82,36.3,96.1,0.4
78,36.3,99.6,0
91,36.4,97.8,1.7
103,37.1,98.5,17.9
96,36.8,95.5,15.8
86,36.8,98.2,7.4
92,36.6,95.6,10.4
94,36.7,98.8,6.6
66,37,99.4,3
85,36.5,99,0
79,36.6,98.9,0
81,36.4,99.5,0
78,37,95.2,15
78,36.3,95.2,1
57,36.4,95.1,0
46,36.5,97.5,0
71,36.9,99.6,2.1
65,36.9,97,5.5
77,36.5,95.4,4.3
73,36.5,98.6,0
52,36.9,98.1,0
83,36.8,99.5,3.9
90,36.3,97.4,0.2
92,37.1,97.1,17.4
85,36,96,0
81,36,99,0
74,36.4,97.7,0
77,36.6,96.5,4.1
80,36.8,95.8,10.4
74,36.3,97.3,0
83,36.6,91.9,15.1
77,36.7,96.9,5.3
56,36.7,99.6,0
75,36.2,95.3,0
81,37,95.2,15.9
80,35.7,96.6,0
91,36.5,95.7,7.9
82,36.1,99.3,0
91,36.4,95.1,7.1
84,36,95.4,0
80,37.3,97.2,17.6
57,36,96,0
61,36.5,99.3,0
78,36.1,97.2,0
68,36.2,95.9,0
77,37,85.1,34.9
78,35.9,98.6,0
84,36.2,88,15.2
80,36.6,95.8,6.4
79,36.7,99.5,0.7
88,36.7,99.8,2.8
81,36.2,96.8,0
83,36.3,99.4,0
79,36.2,99.8,0
56,36.1,99.9,0
83,36.2,99.7,0
84,36.7,98.2,4.8
89,36.5,96.9,4.9
93,36.4,99.3,0
108,36.4,99.5,3.4
86,36.6,99.1,1.6
90,37.3,99,17
84,36.2,96.2,0
80,36.1,97.8,0
75,36.3,95.2,0.1
87,37.4,97.4,21.3
92,37,95.5,18.6
85,36.7,93.4,14.7
67,36.6,98.2,0
77,36.7,99,1.1
76,36.5,96.5,1.8
81,36.7,95.4,9.5
91,36.2,95.1,3.1
59,37,91,17.7
75,36.4,96.9,0
80,36.5,99.7,0
81,36.5,98.1,0.1
79,37,95.5,14.7
68,36.1,95.3,0
87,36.5,95,8.1
75,37.1,98.6,9.3
80,36.6,96.1,5.8
76,36.5,98.8,0
66,36.3,98.3,0
93,36.4,98.1,1.7
85,36.7,95.6,10.3
81,36.5,95.1,6.1
84,36.3,95.5,2.2
93,36.5,95.4,9.1
82,36.5,96.6,3.4
91,37.1,98.6,14.1
79,36.4,95.1,3.5
91,36.7,96.7,9.9
76,36.2,95.5,0
87,36.7,99.8,2.5
91,37,97.9,13.5
93,36.7,95.8,12.3
85,38.5,96.7,44.1
83,36.1,96.4,0
93,36.7,97.6,8.7
94,37.2,95.2,23.8
87,36.4,99.9,0
83,36.2,98.7,0
91,36.4,99.8,0
84,36.5,95.2,6.8
96,36.8,97.5,11.8
95,36.8,96.3,13.9
88,36.7,98.6,5.2
83,36,96.7,0
80,36.9,88.3,27.4
81,36.7,99.4,1.5
77,36.3,99,0
90,36.5,95.2,8.6
81,37.2,98.2,13.9
81,38.1,98.4,31.5
74,36.6,97.5,1.2
79,38.1,99.6,28.5
80,37,95.8,14.4
91,36.9,96.1,15.1
81,34.1,98.8,0
82,36.8,90.3,22
85,36.6,95.8,7.9
64,36.7,95.5,4.2
76,36.4,97.6,0
82,36,96.4,0
81,36.1,90.4,7.5
91,36.7,97.3,8.7
72,36.7,96,5.6
88,37.4,99.3,17.8
84,36.9,96.6,12
69,36.8,99.6,0
79,36.6,98.6,0.5
74,37,100,4.2
64,36.5,99.7,0
65,36.7,99.4,0
54,36.5,97.6,0
61,36.8,96.4,3.5
74,36.4,96.3,0
78,36.3,98.1,0
85,36.5,99.9,0
80,36.2,99.5,0
67,36.8,98.3,1.5
72,36.7,98.7,0.2
74,37,96.3,11.6
78,36.2,99.7,0
78,36.4,96.1,1.2
80,36.2,99.6,0
77,36.4,99.6,0
78,37,99,7.4
56,36.7,98.3,0
84,36.9,98,9.2
83,38.4,98.5,37.9
74,36,95.7,0
78,36.3,97.7,0
78,37.1,96.5,14.4
84,36,96.9,0
82,36.5,98.4,0
68,36.8,90.5,17.4
65,37.1,97.7,8.1
75,36.6,95.2,6.1
76,36.3,96.3,0
72,36.1,98,0
71,37.1,95.2,14.9
78,36.4,92.8,7.8
91,36.9,98.5,10.3
93,36.5,99.5,0.9
83,36.4,95.4,4.1
84,36.5,98.1,1
69,36.6,96.9,0.9
78,36.6,99,0
90,37,96.3,16.4
83,36.3,95.1,2.7
84,36.7,97.3,6.6
82,36.5,99.5,0
74,36.7,99.5,0
79,36.9,98.7,6.3
81,35.9,95.1,0
70,36.6,96.7,1.6
71,36.7,95.3,6.7
78,37.2,93.8,21.8
80,36.6,95.9,6.2
81,36.3,98.7,0
93,36.2,95.3,3.3
83,36.5,97.9,1.1
94,36.3,98.9,0
83,36.2,97.9,0
83,36.5,96.8,3.3
79,35.6,95.7,0
78,36.3,93.2,5
80,35.8,98.8,0
79,35.9,99.7,0
92,36,95.8,0
82,36,99.1,0
90,36.3,97.2,0.6
82,36.5,99.7,0
68,36.6,98.5,0
72,36.1,96.9,0
91,36.1,98.9,0
92,36,96.5,0
91,36,85.5,18.3
87,36.6,97,6.1
84,36.7,96,9.2
80,36.4,91.9,10.2
91,36.6,95,11.3
71,36.1,98.2,0
65,36.5,96.3,0
90,36.7,96.4,10.2
85,36.6,99.3,0.9
82,36.6,95.6,7.4
91,36.5,97.7,3.9
79,36.4,97.2,0
84,36.5,96,5.2
82,36.3,98.6,0
81,36.7,92.7,14.9
91,37.1,98,15.3
84,36.5,95.6,6
80,36.9,97.9,8.2
91,36.2,97.7,0
84,36.8,99.8,3.6
91,36.7,90.5,22.3
98,36.7,95.1,15.2
77,36.9,95.2,12.7
86,36.6,96.2,7.4
81,36.4,97.3,0
57,36.7,99.5,0
84,36.7,99.8,1.6
82,36.6,97.8,3
81,36.3,99.8,0
79,36.5,95,5.7
85,36.6,97.3,4.9
80,36.4,98,0
81,36.4,98.9,0
62,36,95.7,0
86,36.2,97.7,0
77,36.2,95.3,0
80,36,93.1,0
57,36.6,95.1,0.9
86,36.9,99.1,7.6
75,36.8,96.1,8.3
79,36.5,98.8,0
73,36.5,100,0
88,36.3,96.9,0.6
85,37,99.2,9.1
98,36.7,95.9,13.6
83,36.9,98.3,8.3
79,36.7,96.4,6.9
82,36.7,99.2,2.2
63,36.6,97.3,0
75,36.2,97.6,0
75,36.4,99.2,0
89,36.2,95.6,1.5
93,36.2,98.1,0
81,36.6,96.3,5.7
94,36.4,97.3,3.6
84,37.1,99.4,10.4
79,36.4,98.9,0
81,36.4,95.9,2.5
68,36.9,98.2,4
66,36.9,94.4,11
57,36.3,96.5,0
75,36.4,97.9,0
65,36.6,98.6,0
75,36.6,97.5,1.5
79,36.6,96.9,3.9
80,37.1,96.7,14.6
91,36.7,96.9,9.5
79,36.4,87.3,19.1
81,37,98.3,9.7
84,36.3,96.6,0
82,36.6,90.2,18.2
63,38.3,99.4,28.1
85,36.7,98.7,4.1
73,36.7,95.9,6.1
70,36.6,97.2,0.6
78,36.2,96.3,0
63,36.6,95.2,2.5
73,36.6,95.2,5.5
75,36.7,97.2,4.1
84,36.2,95.5,0.2
85,36,98.6,0
91,36.3,95.4,4.5
93,36.4,98.7,0.5
86,36.9,98.6,8.6
92,36.7,98.7,6.2
80,36.1,97.3,0
90,36.4,96.7,3.6
83,36.4,97.1,0.7
81,36.3,98.1,0
81,36.3,97.1,0
57,36.6,95.2,0.7
73,36.5,98.4,0
76,36.6,99.7,0
51,36.5,97.8,0
75,36.3,95.1,0.3
77,36.3,96.1,0
89,36.5,98.2,2.3
60,36.3,97.1,0
75,36.5,98.3,0
78,36.1,99.5,0
81,36.4,99,0
85,36.3,99.9,0
92,36.7,96.5,10.6
93,36.3,97.7,0.5
83,36.5,99.5,0
90,36.7,98,7
80,36.9,91.1,21.8
91,36.4,95.1,7.1
72,36.3,96,0
79,37.4,98.3,17.1
56,36.4,98.1,0
60,36.8,98.6,0
85,36.5,96.6,4.3
85,36.6,94,11.5
84,36.8,96,11.2
78,36.1,98.7,0
69,34.2,96.6,0
81,36.4,97.1,0.1
82,36.8,97.3,8
91,36.5,97.6,4.1
104,36.5,99.7,3.8
67,34.7,96.2,0
77,36.3,96.4,0
90,37,95.5,18
83,37.1,95.9,17.1
81,36.4,99.1,0
79,35.9,90.8,2.1
109,36.5,96.1,12.5
96,38.9,97.6,53.6
97,36.6,99.4,4.3
95,36.6,98.9,4.7
94,36.7,95.9,12.4
84,37.1,97.4,14.4
91,36.6,93.3,14.7
95,36.1,98.1,0
86,36.7,98.3,5.2
58,36.3,96.5,0
85,36.7,95.5,10.5
86,36.4,99.6,0
108,36.1,96.4,3.6
81,36.4,96.8,0.7
73,36.5,96.6,0.7
71,36.7,95,7.3
79,36.3,91.6,8.5
83,36.6,98,2.9
101,36.1,96.9,0.5
67,36.7,95,6.1
77,37,99.6,5.9
101,36.7,95.2,15.9
94,36.4,97.8,2.6
93,36.6,95.3,11.3
85,36.1,98.1,0
92,36.5,98,3.6
94,36.4,95.8,6.6
87,36.4,96,4.1
58,36.8,97.6,0.2
88,36.6,95.4,9.6
85,36.2,98.1,0
90,36.5,97,5
83,36.7,99.9,1.1
66,38.7,96.1,43.6
86,36.7,97.1,7.6
74,36.4,95.8,0.6
90,36.4,99.7,0
92,36.8,95,15.6
93,36.3,99.1,0
81,36.5,98.5,0
88,36.2,97,0
78,36.2,96.5,0
80,36.7,96.4,7.2
90,36.4,96.9,3.2
65,36.8,97.5,2.5
84,36.3,96.5,0.2
91,36.4,95.1,7.1
93,36.5,96,7.9
61,36.7,97.7,0
81,36.3,96.2,0
62,36.4,97,0
73,34.8,99.2,0
79,37.4,96,21.7
89,36.7,99.5,3.7
92,36.6,97.8,6
87,36.6,96.1,7.9
91,36.3,99.1,0
88,36.1,95.6,0
92,37.1,98.4,14.8
94,36.5,100,0.2
95,36.8,97.8,10.9
94,37.2,96.4,21.4
101,36.2,97.1,2.1
84,36.5,92.9,11.4
92,36.3,98,0
82,36.6,99,0.6
63,36.5,97.1,0
84,36.7,95.4,10.4
85,36.8,99.3,4.9
64,36.2,98.1,0
80,36.4,97.3,0
82,36.3,100,0
91,36.4,96.3,4.7
83,36.6,99.8,0
81,36.1,96.6,0
77,36.6,99.4,0
89,38,98.5,31.7
71,36.3,96,0
88,36.7,98.2,6
92,36.7,97.8,8
84,36.3,96.6,0
101,36.7,98.6,9.1
97,36.3,98.9,0
62,36.5,99.2,0
74,36.8,95.7,8.8
89,36.4,97.5,1.7
70,36.6,95.6,3.8
75,36.9,98.6,5.3
77,37.2,98,13.1
56,36.3,97,0
75,36.7,97.2,4.1
80,36.6,96.8,4.4
87,36.6,96.8,6.5
80,36.1,95.4,0
79,36.6,98.8,0.1
90,35.9,99,0
91,36.4,98,1.3
87,36.7,98.7,4.7
82,36.4,96.6,1.4
82,36.5,98.2,0.2
81,36.9,98.4,7.5
77,36.6,93.9,9.3
79,36.4,92.3,9.1
81,36.9,97.2,9.9
82,36.8,96.5,9.6
82,36.3,98.5,0
96,36.2,96.3,2.2
73,36.2,95.4,0
100,35.9,97.7,0
90,36.2,97.9,0
87,36.3,95.7,2.7
68,36.1,97.6,0
58,36.3,98.5,0
67,36.9,96.8,6.5
87,36.6,95.9,8.3
96,36.7,96.3,12.2
71,36.4,97.3,0
55,36.3,89.8,4.9
72,36.1,100,0
93,36.5,96.5,6.9
90,36.7,98.8,5.4
79,36.9,97.1,9.5
90,36.1,95.7,0
105,36.5,98.2,7.1
97,36.4,97.9,3.3
95,36.7,98.7,7.1
94,36.6,97.6,7
93,36.4,96.8,4.3
95,36.3,98.8,0
88,36.2,95.5,1.4
92,36.8,98.4,8.8
93,37.1,98.7,14.5
94,36.4,98.8,0.6
66,36.4,92.8,4.2
65,37.1,96.6,10.3
67,36.2,95.1,0
68,36.7,96.9,2.6
66,36.7,95.4,5
68,36.6,95.8,2.8
67,36.6,99.8,0
70,36.3,97.2,0
66,36.4,95.3,0
68,36.5,98.5,0
70,36.1,98.7,0
95,36.2,99.1,0
77,36.2,95.8,0
90,36,96.8,0
87,36.6,96.2,7.7
83,36.2,96.4,0
81,36,99.4,0
91,36.7,99.9,3.5
94,36.7,99.8,4.6
81,36.8,98.2,5.9
90,36.6,96.7,7.6
93,36.6,97.6,6.7
84,36.6,95.7,7.8
91,36.3,99.2,0
86,36.6,94.7,10.4
86,36.4,95.5,4.8
93,36.3,95.6,4.7
105,36.4,96.4,8.7
114,36.5,98.8,8.6
110,36.8,98.7,13.6
98,36.1,94.7,4
82,36.6,95.1,8.4
91,36.4,98.2,0.9
59,36.3,96.8,0
85,36.9,98.9,7.7
92,36.3,94.2,7.2
78,34.1,95.2,0
81,38.3,99.9,32.5
92,36.4,98.9,0
76,36.1,98.3,0
90,36.2,96.4,0.2
93,36.4,98.2,1.5
84,36.8,96.5,10.2
108,36.5,96.8,10.8
88,36.3,96.8,0.8
92,37.1,99.3,13
77,36.7,97,5.1
89,36.3,96.8,1.1
59,36.4,96.9,0
75,36.7,97.9,2.7
82,36.7,99.8,1
90,36.4,98.6,0
90,36.3,96.1,2.8
90,36.8,96,13
91,36.6,96.9,7.5
89,36.4,98.8,0
85,36.1,99.9,0
85,36.8,92.4,18.7
82,36.6,96.3,6
81,36.1,97,0
81,36.6,96.4,5.5
82,36.6,97.5,3.6
88,36.5,98.7,1
83,36.8,99.7,3.5
74,36.4,99,0
76,36.3,97.3,0
80,36.7,96,8
81,36.7,95.2,9.9
81,36.1,96,0
80,36.4,99.8,0
84,36.6,98.6,2
80,36.4,96.1,1.8
82,36.1,96.1,0
86,37.1,98.8,12.2
79,36.6,97.3,3.1
73,36.4,95.7,0.5
77,36.3,97.3,0
84,36.3,96.3,0.6
94,36.4,96.9,4.4
107,37.2,96.1,25.9
109,37.4,97.5,27.7
89,36.7,93.9,14.9
85,36.5,93.1,11.3
82,36.3,97.2,0
82,36.4,96.2,2.2
92,36.4,95.9,5.8
79,36.1,96.8,0
91,36.5,95.3,8.7
80,36.1,95.1,0
84,36.7,98,5.2
91,36.4,96.9,3.5
82,36.4,85.5,23.6
81,37.2,95.3,19.7
90,36.4,96.9,3.2
76,36.8,97.5,5.8
78,36.2,98.4,0
79,36.4,96.7,0.3
77,36.6,97.1,2.9
78,36.6,97.2,3
79,36.3,95.3,1.1
86,36.3,96,1.8
90,36.7,97.6,7.8
87,36.5,97.9,2.3
79,36.8,96.9,7.9
91,36.2,95.6,2.1
64,35.8,98.2,0
80,36.4,96.5,1
56,36.3,93.7,0
77,36.4,95.9,1.3
81,36.7,99.7,0.9
83,36.6,99.9,0
69,38.3,96.3,36.1
59,36.8,95.2,5.3
74,36.7,96.6,5
78,36.6,96,5.4
83,36.3,99.8,0
74,36.1,99.2,0
79,36.4,97.8,0
90,36.9,97,13
83,36.6,99.5,0
83,36.6,95.2,8.5
87,38.8,96.1,51.9
94,36.4,99.4,0
96,34.3,99.7,0
89,36.2,97.3,0
86,36.7,95.4,11
81,36.6,98.3,1.7
79,37,98.8,8.1
78,36.2,96.4,0
83,37.1,96.7,15.5
95,36.4,93.6,11.3
94,36.6,96.3,9.6
95,37,99.8,10.9
119,36.2,95.9,9.9
110,36.1,99.4,0
99,36.7,95.3,15.1
85,36.5,96.6,4.3
80,36.5,95.8,4.4
90,36.3,95.4,4.2
97,36.9,98.2,12.7
94,37,98.3,13.6
95,36.9,98.4,11.7
88,35.7,98.1,0
86,36.3,86.4,21
82,35.9,97.5,0
89,36.6,92.7,15.3
82,36.3,99,0
80,36.7,96.5,7
79,36.2,96.6,0
78,36.6,95.2,7
80,36.5,98.9,0
73,36.6,96.8,2.3
75,37.1,95,16.5
77,36.1,98.9,0
76,36.4,97.4,0
78,36.5,99.1,0
79,36.6,99.4,0
78,36.6,91.5,14.4
78,36.5,99.3,0
83,36.7,96.4,8.1
83,36.5,99,0
91,36.6,99.3,2.7
81,36.4,96.3,1.7
88,36.9,95.8,14.8
83,36.2,98.4,0
81,36.4,97.7,0
82,36.5,96.1,4.4
80,36.2,95.7,0
80,36.8,97.9,6.2
79,36.4,95.1,3.5
79,36.8,99.2,3.3
82,36.6,97.8,3
81,36.4,95.7,2.9
81,36.8,98.6,5.1
85,36.3,98.1,0
86,36.6,94.7,10.4
83,36.7,99.7,1.5
81,36.7,96.3,7.7
81,36.7,99.6,1.1
91,36.3,95.4,4.5
84,36.4,95.4,4.4
91,36.7,96,11.3
84,36.8,99,5.2
102,37,99.1,14.4
87,36.4,97.2,1.7
92,36.8,97.4,10.8
94,36.8,95.9,14.4
84,36.1,96.7,0
63,36.4,96.3,0
69,36.4,99.3,0
70,36.2,96,0
88,36.6,92.6,15.2
83,36.7,96.1,8.7
68,36.7,99.2,0
59,36.8,97.4,0.9
69,36,96.6,0
78,36.4,97.1,0
94,36.3,96.3,3.6
84,36.3,96.1,1
82,36.7,95,10.6
57,36.2,97.6,0
75,36.4,95.6,1.3
80,36.6,95.5,7
68,36.7,97.5,1.4
75,36.6,96.4,3.7
83,36.2,96.8,0
89,36.7,95.7,11.3
82,36.6,85.2,28.2
89,36.5,98.3,2.1
83,36.5,98,0.9
82,36.6,99.2,0.2
91,36.9,96,15.3
85,36.6,96.7,6.1
84,36.8,95.7,11.8
69,36.7,97,2.7
69,36.1,97,0
85,36.4,99.3,0
76,36.1,95.3,0
77,36.4,99.9,0
91,36.5,95.4,8.5
63,36.4,96.2,0
74,36.2,97.6,0
103,36.4,99,2.9
96,36.5,100,0.8
88,36.4,97.7,1
79,36.6,98.1,1.5
89,36.6,95.8,9.1
85,36.4,99.2,0
82,37,93.1,20.4
90,36.4,96.5,4
72,36.3,98.3,0
88,36.3,100,0
63,36.2,96.7,0
85,36.2,97,0
90,37.3,97.1,20.8
82,36.6,97.7,3.2
75,36.6,97.1,2.3
79,36.8,96.2,9.3
71,36.7,96.2,4.9
75,35.9,97.5,0
79,36.9,99.4,4.9
67,36,96.2,0
77,36.7,96.3,6.5
93,36.3,99.5,0
104,36.5,98.5,6.2
97,36.8,99.1,8.9
95,36.4,96.8,4.9
94,36.8,99.4,7.4
88,36.5,98.5,1.4
83,36.9,96.4,12.1
78,36.9,93.7,16
57,37,95.7,7.7
89,36.2,97.9,0
86,36.3,97.6,0
81,36.6,95.3,7.7
76,36.7,99.8,0
59,36.3,96.8,0
56,36.6,98.9,0
67,36.3,95.3,0
65,36.3,96.6,0
80,36.4,95.1,3.8
85,36.4,98.5,0
92,37.3,88.2,39.2
59,36.6,96.8,0
79,36.7,98.5,2.7
79,36.3,99.8,0
92,36.5,97.9,3.8
79,36.5,87.7,20.3
88,37,97,14.4
92,36.4,93.1,11.4
84,36.4,95.3,4.6
85,36.9,95.6,14.3
80,36.3,98.6,0
81,36.5,96,4.3
81,36.5,97.8,0.7
79,36.5,96.8,2.1
78,36.8,97.6,6.2
80,36.3,95.4,1.2
84,36.1,96,0
83,36.6,97.1,4.7
92,36.3,96.3,3
94,36.5,95.1,10
84,36.6,99.8,0
63,36.9,95.3,8.3
86,36.8,99.1,5.6
94,36.3,99,0
78,36.5,96.7,2
83,36.4,99.7,0
81,35.7,97,0
62,36.2,97.1,0
81,36.9,97.4,9.5
71,36.7,98,1.3
89,36.3,98.1,0
88,36.8,98.6,7.2
81,36.1,95.5,0
90,36.8,98,9
83,36.4,96.9,1.1
97,36.1,86.9,19.3
77,36.2,97.7,0
89,36.2,96.9,0
98,36.4,95.3,8.8
71,36.7,99.5,0
86,36.5,99.5,0
87,34.5,98.7,0
84,36.6,98.1,3
80,36,99.6,0
90,36.6,95.2,10.6
83,36.3,99.8,0
90,36.3,96.2,2.6
92,36.6,96.6,8.4
83,36.5,96.9,3.1
82,36.8,98,6.6
80,36.2,98,0
87,36.2,99.7,0
83,35.9,95.4,0
82,36.7,99.9,0.8
90,36.8,97.6,9.8
91,36.6,96.8,7.7
93,36.1,96.8,0
84,37.1,99.8,9.6
95,36.2,90.4,13.7
85,36.5,97.8,1.9
92,36.7,96.8,10
85,36.6,99.4,0.7
91,36.9,98,11.3
70,36.6,96.3,2.4
71,36.9,95.2,10.9
81,36.4,96.2,1.9
87,36.1,95.8,0
59,36.1,97.7,0
74,36.7,97.8,2.6
78,34.3,95.1,0
82,35.9,98,0
82,36.5,95.1,6.4
81,36.6,97.4,3.5
74,36.7,98.4,1.4
88,36.7,95.3,11.8
91,36.2,97.3,0
87,37.2,98.4,15.3
93,36.1,98.1,0
83,36.4,96.1,2.7
80,36.5,97.6,0.8
81,36.1,96.6,0
80,34.4,93.8,0
101,36.3,95.3,7.7
87,36.9,99.8,6.5
76,36.5,96.6,1.6
90,37,97.6,13.8
91,36.4,98.3,0.7
92,34.9,96.7,0
90,37,98.3,12.4
71,36.2,95.9,0
86,36.6,98.3,3.2
75,36.3,98.2,0
89,36.7,99,4.7
81,36.5,95.1,6.1
62,36.3,98.8,0
76,36.7,98.7,1.4
72,36.5,96.6,0.4
79,37.1,97.4,12.9
78,36.7,98.4,2.6
80,35.7,96.6,0
62,36.3,96.6,0
84,36.2,92.1,7
80,36.9,99.3,5.4
84,36.4,98,0
81,36.4,91,12.3
91,36.5,98.5,2.3
86,36.3,98.7,0
87,36.7,98.7,4.7
91,36.5,98.5,2.3
93,36.6,99.7,2.5
81,36.8,99.4,3.5
91,36.3,99.2,0
82,36.8,93.2,16.2
81,36.8,96.5,9.3
82,36.1,96.3,0
68,36.6,99.7,0
60,36.1,99,0
86,36.3,95.4,3
93,36.3,96,3.9
93,36.6,97.7,6.5
72,36.4,99.6,0
79,36.3,97.8,0
83,36.5,98.6,0
89,36.6,97,6.7
93,36.4,99.6,0
81,36.3,96.6,0
80,36.2,96.2,0
77,36.2,96.4,0
84,36.8,96.8,9.6
80,36.5,99.6,0
63,36.1,99.8,0
73,36.5,98,0
79,36.6,96.1,5.5
80,36.4,95.4,3.2
79,36.3,95.6,0.5
79,36.4,95.1,3.5
81,36.9,96.3,11.7
76,36.2,99,0
81,36.8,99,4.3
85,36.4,99.8,0
80,36.8,97.8,6.4
91,36.3,98.8,0
84,36.4,97.1,1
82,36.5,97.6,1.4
79,36.6,95.7,6.3
56,36.8,98,0
73,36.3,96.9,0
97,36.3,97.3,2.5
84,36.2,91.7,7.8
80,36.3,99.5,0
79,34.5,96.9,0
90,36.4,96.3,4.4
80,36.6,97.6,2.8
82,36.4,98.6,0
79,36.4,96,1.7
78,36.2,99.9,0
84,36.2,96.3,0
77,36.3,99.9,0
79,36.6,95.4,6.9
78,36.9,98,7.4
73,36.5,95.3,3.3
79,36.8,95.6,10.5
80,36,99.2,0
75,36.2,96.6,0
76,36.7,94.7,9.4
60,36.5,97.6,0
72,35.7,97.7,0
82,36.3,97.6,0
82,36.5,98.2,0.2
74,37,95.1,14
78,36.5,90.1,15.2
91,36.2,95.9,1.5
84,36,98.1,0
82,36.4,95.7,3.2
85,37,99.7,8.1
82,36.5,97.1,2.4
81,36.4,96.1,2.1
91,36.6,96.6,8.1
76,36.4,96.3,0.2
89,36.5,98,2.7
80,36.5,97.5,1
81,37.1,95.5,17.3
91,36.7,98.2,6.9
87,36.9,99.8,6.5
82,36,99.1,0
85,36.4,97.4,0.7
63,36.6,98.3,0
57,36.6,95.8,0
67,36.3,95,0
87,36,97.3,0
71,36.4,90.8,9.7
82,36.4,98.9,0
79,38.4,97.1,39.5
90,36.1,95.2,0.6
116,36.8,97.8,17.2
103,36.1,91.7,11.5
87,35.8,97.4,0
63,36.6,95.5,1.9
85,36.3,99.5,0
81,36,99.6,0
81,36.9,96.7,10.9
91,36.5,95.5,8.3
88,36.2,95.4,1.6
92,36.9,98.7,10.2
83,36.3,99.3,0
59,36.3,99.3,0
84,35.9,98.9,0
90,36,99.4,0
88,36.4,93.7,9
91,36.2,97.9,0
83,36.6,96,6.9
91,36.7,98.7,5.9
77,36.6,98.6,0
89,36.1,96.8,0
90,36.4,96.6,3.8
91,36.7,98.5,6.3
92,36.5,91.1,17.4
98,36.9,99.6,10.2
85,36.9,99.7,6.1
69,36.8,95.6,7.5
94,36.6,96.4,9.4
85,36.5,98.1,1.3
81,36.6,97.3,3.7
84,36.5,97.3,2.6
81,36.6,94.9,8.5
57,36.3,98,0
75,36.3,96.9,0
76,36.4,98.4,0
79,36.5,97.8,0.1
90,36.4,96.2,4.6
83,36.5,90.3,16.3
91,36.2,98.3,0
93,36.5,99.1,1.7
92,36,95.5,0
86,35.8,96,0
91,36.5,97.5,4.3
104,36.3,96.6,6
86,36.6,98.5,2.8
94,36.6,97.1,8
73,36.5,97,0
78,36.2,98.2,0
90,36.1,97.2,0
95,35.9,91.4,5.7
99,36.9,99.9,9.9
89,36.7,97.4,7.9
89,37.2,95.6,21.5
90,36,97.3,0
88,36.7,99.8,2.8
84,36.3,98.2,0
83,36.2,97.6,0
64,36.6,99,0
78,36.6,98.6,0.2
91,36.5,98.6,2.1
111,36.6,96.9,13.5
116,36.4,95,14.8
88,36.9,99.2,8
83,36.6,99.2,0.5
91,36.4,95.6,6.1
82,36.6,97.3,4
91,36.8,97.4,10.5
89,36,96.9,0
91,36.4,96.6,4.1
98,38.1,98.9,35.6
97,37,97.1,16.9
101,36.6,95.7,12.9
97,36.3,95.2,6.7
71,36.8,98.4,2.5
77,36.4,95,3.1
93,36.5,99.5,0.9
100,36.4,98.6,2.8
95,36.5,96.1,8.3
95,36.5,97.3,5.9
95,36.7,97.6,9.3
85,36.2,95.6,0.3
94,36.5,98,4.2
83,36.3,97.9,0
103,36.6,99.2,6.5
97,36.7,93.4,18.3
112,36.9,96.5,20.6
80,36.7,98.1,3.8
81,36.2,95.7,0
91,36.8,99.6,6.1
109,37,95.6,23.5
109,37.1,98.4,19.9
110,36.7,96.8,15.4
89,36.3,98.8,0
83,34.9,99.2,0
78,36.4,95.8,1.8
90,36.5,98.5,2
93,36.3,96.5,2.9
94,36.7,99.9,4.4
81,35.6,93.2,0
90,36.6,97.4,6.2
111,36.5,96.2,12.9
109,36.4,99.3,4.1
99,36.9,95.2,19.3
80,36.4,96.6,0.8
73,36.4,95.6,0.7
77,36.6,95.5,6.1
77,36.5,94.2,6.7
84,38.5,97.9,41.4
82,38.3,98.4,35.8
82,38.6,95.2,48.2
82,36.5,90.5,15.6
79,36.4,97.8,0
78,36.4,99.8,0
78,37.1,98.9,9.6
80,36.5,99.3,0
81,36.4,97.3,0
81,36.3,96.8,0
82,36.2,98.4,0
80,36.2,95.8,0
80,36.3,96.5,0
82,36.8,96.7,9.2
81,35.9,99,0
81,36.5,96.1,4.1
82,36.5,98.2,0.2
83,36.7,98.5,3.9
95,36.4,96.1,6.3
94,36,95.3,0
94,36.7,97.8,8.6
82,36.1,97.9,0
76,35.9,99.2,0
78,36.4,98.2,0
90,36.5,95.2,8.6
84,36.6,97,5.2
85,36.8,96.3,10.9
82,36.5,95.7,5.2
73,36.4,98.1,0
89,36,98,0
82,36.6,98.6,1.4
79,36.5,95.6,4.5
78,36.3,97.1,0
90,36.3,96.6,1.8
93,36.8,99.9,6.1
92,35.9,95.4,0
89,36.1,93.6,3.5
87,35.8,99.3,0
92,35.9,97,0
98,36.2,98.6,0
66,36.3,96.7,0
70,36.3,98.8,0
75,37.2,92.2,24.1
82,36.6,92.8,13
92,36.1,98.5,0
77,35.8,96.2,0
80,36.6,95.6,6.8
79,36.6,96.4,4.9
89,36.5,96.7,5.3
92,36.4,96.2,5.2
88,36.6,99.7,1
84,36.8,95,13.2
86,37,96.5,14.8
70,36.4,95.7,0
77,36.2,96.8,0
75,36.4,97.2,0
81,36.4,99.7,0
82,36.8,99.1,4.4
80,36.4,96.1,1.8
89,36.2,98.6,0
88,36.4,97,2.4
97,36.8,95.9,15.3
87,36.7,96.2,9.7
83,36.7,95.9,9.1
71,36.1,97.7,0
78,36.1,95.3,0
62,36,97.4,0
79,37,95.3,15.1
76,36.7,98.5,1.8
55,38,99,20.5
74,36.7,96.2,5.8
77,36.2,98.1,0
76,36.5,98.6,0
66,36.4,96.9,0
53,36.8,97.2,0
72,36.3,96.9,0
82,36.6,95.2,8.2
78,35.9,95.7,0
56,36.2,99.4,0
74,36.3,92.7,4.8
85,36.2,99.3,0
103,36.3,97.1,4.7
110,36.4,97.9,7.2
92,36.1,99,0
84,36.6,95,9.2
80,36.3,97.4,0
90,36.4,99.6,0
67,36.4,97.3,0
69,36.6,95.6,3.5
70,36.5,97.8,0
76,36.2,95.8,0
78,35.9,98.6,0
75,36.7,96,6.5
76,37.1,98.3,10.2
75,36.6,99.8,0
79,36.6,96.5,4.7
80,36.6,95.3,7.4
77,35.9,95.7,0
75,36.1,95,0
93,36.9,95.3,17.3
93,36.2,99.8,0
78,36.1,96.1,0
80,36.5,98,0
77,36.3,96.3,0
76,36.9,95.7,11.4
79,36.2,97.7,0
91,36.8,99.2,6.9
82,36.6,95.1,8.4
74,36.1,98.2,0
83,36.6,96,6.9
86,36.6,98,3.8
75,36.3,99.9,0
79,36.6,97.9,1.9
81,36.5,95.2,5.9
68,36.4,98.2,0
86,36.5,97.6,2.6
92,36.5,95.1,9.4
88,36.7,97,8.4
92,36.2,97.9,0
84,36.4,90.2,14.8
85,36.1,98.5,0
92,37,95.9,17.8
65,36.4,98.1,0
84,36.3,96.9,0
83,36.1,98,0
81,36.4,98.8,0
91,36.8,96.8,11.7
64,36.7,96.3,2.6
75,36.7,99.8,0
72,34,96.1,0
65,36.6,99.9,0
84,36.1,97.8,0
81,36.8,98.4,5.5
83,36.7,96.2,8.5
83,36.9,99.4,6.1
78,36.5,99.4,0
78,36.8,97.1,7.2
81,36.5,98.9,0
84,36.5,96.3,4.6
91,36.4,92.2,12.9
89,36.8,86.2,32.3
83,36.2,97.5,0
88,36.7,90.5,21.4
93,36.8,95.7,14.5
92,36.3,99.5,0
82,36.5,95.5,5.6
72,36.6,96.9,1.8
55,35.9,99.1,0
79,36.6,97.3,3.1
91,36.7,99.2,4.9
94,36.7,98.5,7.2
101,36.9,99.3,11.7
95,36.3,98.5,0
94,36.9,99.1,10
95,36.9,98.9,10.7
85,36.9,96.7,12.1
97,37.1,97.8,17.5
79,36.6,98.1,1.5
80,37,97.3,11.4
82,36.8,98.6,5.4
81,36.4,99.2,0
79,36.5,96.1,3.5
90,37,95.4,18.2
91,36.7,95.2,12.9
93,36.5,98.7,2.5
78,36.7,95.1,9.2
81,36.9,95.1,14.1
57,36.4,98.5,0
73,36,98.1,0
81,36.5,99.6,0
74,36.1,96.3,0
87,36.9,95.7,14.7
92,36.4,100,0
60,36.3,91.8,2.4
78,36.1,92.9,1.6
104,36.5,98.5,6.2
94,36.4,97.4,3.4
93,36.2,99.2,0
94,36.6,99.3,3.6
83,36.4,96.5,1.9
75,36.5,98.6,0
89,36.5,93.6,11.5
75,36.7,99,0.5
90,36.8,98.8,7.4
101,36.4,96.7,6.9
86,37,97.6,12.6
82,36.2,98.5,0
75,36.7,97.1,4.3
78,35.9,98.4,0
90,34.4,96.2,0
92,36.6,96.5,8.6
86,36.5,99.4,0
85,36.3,99.7,0
75,37.1,96.9,12.7
81,36.2,91,8.3
91,36.5,95.6,8.1
76,36.5,96.3,2.2
79,36.2,97.1,0
72,36.7,97,3.6
89,35.8,98,0
80,36.9,97,10
90,36.4,98.9,0
92,36.3,96.6,2.4
93,35.8,97.9,0
92,36.8,95.3,15
76,36.8,96.3,8.2
89,36.7,88.2,26.3
88,36.2,97.7,0
92,36.4,96.4,4.8
87,36.9,99.6,6.9
91,36.3,97.3,0.7
84,36.3,96.5,0.2
82,36.7,95.6,9.4
58,36.9,97.2,3
78,36.4,96.5,0.4
80,36.6,99.8,0
79,36.5,99.3,0
81,36.7,97.9,4.5
96,36.4,97.5,3.8
87,36.5,97.8,2.5
79,36.1,95.6,0
81,36.4,96.1,2.1
81,36.6,95.3,7.7
81,36.5,95.3,5.7
77,36.6,96.1,4.9
89,38.6,97.9,44.9
110,36.4,97.5,8
70,36.4,99.7,0
89,36.7,98.8,5.1
93,36.6,95.6,10.7
88,36.3,96.9,0.6
84,36.3,96.3,0.6
91,36.9,95.8,15.7
87,37,95.6,16.9
92,36.4,99.7,0
80,36.9,96.4,11.2
75,36.1,97.6,0
82,36.3,97.6,0
88,36.7,98.4,5.6
92,36.3,95.9,3.8
94,36.8,95.4,15.4
94,36.3,99.6,0
94,36.9,97.1,14
87,36.5,97.5,3.1
92,36.3,97.3,1
116,36.3,99.2,4.4
90,36.4,95.1,6.8
83,36.7,96.1,8.7
85,36.2,98.8,0
92,36.5,97.5,4.6
84,36.4,98.3,0
91,36.4,96.1,5.1
93,36.9,96.7,14.5
97,36.4,96.2,6.7
101,36.5,94.3,13.7
83,36.5,97.8,1.3
89,36.1,98,0
93,36.4,99.6,0
94,36.4,96.3,5.6
94,36.3,95.1,6
60,36.9,96.3,5.4
71,36.4,98.3,0
88,36.5,95.7,7
87,36.2,95.3,1.5
75,36.6,97.3,1.9
72,36.6,98.6,0
82,36.2,99,0
74,36.5,90.6,13
89,36.8,98.3,8.1
81,36.6,99.4,0
83,36.7,90.3,20.3
79,36.4,95.8,2.1
68,36.6,96.4,1.6
70,36.8,97.5,4
66,36.5,99.7,0
81,36.6,95.3,7.7
74,36.4,96.1,0
60,36.2,100,0
75,35.9,94.8,0
60,37,98.7,2.6
68,36.4,97.9,0
87,36.1,98.4,0
92,36.1,95.1,1.4
94,36.8,95.8,14.6
55,36.6,98.6,0
78,36.5,98.7,0
90,36.1,98.4,0
64,36.1,98.4,0
86,36.7,96,9.8
69,37.1,99.4,5.9
90,36.2,99.5,0
82,36.9,91.9,20.8
77,37.3,99.2,12.7
84,36,95.5,0
85,37.1,97.9,13.7
90,36.8,100,5
98,36.7,95.2,15
66,37.1,97.5,8.8
73,36.7,96.1,5.7
75,37,97.7,9.1
86,36.6,96.1,7.6
63,36.8,95.9,5.1
52,34.7,99.7,0
73,36.6,98.7,0
89,36.4,98.6,0
93,36.8,96.8,12.3
60,36.4,99.4,0
67,36.4,98.6,0
73,36.4,98.5,0
72,36.9,97.9,5.8
79,36.8,95.4,10.9
107,36.7,98.4,11.3
108,36.9,98.2,16
98,36.4,98.3,2.8
78,34.9,97.3,0
94,36.7,99.2,5.8
112,36.9,95.4,22.8
85,36.6,96.9,5.7
103,36.7,99,8.9
96,36.9,99.6,9.6
83,36.6,96.8,5.3
97,35.8,97.1,0
81,36.6,98.4,1.5
91,36.2,98.1,0
79,36.8,98.9,3.9
88,36.1,97.3,0
109,36.6,99.1,8.5
98,36.5,97.6,6.2
117,36.5,96.3,14.5
100,36.3,98.6,0.8
100,36.7,97.6,10.8
82,36.8,99.7,3.2
77,36.5,96.8,1.5
89,36.2,95.5,1.7
93,36.7,100,3.9
85,36.2,97.8,0
96,36.3,98.7,0
95,36.4,98.5,1.5
85,36.3,97.7,0
92,36.4,99.2,0
94,36.8,96.4,13.4
82,36.2,96.8,0
78,36.5,99,0
79,36.8,99.8,2.1
80,37.1,98,12
85,36.2,95.7,0.1
80,36.1,97.7,0
87,36.6,95.3,9.5
58,36.3,95.7,0
68,36.2,98,0
77,36.7,99.6,0
61,36.5,97.3,0
75,36.2,95.8,0
67,36.5,94.5,3.1
64,36.5,96,0
86,36.2,100,0
91,36.7,96.4,10.5
88,36.3,99.8,0
81,36.4,100,0
79,36,97.2,0
88,36.3,99.6,0
98,36.9,97.2,15
94,37,96.6,17
84,36.5,98,1.2
105,36.6,97.3,10.9
92,36.6,96.5,8.6
91,36.1,97,0
82,36.5,99.8,0
87,36.7,96.9,8.3
78,36.6,98.5,0.4
53,36.9,98.2,0
82,36.8,99.7,3.2
89,36.4,99.4,0
71,36.3,97,0
90,36.3,98.2,0
59,34.2,99.5,0
74,36.7,99.2,0
67,36.4,95.6,0
76,37,98,8.8
79,36,99,0
80,36.4,97.7,0
67,36.4,97.3,0
77,36.1,99.1,0
89,36.6,95.3,10.1
71,36.6,97.5,0.3
53,35.9,98.9,0
74,36.1,95.1,0
87,36.5,96.4,5.3
92,36.6,96.2,9.2
93,36.7,97.4,9.1
65,36.5,95,1.5
80,36.5,99.7,0
90,37.2,96.2,20.6
83,36.2,91.7,7.5
67,35.9,99,0
58,36.3,99,0
73,36.4,95.5,0.9
79,36.5,98.9,0
83,36.7,95.6,9.7
104,36.4,95.2,10.8
88,36.6,96.4,7.6
84,36.5,95.7,5.8
91,36.5,99.7,0
93,36.5,98.9,2.1
84,36.7,93.6,14
96,36.5,96.2,8.4
86,36.5,97.2,3.4
93,38.4,97.8,42.3
93,36.4,96.1,5.7
83,36.8,97.7,7.5
82,36.4,96.7,1.2
91,36.7,97.9,7.5
85,36.6,98.4,2.7
92,36.8,96.5,12.6
89,36.4,98.3,0.1
81,36.1,96.6,0
73,36.4,87.2,17.5
98,37.1,96.8,19.8
88,36.3,98.1,0
70,36.7,95.5,6
87,36.9,98.8,8.5
92,38.7,97.2,49.2
92,36.4,96,5.6
77,36.4,100,0
89,36.2,97.9,0
76,36.8,99.5,1.8
80,35.6,95.4,0
80,36,96.4,0
81,34.8,96,0
82,36.3,97,0
80,36.2,96.7,0
81,36.4,96.5,1.3
90,36.2,97.2,0
91,36.1,98.9,0
92,36.1,99.7,0
85,36.8,99.7,4.1
58,36.3,90.1,5.2
84,36.8,99.4,4.4
75,36.4,99,0
87,36.4,95.6,4.9
83,36.4,97.9,0
84,37.3,100,13.2
80,35.9,94.8,0
80,36.7,99.2,1.6
80,36.1,97.9,0
56,36.8,96,2.8
74,36.5,97,0.2
88,36.5,98.3,1.8
84,36.6,96.7,5.8
91,36.2,95.2,2.9
83,36.5,96.9,3.1
83,36.6,99.4,0.1
84,36.9,98.2,8.8
78,36.8,97.6,6.2
94,36.5,96.3,7.6
94,37.1,95.1,22
83,36.6,98.4,2.1
90,36.6,98.7,3.6
77,36.3,96.3,0
73,36.3,97.9,0
71,36.6,99,0
78,36.5,96.6,2.2
93,36.2,96.8,0.3
84,36.4,99.8,0
80,36.5,96,4
81,36.9,96.5,11.3
82,35.8,92.9,0
61,36,99.1,0
79,36.4,95.9,1.9
79,36.8,98.7,4.3
80,36.3,99.8,0
86,36,94.2,0
93,36.2,96.3,1.3
84,36.2,92.5,6.2
75,36.3,95.9,0
79,36.7,96.9,5.9
84,36,95.4,0
63,37.3,96.5,13.9
76,36.4,99.8,0
72,36.7,96.4,4.8
88,36.6,98.4,3.6
84,36.7,97.3,6.6
91,36.7,98.3,6.7
82,36.9,98.3,8
70,36.7,97.1,2.8
78,36,98.4,0
78,36.7,99.5,0.4
88,36.2,97.6,0
64,36.8,98.4,0.4
69,36.5,96.9,0
76,36.7,99.8,0
80,36.8,99.7,2.6
89,36.6,99.5,1.7
93,36.1,98.5,0
93,35.8,90.5,4.9
92,36.9,99.6,8.4
82,36.4,96.6,1.4
70,36.4,97.4,0
88,36.4,98.9,0
92,36.2,96.4,0.8
85,36.2,96.1,0
76,35.8,97.4,0
89,36.5,96.4,5.9
64,36.4,98.9,0
91,36.6,98.9,3.5
78,36.4,99.1,0
93,36.4,97.4,3.1
77,36.6,96.2,4.7
76,36.3,98.9,0
89,36.4,98.6,0
61,36,98.5,0
83,36.6,96.8,5.3
91,36.6,100,1.3
73,36.2,95.8,0
77,35.9,99.2,0
84,36.2,98.6,0
82,36.4,98.9,0
78,36.2,98.6,0
66,36.6,99.2,0
77,36,97.8,0
80,36.3,97.1,0
89,36.9,98.8,9.1
82,36.3,98.9,0
82,36.6,95.9,6.8
81,36.5,98.7,0
88,36.5,98.7,1
92,36.5,95.3,9
88,36.3,98.7,0
92,38.1,96.4,38.8
83,36.5,98.8,0
62,37.1,98.9,4.8
79,36.4,98.2,0
81,36.5,99.3,0
91,36.7,96.6,10.1
93,36.5,95.9,8.1
85,36.2,95.7,0.1
69,36.6,98.2,0
90,36.3,95,5
75,36.8,97.3,5.9
80,36.1,95.2,0
64,36.9,98.9,1.4
82,36.5,96,4.6
82,36.5,99.1,0
73,36.4,92.6,6.7
87,36.8,99.5,5.1
80,36.5,98,0
87,36.2,95.3,1.5
91,36.9,95.1,17.1
91,36.8,93.1,19.1
81,36.4,99.6,0
81,36,98.5,0
83,36.6,96.8,5.3
82,36.8,99.5,3.6
81,36.2,99.9,0
62,37,94.6,11.4
97,36.4,95.4,8.3
88,36.5,99.4,0
60,37.2,97.5,9
67,37,99.4,3.3
76,36.5,99.8,0
89,36.5,98.7,1.3
79,36.4,99,0
72,36.8,99.5,0.6
80,36.9,98.4,7.2
79,36.3,95.9,0
82,36.3,98,0
92,35.9,98.3,0
101,36.2,96.4,3.5
79,35.9,97.7,0
91,36.3,96,3.3
82,36.6,97.2,4.2
93,36.5,98.9,2.1
84,36.7,95.7,9.8
91,35.8,97.4,0
93,36.3,99.3,0
77,36.2,97.6,0
84,36,99.3,0
57,36.5,97.8,0
86,36.8,91.5,20.8
89,36,95.7,0
93,36.6,96,9.9
85,36.2,96.8,0
89,36.7,97.5,7.7
91,36.6,98.3,4.7
92,36.1,97.1,0
91,36.8,99.6,6.1
87,36.9,97.8,10.5
85,36.3,99.2,0
88,36.3,97.9,0
87,38.3,96.8,40.5
92,36.3,91.2,13.2
90,36.2,96.2,0.6
88,36.7,97.8,6.8
70,36.7,98.1,0.8
88,37,97.7,13
75,36.3,98,0
89,36.6,96.4,7.9
79,36.4,96.1,1.5
76,36.6,99.5,0
89,36.6,99.6,1.5
93,36.6,98,5.9
84,36.6,98.7,1.8
91,36.6,96.8,7.7
65,36.2,99.1,0
77,36.8,97.1,6.9
84,36.9,97.7,9.8
90,36.6,95.2,10.6
93,36.2,95.5,2.9
60,36.7,95.5,3
77,37,95.7,13.7
79,36.3,99.8,0
81,36.2,98,0
78,36.5,95.7,4
55,36.4,99.5,0
82,36.7,99.6,1.4
83,36.2,91,8.9
85,37.2,95.6,20.3
82,36.6,95.6,7.4
74,36.5,98.8,0
72,36.7,96,5.6
82,36.7,95.5,9.6
91,37.1,94.7,21.9
87,36.7,98.6,4.9
81,36.4,98.3,0
57,36.8,97.4,0.3
78,35.9,95.7,0
79,36.3,95.4,0.9
80,36.6,95.8,6.4
79,36.1,95.1,0
87,36.2,99.6,0
85,36.9,98.7,8.1
82,36.8,96.2,10.2
80,36,95.2,0
86,37,98,11.8
97,36.7,96.6,11.9
95,36.6,98.3,5.9
102,36.7,98.4,9.8
81,36.6,93.3,11.7
77,36.7,97.5,4.1
87,36.3,95,4.1
86,36.5,94.1,9.6
85,36.3,98.9,0
80,36.7,97.9,4.2
81,36.8,95.2,11.9
84,35.8,96.4,0
86,36,97.2,0
85,36.2,98.9,0
82,36.2,95.3,6.22E-14
91,36.7,98.1,7.1
94,36,99.4,0
84,34.6,99.7,0
83,36.9,92.4,20.1
82,36.6,95.5,7.6
83,37,97.5,11.9
85,36.4,95.5,4.5
87,36.6,97.8,4.5
84,36.7,97.9,5.4
86,36.6,98.9,2
83,35.9,96.7,0
79,36.8,99.8,2.1
84,36.7,96.8,7.6
91,36.2,96.9,0
93,36.2,97.5,0
88,36.8,95.4,13.6
101,36.4,95.2,9.9
96,36.6,96.5,9.8
85,36.2,99.3,0
80,35.8,95.3,0
90,36.7,98.1,6.8
87,36.6,98.7,2.7
58,36.3,98.8,0
75,36.3,97.3,0
89,36.3,96.1,2.5
86,36.2,98.7,0
92,36.2,97.3,0
79,36.7,95.5,8.7
91,36.3,96,3.3
84,36.3,97.9,0
74,36.4,95,2.2
76,36.5,99.2,0
76,34.3,97.1,0
91,36.4,99,0
93,36.4,97.1,3.7
94,38.7,98.6,47
94,36.4,98.5,1.2
77,36.7,97.5,4.1
81,36.7,95.6,9.1
83,36.6,96.2,6.5
83,36.4,97.7,0
84,36.6,95.5,8.2
84,36.7,97.1,7
89,36.4,98,0.7
84,36.2,95.3,0.6
82,36.9,95.4,13.8
89,36.1,97.3,0
90,36.8,96.7,11.6
99,36.6,98.6,6.5
107,36.8,98.8,12.5
81,36.3,97.5,0
74,36.6,97.7,0.8
79,36.4,97.3,0
90,36.9,97.8,11.4
89,36.5,99.3,0.1
96,36.2,95.8,3.2
91,36.1,99.1,0
90,36,98,0
64,36.7,99.9,0
81,36.5,95.4,5.5
77,36.4,98.3,0
73,36.4,99.2,0
75,36.7,97.3,3.9
81,36.4,96.5,1.3
91,36.9,99,9.3
83,36.6,98.5,1.9
85,36.1,93,3.5
81,35.9,98.5,0
84,36.8,99.4,4.4
85,36.6,96.9,5.7
82,36.7,95.3,10
81,36.3,95.6,1.1
86,36.7,97.1,7.6
90,36.2,99.5,0
101,36.5,98,6.3
95,36.3,98.9,0
91,36.8,97.8,9.7
89,36.4,98.4,0
101,36.3,99.1,0.1
98,36.7,97.4,10.6
84,36.2,97.9,0
86,36.3,98.8,0
99,36.5,97.9,5.9
103,36.8,98.7,11.5
87,36.4,98.8,0
95,36.7,96.6,11.3
79,36.4,95.2,3.3
94,36.7,96.7,10.8
80,36.5,97,2
86,36,95.2,0
83,36.6,98.7,1.5
97,36.2,98,0
102,34.9,99.4,0
96,36.1,99.2,0
85,38.1,95.2,39.1
81,36.4,99.2,0
91,36.8,98.6,8.1
114,35.7,90,10.2
80,36.6,99.4,0
77,36.2,96.8,0
75,36.8,95.5,9.5
81,37,98.2,9.9
81,36.3,97.3,0
91,36.9,98.4,10.5
93,36.1,98.9,0
80,36.3,95.1,1.8
90,36.7,97.6,7.8
93,36.7,99.9,4.1
77,36.5,99.1,0
89,36.9,96.8,13.1
92,36.2,88.5,16.6
94,36.5,99.6,1
103,36.7,95.4,16.1
94,36.7,96.8,10.6
83,37,98.6,9.7
85,36.2,96.4,0
97,36.1,95.2,2.7
97,36.3,97.8,1.5
85,36.6,99.7,0.1
109,36.3,95.7,9.3
110,36.2,95.1,8.8
84,38.4,99.9,35.4
86,36.4,99.5,0
82,36.6,97.9,2.8
91,36.8,100,5.3
93,36.3,96.1,3.7
95,36,96.9,0
79,36.1,98.6,0
92,35.9,97.3,0
84,36.3,95.8,1.6
103,36.1,98.5,0
105,36.4,95,11.5
105,36.4,96.7,8.1
86,36.5,98.1,1.6
89,36.6,99.5,1.7
89,36.6,95.5,9.7
88,36.5,98.3,1.8
81,36.3,95.1,2.1
81,35.9,95.2,0
88,36.4,98.2,0
90,36.6,97.8,5.4
90,36.9,97.3,12.4
88,36.8,98.4,7.6
86,37.1,95.6,18.6
85,36.4,95.8,3.9
88,37,97.3,13.8
89,36.9,99.2,8.3
94,35.9,95.2,0
101,36.5,91.3,19.7
107,36.4,91,20.1
112,36.5,98.3,9
112,36.5,92.5,20.6
99,36.3,98.9,0
81,36.4,98.4,0
94,36.8,98.1,10
92,36.1,97.4,0
99,36.6,99,5.7
83,36.5,86.8,23.3
62,36.3,98.9,0
78,36.1,88.6,10.2
82,36.9,97.8,9
93,36.1,95.7,0.5
97,36.7,96.6,11.9
102,37,96.4,19.8
83,36.1,96.2,0
82,36.6,94,10.6
95,36.3,97.7,1.1
93,36.4,97.3,3.3
95,36,98.4,0
111,36.6,98.2,10.9
109,36.7,96.1,16.5
102,36.2,96.4,3.8
94,36.7,98.7,6.8
90,36,96.5,0
93,36.9,96.5,14.9
91,36.9,99.5,8.3
91,37.2,97.7,17.9
98,36.7,98.8,7.8
86,36.5,95.6,6.6
87,36.3,96.8,0.5
80,35.9,99.5,0
98,36.7,99.5,6.4
96,36.1,97.6,0
93,34.1,95.2,0
86,36.6,95.4,9
84,34.9,95.9,0
78,36.2,97.3,0
78,36.2,99.7,0
82,36.5,99.8,0
85,36.7,97,7.5
88,36.9,99.2,8
84,35.9,96.2,0
80,37,98.7,8.6
82,36.4,99,0
94,36,96.1,0
101,36.6,97.2,9.9
106,36.4,95.6,10.6
80,36.8,96.1,9.8
57,36.2,95.9,0
84,36.7,97,7.2
87,36.4,97.9,0.3
80,36.8,97.9,6.2
79,36.3,96.1,0
81,36.7,99.9,0.5
89,35.9,98,0
91,36.6,97.2,6.9
96,36.8,96.4,14
101,36.8,98.9,10.5
89,36.3,97.3,0.1
92,36.7,98,7.6
96,35.8,99.8,0
92,36.5,96.5,6.6
86,37,97.9,12
93,36.8,97.9,10.1
95,36.5,98.4,3.7
85,36.8,99.7,4.1
86,36.8,95.7,12.4
82,36.6,95.5,7.6
81,36.1,98.9,0
82,36.1,99.6,0
80,36.9,98,8
81,36.9,97,10.3
81,36.7,96,8.3
81,36.8,95.3,11.7
84,36.5,96.7,3.8
82,36.8,99.3,4
81,36.2,95.9,0
81,36.5,99.4,0
81,37,95.7,14.9
108,36.7,94,20.4
81,36.2,97.6,0
90,36.6,93.3,14.4
80,35.9,95.3,0
84,36.1,96.5,0
91,36.5,97.2,4.9
84,36.6,96.2,6.8
91,36.7,96.8,9.7
93,36.3,95.8,4.3
84,36.5,95.1,7
78,36.3,96.2,0
91,36.5,99.7,0
78,36.5,91,13.4
84,36,96.4,0
85,36.6,92.8,13.9
75,36.3,98.7,0
89,36.7,96,10.7
83,36.2,99.2,0
91,36.4,95.6,6.1
94,36,95.4,0
82,37.1,98.5,11.6
74,36.7,98.7,0.8
95,37.1,97.6,17.3
80,37.2,99.6,10.8
96,36.6,99.4,4
95,36.5,97,6.5
88,36.8,97.2,10
83,36.7,96,8.9
91,36.7,96.8,9.7
93,36.6,97.4,7.1
81,36.7,99.8,0.7
90,37,97.4,14.2
93,36.4,98.5,0.9
94,36.5,92.5,15.2
84,36.2,97.6,0
92,37,95.2,19.2
110,36.6,93,21
112,37.1,95.2,27.2
89,36.7,98.2,6.3
83,36.6,97.4,4.1
97,36.5,97.6,5.9
89,36.6,95.7,9.3
97,35.9,99,0
98,36.4,97.9,3.6
89,36.5,99.2,0.3
85,36.7,97.7,6.1
89,36.9,94,18.7
100,36.2,96.2,3.6
86,36.9,97.6,10.6
92,35.6,96.6,0
100,36,97.5,0
88,36.7,97.8,6.8
83,36.5,99.8,0
93,36.7,98.7,6.5
95,36.8,97.4,11.7
85,36.8,95.9,11.7
89,36.7,95.3,12.1
76,36.4,96,0.8
83,36.9,92.3,20.3
89,36.3,95.5,3.7
88,36.4,98.2,0
92,36.8,96.4,12.8
100,36.6,96,12
104,36.5,91.8,19.6
102,36.3,95.5,7.6
96,36.7,97.7,9.4
88,36.4,99.9,0
93,36.6,96.9,8.1
89,36.5,98.2,2.3
105,36.6,99.6,6.3
109,36.8,95.2,20.3
108,36.9,97.5,17.4
101,36.8,96.5,15.3
99,38.8,96.4,54.9
95,36.6,95.2,12.1
102,36.4,97.5,5.6
95,36.8,97.6,11.3
100,36.2,99.6,0
117,36.6,99.5,10.1
100,36.4,96.8,6.4
88,37.1,99.4,11.6
92,36.4,96.1,5.4
97,36.4,97.8,3.5
93,36.5,97.7,4.5
99,36.9,90.7,28.3
94,36.3,99.7,0
99,36.7,97.3,11.1
95,36.4,96.7,5.1
104,36.3,97.8,3.6
89,36.7,95.8,11.1
86,36.3,97.4,0
82,37.2,98.4,13.8
90,36.1,99.8,0
94,34.4,99.4,0
95,35.6,98.5,0
92,36.4,97.2,3.2
98,36.9,97.2,15
105,36.4,96.8,7.9
124,36.8,95.6,24
95,36.3,95.2,6.1
83,36.2,98.5,0
85,36.2,99.2,0
75,36.7,98.3,1.9
83,36.8,98.8,5.3
80,36.5,98,0
84,36.7,96,9.2
86,36.6,99.8,0.2
86,36.4,99.2,0
92,36.9,96.3,15
88,36.6,99.5,1.4
83,36.8,95.3,12.3
92,36.5,98.9,1.8
93,36.7,96.2,11.5
84,36.2,98.4,0
91,36.9,98.5,10.3
84,36.6,96.1,7
85,36.7,98.8,3.9
75,36.3,91.8,6.9
83,36.6,99.6,0
73,36.5,97.5,0
83,36.3,98.5,0
57,36.1,97.8,0
70,36.9,95.7,9.6
74,36.4,99,0
89,37.2,96.4,19.9
87,35.8,95.3,0
81,36.9,95.5,13.3
91,36.5,95.1,9.1
93,36.7,96.1,11.7
77,36.3,97.9,0
90,36,98.9,0
87,36.3,98.2,0
86,36.6,98.8,2.2
77,36.5,95,5.1
84,37.1,95.5,18.2
79,36.7,99.2,1.3
91,36.4,97.4,2.5
80,36.5,100,0
79,34.4,91.1,0
73,36.6,95.4,5.1
66,36.5,97.3,0
75,36.9,99.3,3.9
79,36.7,97.1,5.5
84,36.5,98.4,0.4
82,36.5,98.9,0
78,36.7,93.9,11.6
77,36.3,99.3,0
76,36.2,99.9,0
94,36.2,90.1,14
90,36.4,97.3,2.4
99,36.4,99.7,0.3
95,36.5,99.6,1.3
85,36.6,96.3,6.9
75,36.2,99.2,0
89,36.2,98.4,0
93,36.2,99.3,0
84,36.7,97.1,7
96,36.4,97.1,4.6
89,36.1,95.5,0
91,36,94.4,0.5
96,36,95.3,0.2
103,36.4,97.6,5.7
96,36.8,95.2,16.4
93,36.2,98.5,0
96,36.4,99.5,0
83,36.7,95.3,10.3
89,36.5,99.6,0
87,36.5,98.5,1.1
92,36.6,96.4,8.8
95,36.4,99.7,0
93,36.7,95.9,12.1
88,36.4,98.4,0
79,36.4,98.1,0
89,36.9,95.7,15.3
91,36.9,99,9.3
93,36.6,99.9,2.1
92,36.2,99.7,0
92,36.7,99.8,4
91,36.2,96.1,1.1
95,36.6,99.2,4.1
96,36.6,97.4,8
83,36.5,96.3,4.3
91,36.6,97.5,6.3
98,36.9,99.4,10.6
94,35.7,93.3,0
95,36.8,95.8,14.9
94,36.7,99.3,5.6
97,36.5,99.3,2.5
93,36.8,96.6,12.7
94,36.5,96.2,7.8
89,36.8,98.4,7.9
85,36.1,97.1,0
92,36.5,100,0
94,36.6,97.5,7.2
95,38.3,97.5,41.5
100,36.8,92.5,23
99,36.4,95.6,8.5
102,36.7,99.5,7.6
90,36.7,97.2,8.6
94,36.5,95.7,8.8
97,36.2,99.5,0
99,36.5,98.6,4.5
87,36.2,98.9,0
86,36.4,95.3,5.2
91,36.8,95.7,13.9
94,36.8,98.6,9
87,36.1,97.7,0
93,36.4,97.8,2.3
90,36.5,96.7,5.6
99,35.9,99.8,0
97,36.7,100,5.1
95,36.2,99.3,0
97,35.9,99.5,0
98,36.5,98.4,4.6
101,36.4,99.7,0.9
101,36.2,99.6,0
100,36.2,96.6,2.8
85,36.4,97.6,0.3
83,36.5,96,4.9
76,36.6,95,6.8
85,36.7,98.4,4.7
82,35.8,92.7,0
108,36.5,98,8.4
85,36.4,98.7,0
97,36.8,95.2,16.7
78,36.2,97,0
90,38.3,99.5,36
92,36.7,99.7,4.2
94,36,95.6,0
88,36.2,99.2,0
92,36.4,97.1,3.4
94,36.2,98.5,0
88,36.5,97.5,3.4
82,36.6,99.7,0
81,36.7,92.1,16.1
91,36.7,96.6,10.1
84,36.2,97.4,0
91,36.5,97.7,3.9
93,38.3,98.8,38.3
94,36.8,99.5,7.2
94,36.2,98.5,0
81,36.5,98.2,0
74,36,95,0
89,36.5,96.5,5.7
76,36.1,95.8,0
89,36.2,95.5,1.7
93,36.3,98,0
84,36.7,96.4,8.4
92,36.6,95.2,11.2
79,34.1,94.9,0
81,36.5,99,0
87,36.7,96.1,9.9
94,36.2,97.4,0
98,36.7,97.4,10.6
88,35.9,95,0
88,35.9,98.8,0
89,36.3,93.4,7.9
91,36.3,99.3,0
82,36.6,95.6,7.4
74,36.9,96.2,9.8
79,36.3,99.8,0
81,36.5,98.8,0
104,37,97.2,18.8
120,35.8,99.8,0
95,37.1,98.2,16.1
94,36.8,99.1,8
99,36.5,99.4,2.9
97,36.2,97.2,0.7
107,36.2,98.1,1.9
97,36.9,96.7,15.7
90,36.3,99.5,0
83,36.5,91.3,14.3
85,36.2,99.1,0
78,36.8,99.5,2.4
78,37.1,98,11.4
76,36.4,99.4,0
80,37,97.7,10.6
81,36.3,96.3,0
83,36.5,95.9,5.1
85,36.5,92.2,13.1
75,36.2,97.7,0
89,36.5,95.9,6.9
86,36.6,96.8,6.2
79,36.4,96.6,0.5
108,36.4,95.2,12
119,36.8,94.3,25.1
90,36.5,99.1,0.8
79,36.6,98.3,1.1
68,36.4,98.6,0
75,36.4,96.9,0
80,36.8,99.6,2.8
78,36.9,90.2,23
84,35.8,99.6,0
79,36.6,98.9,0
79,36.1,99.5,0
56,37,97,4.8
82,36.8,95.8,11
94,36,97.8,0
84,36.9,96.4,12.4
91,36.8,96.5,12.3
84,36.3,99.4,0
85,36.4,90.5,14.5
92,37.3,95,25.6
90,36.3,95.3,4.4
96,36.3,95.4,6
96,36.5,99.4,2
97,36.2,98.6,0
98,36.3,95.2,7
97,36.3,99.6,0
104,36.4,97.7,5.8
98,36.7,91,23.4
95,36.7,87.1,30.3
95,36.6,95.9,10.7
87,36.6,96,8.1
91,36.2,95.8,1.7
87,37,98.7,10.7
91,36.4,96.9,3.5
84,37,96.8,13.6
86,36.9,97.3,11.2
91,36.3,97.9,0
62,36.4,99.2,0
59,36.2,96.4,0
72,36.8,100,0
84,35.7,98.2,0
90,36.5,96.3,6.4
83,37,99.5,7.9
109,36.5,98,8.7
85,36.3,96,1.5
89,36.4,86.5,23.7
104,36.7,96.2,14.8
108,36.7,95.8,16.8
92,36.2,96.4,0.8
84,36.9,98.8,7.6
78,36.2,95.8,0
80,36.8,95.5,11
91,36.4,97.9,1.5
94,36.9,97.6,13
96,36.6,99,4.8
94,36.5,97.4,5.4
85,36.7,99,3.5
82,36.6,97.2,4.2
81,36.1,98.1,0
54,36.9,95.8,4.6
83,36.5,99.9,0
80,36.5,98.5,0
81,36.3,98,0
77,35.9,96.3,0
80,36.1,97.8,0
81,36.6,98.3,1.7
74,37.1,99.7,6.8
89,36.6,95.8,9.1
93,36.4,96.8,4.3
84,36.8,96.7,9.8
63,36.2,97.3,0
57,36.4,96.3,0
50,36.5,99.9,0
71,36.4,98.4,0
76,36.6,99.9,0
80,36.6,97.9,2.2
78,36.7,95.3,8.8
84,36.3,96.1,1
99,36.9,95.2,19.3
99,36.3,95.6,6.5
91,36.4,90.8,15.7
84,36.3,98.5,0
92,36.8,96.1,13.4
96,36.9,96.9,15
100,35.9,92.2,5.6
98,36,98.8,0
104,36.4,97.2,6.8
105,36.3,97.8,3.9
101,36.8,97.3,13.7
97,36.8,98.2,10.7
95,36.1,98.5,0
85,35.8,97,0
89,36.4,96.2,4.3
90,36.9,97.2,12.6
86,36.3,95.9,2
86,36.3,95,3.8
82,36.5,99,0
78,37.3,97.6,16.2
76,36.7,92.6,13.6
83,36.4,99.3,0
83,38.9,97.9,49.1
88,36.6,99.3,1.8
93,36.4,99.9,0
94,36.7,98.8,6.6
77,37.1,90.7,25.7
80,36.5,98.7,0
90,36.6,96.8,7.4
79,36.2,99.2,0
83,36.5,95.4,6.1
85,36.3,96.7,0.1
104,36.6,98.7,7.8
85,36.8,99.7,4.1
84,36.4,99.5,0
91,36.1,96.3,0
80,36.7,96.9,6.2
84,36,98.2,0
82,36.5,97.5,1.6
91,36.3,99.1,0
80,36.3,97.6,0
79,36.8,90.2,21.3
73,36.2,85.4,17.1
72,36.6,96.1,3.4
76,36.8,90.8,19.2
75,36.6,95.7,5.1
78,36.7,97.7,4
80,36.5,99.7,0
84,36.5,98.8,0
78,36.3,97,0
76,36,91.4,2
80,36.5,95.7,4.6
84,35.6,95.8,0
95,36.1,99,0
84,36.8,97.3,8.6
82,36.6,95.9,6.8
57,36.7,92.9,7.3
62,36.5,95.8,0
86,36.3,98.2,0
80,36.6,98.6,0.8
79,36.3,98,0
81,36.4,99.9,0
81,36.4,98.1,0
80,36.1,95.4,0
81,36.6,99.6,0
82,36.8,99,4.6
90,36.1,99.3,0
81,36.3,95.4,1.5
68,36.6,97.9,0
65,37,96.7,8.1
69,36.3,97.4,0
78,36.5,98.7,0
90,36.5,98.2,2.6
93,36.8,95.9,14.1
76,36,97.3,0
67,36.4,95.8,0
58,36.4,92.5,2.4
85,36.1,98.5,0
92,36.5,95,9.6
94,36.2,97,0.2
84,36.4,99.2,0
82,36.5,98.7,0
91,37,98.7,11.9
84,36.2,98.9,0
82,36.7,97.1,6.4
95,36.5,95,10.5
85,36.7,93.4,14.7
86,36.8,90.4,23
74,36.4,95.8,0.6
84,37,96.8,13.6
76,36.3,93.7,3.4
71,36,98.3,0
70,36.4,95.9,0
76,36.6,98.8,0
76,35.8,98.9,0
68,36.7,98.4,0
68,36.8,99.4,0
66,36.6,95.2,3.4
65,36.7,98,0
65,36.3,96.9,0
65,37,94.3,12.9
67,36.1,99,0
69,36.7,97.5,1.7
65,36.4,95.7,0
65,36.6,94.7,4.1
67,36.5,98,0
70,36.1,96.5,0
69,36,97.7,0
67,36.7,98.8,0
68,36.8,95.5,7.4
70,36.8,99.8,0
77,36.4,95,3.1
74,36.8,96.5,7.2
70,36.5,95.7,1.6
66,37,95.8,10.2
75,36.7,99.8,0
72,36.3,99.7,0
68,36.2,97.9,0
67,36.1,99.8,0
89,36.3,99.6,0
91,37,98.2,12.9
95,36.4,96.1,6.3
103,36.5,97.3,8.3
91,36.5,99.6,0.1
87,36.8,98,8.1
86,36.7,99.3,3.2
83,36,96.6,0
85,36.1,94.3,0.9
92,36.4,96.6,4.4
93,36.5,99.3,1.3
94,36.5,91.6,17
81,36.8,95.9,10.5
93,36.4,88.4,21.1
83,37,97.7,11.5
87,36.7,97.9,6.3
85,36.4,96.6,2.3
86,36.8,97.7,8.4
82,36.7,95.7,9.2
77,37.1,99.2,8.7
89,36.6,96.7,7.3
80,37,95.8,14.4
61,36.5,97.4,0
74,36.2,96.1,0
58,36.1,96.9,0
81,36.4,95.3,3.7
88,36.1,98.1,0
81,36.4,90.8,12.7
91,36.1,98.6,0
91,36.4,97.6,2.1
71,36.6,96.8,1.7
76,36.8,95.4,10
89,36.4,91.4,13.9
83,36.2,99.4,0
62,36.6,95.8,1
63,36.7,95.5,3.9
86,36.6,95.1,9.6
80,36.6,97.8,2.4
81,36.4,98.8,0
81,36.7,95,10.3
91,36.4,96.3,4.7
71,36.3,96.4,0
89,36.5,98.6,1.5
70,36.3,95.3,0
82,36.7,95.6,9.4
58,36.8,96.4,2.6
84,37.2,95,21.2
91,36.5,98.3,2.7
72,36.5,98.7,0
65,35.9,95.5,0
86,36,97,0
80,36.6,98.6,0.8
90,36.4,96.4,4.2
83,36.8,95.5,11.9
93,36.5,95.9,8.1
118,36.6,97.6,14.2
122,36.6,98.2,14.2
112,36.4,96.6,10.4
124,36.7,98.6,16
86,36.5,92.3,13.2
93,36.6,97.7,6.5
94,36.4,99.1,0
94,37,98.6,13
84,36.3,95.1,3
86,36.5,95.3,7.2
86,36.6,97.6,4.6
93,36.4,96.8,4.3
94,37.1,97.7,16.8
91,36.1,96.7,0
93,36.2,97.5,0
72,36.7,95.3,7
79,36.9,95.3,13.1
79,36.3,97.6,0
90,36.4,99.9,0
87,36.3,96.3,1.5
91,36.9,98.9,9.5
95,36.1,98.9,0
94,34.8,97.9,0
94,36.2,98.1,0
87,36.8,99.9,4.3
64,36.5,97,0
91,36.4,96.9,3.5
71,36.8,99.3,0.7
59,36.7,95.7,2.3
71,36.5,95.5,2.3
89,36.6,96.7,7.3
83,36.2,96.9,0
94,36.2,97.4,0
104,37.1,95.8,23.6
107,36.9,97.9,16.3
112,36.5,96.1,13.4
116,36.4,99.4,6
108,36.8,97.2,16
104,36.7,95.3,16.6
105,36.8,98.4,12.7
117,36.2,90.4,20.3
90,36.5,96.6,5.8
83,36.7,90.8,19.3
88,36.9,98.7,9
78,36.6,98.7,2.22E-14
83,35.8,98.3,0
85,36.8,98.6,6.3
92,36.5,99,1.6
94,36.5,96.7,6.8
88,36.7,94.2,14
81,36.3,98.9,0
81,36.7,98.6,3.1
77,37.4,91.2,30.7
91,36.9,95.1,17.1
91,36.7,97,9.3
82,36.5,96.6,3.4
81,36.7,95.9,8.5
79,36.5,99.6,0
78,36.9,95.5,12.4
74,36.6,99.9,0
89,36.1,98.7,0
93,36.5,99.7,0.5
94,36.5,99.8,0.6
88,36.7,99,4.4
78,36.2,97.9,0
90,36.4,98.8,0
93,36.7,99.8,4.3
94,36.3,97.2,1.8
94,36.3,96.9,2.4
95,36.6,98.8,4.9
95,36.7,95.1,14.3
94,36.6,99.7,2.8
93,36.3,99,0
94,36.5,96.6,7
88,36.7,96.4,9.6
87,36.7,99.4,3.3
86,36.2,91.6,8.6
92,36.5,95.1,9.4
93,36.2,98.7,0
94,36.5,96.9,6.4
77,36,95.7,0
80,36.3,96.3,0
81,36.4,98.9,0
77,36.3,91.2,8.7
78,36.8,99.2,3
76,36.3,97.2,0
89,36.6,96.7,7.3
95,36.7,97.2,10.1
82,36.7,99.5,1.6
87,36.8,96.1,11.9
92,36.3,96.4,2.8
94,37.1,99,14.2
87,36.4,96.5,3.1
75,36.3,96.2,0
88,36.5,96.4,5.6
92,36.2,93.7,6.2
92,36.9,96.5,14.6
88,36.6,95.3,9.8
81,36.1,95.5,0
85,35.6,95.9,0
92,35.7,99.7,0
87,36.7,95.3,11.5
81,36.5,99.2,0
81,36.3,97.5,0
80,36.3,95.2,1.6
83,36.4,98.1,0
87,36.7,96,10.1
85,37,96.8,13.9
84,36.7,97,7.2
87,36.4,95.1,5.9
80,36.9,95.1,13.8
79,36.2,97.8,0
80,36.9,87.4,29.2
81,36.6,97.6,3.1
79,36.4,97.5,0
76,36.2,99,0
76,36.6,99.1,0
75,36.5,95.1,4.3
83,36.6,97.5,3.9
82,35.9,96.9,0
77,36.5,100,0
80,36,99,0
83,36.7,97.1,6.7
84,36.6,98.6,2
77,36.3,98.3,0
88,36.5,99.9,0
110,36.7,95.7,17.6
104,36.6,95.7,13.8
96,36.2,99,0
88,36.6,95.8,8.8
89,36.2,98.9,0
84,36.3,95.9,1.4
89,36.7,97.7,7.3
90,36.4,95.7,5.6
88,37,98,12.4
93,36.5,95.5,8.9
90,36.3,96.3,2.4
86,36.8,99.8,4.2
81,36.4,99.9,0
77,36.4,97,0
82,36.4,99.9,0
86,36.2,99.4,0
90,36.4,92,13
90,36.5,94.2,10.6
86,36.7,98.8,4.2
85,36.2,98.2,0
72,36.8,99.2,1.2
71,36.8,96.4,6.5
71,36.7,96.4,4.5
76,36.6,99.8,0
82,36.2,95.2,0.2
74,36.2,99.1,0
89,36.5,99.7,0
93,36.5,97.7,4.5
84,36.5,97,3.2
91,36.9,96.6,14.1
104,37,95,23.2
88,36.9,96.1,14.2
93,36.4,96.6,4.7
94,36.9,99.1,10
81,36.4,99.7,0
77,35.9,98.1,0
84,36.4,98.6,0
92,36.2,96.3,1
93,36.2,97.8,0
94,36.9,95.9,16.4
77,36.3,95.5,0.1
78,36.4,98.3,0
90,36.6,98.5,4
80,36.7,99.2,1.6
90,36.4,95.9,5.2
80,36.5,99.5,0
90,36.8,95.2,14.6
79,36.4,95.8,2.1
90,36.1,95.8,0
93,36.1,95,1.9
94,36.9,98.5,11.2
94,37,99.4,11.4
88,36.3,96.8,0.8
83,36.6,92.9,13.1
85,35.8,97.4,0
92,36.8,98.3,9
87,36.6,98.2,3.7
86,36.6,99.4,1
79,36.6,98.6,0.5
95,36.6,100,2.5
81,36.9,96.6,11.1
81,36.6,99.4,0
85,36.5,97.9,1.7
78,36.1,95.4,0
76,36.1,97.1,0
89,36.7,97.7,7.3
82,36.6,95.2,8.2
85,36.6,98.5,2.5
87,37.2,96.8,18.5
88,36.2,97.9,0
84,36.3,91.3,10.6
90,36.7,92.5,18
87,36.9,98.6,8.9
92,36,98.4,0
94,36.7,98,8.2
84,36.6,97.5,4.2
77,36.7,96.6,5.9
80,36.1,95.4,0
90,36.7,98.7,5.6
76,36.4,97.3,0
74,36.4,98,0
89,37,95.5,17.7
82,36.5,91.3,14
84,36.4,96.9,1.4
77,36.3,95.6,0
90,36.8,96.3,12.4
89,36.6,99.7,1.3
93,36.3,96.3,3.3
84,36.6,97.7,3.8
82,35.7,98.5,0
97,36.4,97.2,4.7
98,36.3,98.8,0
85,36.8,97.2,9.1
96,36,90.6,9.6
99,36.4,90.1,19.5
99,36.5,99.9,1.9
78,36.4,99.6,0
80,36.4,99.4,0
76,36.7,95.2,8.4
80,36.5,85.6,24.8
101,36.8,98.3,11.7
97,36.6,95.7,11.7
92,36.4,99.4,0
94,36.6,99.9,2.4
96,37.4,95.7,27.4
77,36.4,97.5,0
97,36.3,97.4,2.3
89,36.4,98.3,0.1
90,36,99.7,0
93,37.1,98.1,15.7
94,36.9,96.1,16
94,36.6,96.8,8.6
77,36.2,99.2,0
87,37.5,97.3,23.5
92,35.7,95,0
78,36.6,95.7,6
80,36.9,97.5,9
90,36.1,96.1,0
83,36.6,96.3,6.3
77,36.6,96.3,4.5
80,36.3,96.8,0
111,36.6,99,9.3
107,37,98,18.1
98,36.2,99.7,0
95,36.5,98.6,3.3
81,36.7,92.1,16.1
77,36.8,92.5,16.1
89,36.9,96.9,12.9
93,36.5,98.6,2.7
94,36.4,98,2.2
84,37,99.9,7.4
91,36.9,97.4,12.5
59,36.7,99.6,0
79,36.8,97.2,7.3
91,36.9,99.4,8.5
93,36.4,96.5,4.9
88,36.7,95.2,12
75,36.5,99.5,0
77,36.6,97.3,2.5
90,36.8,96.7,11.6
93,36.6,95.2,11.5
80,37,97.6,10.8
91,36.7,95.5,12.3
114,36.5,96.1,14
107,36.8,97.4,15.3
104,36.6,96.4,12.4
100,36.2,96,4
100,36.5,99.4,3.2
98,36.2,99.4,0
90,36.5,99,1
86,36.6,99.7,0.4
89,36.1,99.9,0
94,36.7,98.7,6.8
115,36.6,98.7,11.1
95,36.9,96.5,15.5
85,36.1,96.5,0
87,36.4,95.6,4.9
100,36.4,95.2,9.6
109,34.1,96.7,0
105,36.6,99.1,7.3
109,36.3,95.5,9.7
88,36.4,95.8,4.8
91,36.2,96.9,0
84,36,96.3,0
80,36.4,96.1,1.8
87,36.9,95.9,14.3
106,36,96.4,1
115,36.4,98.3,7.9
109,36.6,96.5,13.7
97,36.4,98.9,1.3
100,36.5,98.3,5.4
98,36.9,96.2,17
78,36.5,97.5,0.4
80,36.7,97.2,5.6
85,36.1,96.8,0
90,36.5,96.2,6.6
91,38,99.2,30.9
93,38.7,92.3,59.3
83,36.2,96.1,0
98,36.1,97.6,0
124,36.3,96.5,12.2
135,36.8,96.7,25.1
128,36.5,98.5,13.4
97,36.9,89.5,30.1
82,36,95.3,0
89,36.2,96.4,0
77,36.5,97.9,0
80,36,95.8,0
81,35.8,98.7,0
91,36.4,95.3,6.7
87,35.8,97.8,0
83,36.5,98,0.9
84,36.6,99.9,0
77,36.9,98.9,5.3
80,36.1,97.6,0
117,36.2,95.7,9.7
121,36.8,97.3,19.7
111,36.6,95.5,16.3
101,36.9,96.5,17.3
92,36.1,97.6,0
89,38.7,97,48.7
79,36.7,96.2,7.3
78,36.3,96,0
90,36.3,99.1,0
71,36.9,97.5,6.3
79,36.3,99.2,0
90,36.5,97.6,3.8
97,36.6,96.2,10.7
103,36.4,97.3,6.3
77,36.2,97.4,0
77,36.3,98.8,0
84,36.5,91.1,15
91,37,95.9,17.5
87,37.3,96.4,21.3
89,36.4,98.2,0.3
95,36.3,99,0
98,36.7,96.8,11.8
95,36.5,95.7,9.1
90,36.9,96.1,14.8
95,36.6,95.1,12.3
99,36.9,96.4,16.9
102,36.7,99.7,7.2
108,36.6,96,14.4
107,36.8,97.2,15.7
96,36.5,95.3,10.2
97,35.9,97.3,0
89,36.6,95.3,10.1
90,36.3,97.9,0
83,36.2,97.6,0
98,36.5,97.7,6
107,36.3,85.6,28.9
79,36.8,95.5,10.7
78,36.9,100,3.4
90,36.8,97.5,10
93,36,98.8,0
88,36.3,98.5,0
75,36.6,98.1,0.3
89,36.8,99.8,5.1
87,36.9,98.6,8.9
75,36.6,87.8,20.9
90,36.6,97.3,6.4
83,36.6,96.4,6.1
82,35.9,95.1,0
85,36.3,99.6,0
81,36.8,95.2,11.9
103,36.4,97.3,6.3
83,36.5,96.6,3.7
82,36.2,98.1,0
91,36.5,98.8,1.7
102,36.3,99,0.6
84,36.3,97.3,0
90,36.4,95.3,6.4
94,36.3,96.7,2.8
92,36.3,91,13.6
91,36.7,96.4,10.5
90,36.1,95.3,0.4
91,36.5,98.8,1.7
102,36.5,93.3,16
101,36.9,99.9,10.5
94,36.5,99.1,2
95,36.6,99.2,4.1
97,36.8,97.2,12.7
106,36.4,90.9,20
84,36.2,99.2,0
78,34.3,99.6,0
76,36.9,98,6.8
89,37.2,97.5,17.7
93,37.1,99.4,13.1
102,36.3,97.9,2.8
103,36.7,97.3,12.3
103,36.6,99.6,5.7
113,36.2,97.2,5.5
123,36.5,99.5,9.9
110,36.6,95.8,15.4
98,36.5,96.6,8.2
103,36.9,96.7,17.5
108,36.3,98.7,3
85,36.6,95.6,8.3
77,36.7,97.9,3.3
80,36.6,96.8,4.4
90,36.8,97.5,10
83,36.4,96.8,1.3
81,36.5,99.3,0
62,36.4,98.7,0
72,36.7,97.9,1.8
77,36.3,97,0
99,37,97.8,16.1
63,36.8,96.9,3.1
67,36.1,96.6,0
61,36.2,95.8,0
92,36.4,99.1,0
93,36.7,97.9,8.1
88,36.4,95.4,5.6
100,36.2,99.3,0
116,36.4,96.5,11.8
117,36.9,99.1,16.9
108,36.8,100,10.4
114,36.3,96.4,9.4
89,36.6,99.3,2.1
101,36.3,95.5,7.3
83,36.5,95.9,5.1
110,36.5,96.8,11.4
108,36.7,96.6,15.2
90,36.9,98.5,10
93,35.8,94.7,0
93,36.5,99,1.9
102,36.7,96.3,14
106,36.5,99.1,5.6
105,36.6,96.9,11.7
104,36,95.8,1.6
105,36.4,92.7,16.1
83,36.8,95.5,11.9
90,36.6,99,3
84,36.7,96.3,8.6
84,36.6,96.7,5.8
92,36.5,92.1,15.4
110,36.2,97.7,3.6
118,36.2,98.1,5.2
124,36.8,97.6,20
125,36.5,99.1,11.3
95,36.8,96.6,13.3
84,36.4,96.3,2.6
94,36.4,96.4,5.4
98,36.4,98.1,3.2
96,36.9,98.2,12.4
100,36.7,97.9,10.2
102,36.2,96.8,3
92,36.6,95.6,10.4
103,36.6,98.7,7.5
104,36.5,96.9,9.4
103,36.4,98,4.9
90,36.5,98.3,2.4
90,36.5,99.1,0.8
94,36.1,99.6,0
103,36.7,96.2,14.5
102,36.3,97.6,3.4
91,36.7,97.8,7.7
98,36.6,99.9,3.6
97,36.5,97.4,6.3
98,36.9,92.3,24.8
100,36.7,94.5,17
90,34.9,95.6,0
88,36.6,99.8,0.8
91,36.4,87.9,21.5
96,36.6,99.8,3.2
100,36.6,99.7,4.6
91,36.5,97.9,3.5
79,36.9,96.2,11.3
78,36.3,95.4,0.6
84,36.3,95.4,2.4
80,37,99.5,7
84,36.5,95.2,6.8
97,36.6,96.5,10.1
85,36.3,95.9,1.7
92,36.7,98.1,7.4
84,36.5,95.1,7
85,36.6,98.1,3.3
92,37,91.6,26.4
87,34.1,96,0
93,36.1,95.7,0.5
84,36.6,96.7,5.8
81,36.6,98.2,1.9
94,36.7,95.3,13.6
81,36.5,95.4,5.5
81,36.2,97.4,0
81,36.4,99.1,0
91,36.6,96.5,8.3
84,36.6,99.6,3.91E-14
109,36.9,96,20.7
87,36.6,95.2,9.7
75,36,95.3,0
75,37.2,99.1,10.3
81,36.4,96.5,1.3
79,37.2,96.2,17.3
77,36.2,95.2,0
89,36.4,93.6,9.5
83,36.7,97.1,6.7
82,36.6,95.4,7.8
91,37.1,99.2,12.9
87,36.7,98.9,4.3
92,36.5,99.1,1.4
88,36.4,95.7,5
83,36.4,90.1,14.7
76,36.7,98.1,2.6
80,36.9,99.9,4.2
81,36.3,97.1,0
93,36.2,99.9,0
84,36.3,89.2,14.8
82,36,98.2,0
81,36.5,96.9,2.5
79,36.3,92.3,7.1
78,36.3,97.2,0
79,36.7,96.3,7.1
77,36.7,98.1,2.9
89,36.6,97.5,5.7
110,36.7,96.6,15.8
89,36.5,96.6,5.5
82,36.8,99.1,4.4
100,36,95.4,1.2
104,36.9,96.1,19
87,36.8,96.3,11.5
83,36.3,95.4,2.1
91,36.4,98.9,0
76,37.2,99.5,9.8
98,36.7,99.1,7.2
95,37,97.1,16.3
111,37.1,91.4,34.5
99,37,99.4,12.9
78,36,94.6,0
79,36.6,95.8,6.1
90,36.9,96.2,14.6
83,36.4,95.1,4.7
100,36.2,95.9,4.2
104,36.2,95,7.2
97,36.5,95.2,10.7
84,35.8,96,0
101,36.4,98.7,2.9
86,36.2,97.6,0
101,36.8,97.9,12.5
82,36.7,95,10.6
81,36.5,96,4.3
77,36.9,96.5,10.1
80,36.6,99.3,0
100,34.9,98.5,0
96,36.6,95.5,11.8
85,36.4,98.5,0
97,36.1,96.2,0.7
73,36.2,98.7,0
85,36.1,95.2,0
92,36.4,95.9,5.8
84,36.5,92,13.2
82,36.5,99.5,0
92,36.1,99.3,0
84,36.3,98.3,0
78,36.9,98.1,7.2
80,36.2,98.8,0
81,36.6,96.9,4.5
91,36.2,97.5,0
79,36,95.6,0
56,36.9,97,2.8
73,35.9,98.3,0
79,36.5,93.2,9.3
90,36.8,99,7
93,36.4,99.7,0
93,36.7,99.2,5.5
94,36.4,97.1,4
94,36.3,95.7,4.8
94,36.6,99.2,3.8
84,36.2,99.5,0
82,36.2,95.3,6.22E-14
79,36.3,98.8,0
79,36.1,95.4,0
80,36.3,96.8,0
79,36.9,97.3,9.1
80,36.6,96.9,4.2
68,36.5,95.3,1.8
75,36.7,97.2,4.1
72,36.4,98.5,0
82,36,95.3,0
81,34.4,99,0
62,36,97.4,0
52,35.8,99.4,0
94,36.6,97.6,7
67,36.3,99.3,0
75,36.5,99.8,0
90,36.7,99.3,4.4
75,36.4,96.2,0.1
84,36.4,94.6,6
81,36,98.8,0
58,36.1,97.3,0
86,36.1,96.2,0
82,37.1,96.1,16.4
58,36.7,99.5,0
75,36.5,98.1,0
74,36.2,99.2,0
88,36.8,96.4,11.6
92,36.3,98.2,0
92,37,96.1,17.4
94,36.1,98.3,0
96,36.8,98,10.8
81,36.3,96.8,0
91,36,91.7,5.9
85,36,98.8,0
77,36.4,97.9,0
85,36.5,99.1,0
86,36.5,97.8,2.2
82,36.1,95.6,0
83,36.6,98.4,2.1
86,37,99.7,8.4
79,36.1,95.1,0
84,36.6,96.4,6.4
91,36.3,97.7,0
82,36.5,96.3,4
82,36.9,97.4,9.8
91,36.6,97.4,6.5
87,36.1,97.8,0
92,36.1,96.3,0
94,36.2,99.7,0
84,36.1,95,0
91,36.6,98.7,3.9
93,36.3,95.3,5.3
77,36.4,96.1,0.9
80,36,98.4,0
81,36.5,96.8,2.7
79,36.3,96.3,0
77,36.7,98.9,1.3
89,34.4,97.5,0
80,36.3,98.7,0
79,37,92.2,21.3
90,36.8,95.9,13.2
83,36.4,98.3,0
78,36.3,98.7,0
78,36.9,99.2,5
80,36.2,98.3,0
62,36.1,95.3,0
76,36.7,99.5,0
89,36.9,95.1,16.5
79,36.5,98.1,0
90,36.6,95.3,10.4
83,35.9,98.6,0
92,35.8,99.8,0
93,37.1,95.1,21.7
84,36.2,95.3,0.6
80,36.6,97.3,3.4
84,36.9,99.4,6.4
91,36.6,96.3,8.7
87,37,97.6,12.9
58,36.5,98.7,0
71,36.8,93.4,12.5
88,36.2,99.4,0
92,36.2,99.9,0
80,36.5,99.1,0
76,35.8,99.2,0
89,36.3,99.3,0
93,36.3,91.6,12.7
89,36.4,97.9,0.9
93,36.5,98.7,2.5
94,36.5,99.4,1.4
84,37.1,96.3,16.6
91,36.1,95.4,0.5
84,36.3,97,0
82,36.9,98,8.6
81,37.1,98.4,11.5
77,36.2,95.4,0
95,36.8,99.8,6.9
72,35.9,97.5,0
88,36.2,98,0
92,37.1,96,19.6
80,36.5,92.4,11.2
91,36.8,99.4,6.5
84,36.2,95.6,6.75E-14
82,35.8,95.3,0
91,36.7,96.3,10.7
87,36.2,98.8,0
83,36.6,99.6,0
91,36.3,99.9,0
99,36.8,97.7,12.3
95,36.3,95.4,5.7
94,36.7,97,10.2
94,36.4,99.7,0
84,36.2,97.7,0
91,36.5,93.5,12.3
80,36.2,97.5,0
81,36.7,97.7,4.9
81,36.5,99.7,0
77,36.3,97.8,0
80,35.9,95.3,0
84,36.2,97.4,0
81,36.4,93.1,8.1
79,36.5,97.8,0.1
84,36.6,97.9,3.4
80,36.5,96.9,2.2
81,36.6,95.1,8.1
79,35.9,97,0
73,36.1,98.6,0
83,36,97.7,0
57,36.7,98.7,0
73,36.1,100,0
77,36.6,95.6,5.9
78,36.3,96.1,0
73,36.3,99.4,0
79,36.5,98.4,0
78,36.5,98.3,0
75,36.5,97.6,0
77,35.8,95.4,0
76,35.9,97.8,0
78,36.6,98.7,2.22E-14
78,36.3,98.8,0
77,36.6,97.7,1.7
76,36.7,97.4,4
72,36.3,99.6,0
77,36.6,97.6,1.9
72,36.1,100,0
74,36.9,99.6,3
77,36.5,95.2,4.7
78,36.6,95.7,6
79,36.3,96.7,0
77,37.1,97.4,12.3
78,35.8,96.6,0
75,36.3,98.3,0
74,35.9,93.5,0
72,36.6,98.4,0
76,36.1,96.7,0
73,37,97.2,9.5
77,36.2,98.3,0
72,36.3,95.1,0
73,36.4,99.7,0
72,36.8,99.3,1
71,36.3,99.2,0
71,36.7,95.4,6.5
75,36.5,98.4,0
73,36.9,99.8,2.3
73,36.2,97.3,0
74,36.2,98.2,0
72,36.3,96.3,0
77,36.4,95.2,2.7
73,36.2,98.9,0
70,36.8,97.2,4.6
69,37.2,93.7,19.3
70,36.5,95.3,2.4
71,36.3,98.7,0
78,36.5,97.6,0.2
72,36.2,99.3,0
71,36.6,98.2,0
71,36.6,95.3,4.7
71,36.6,97.6,0.1
76,36.9,93.7,15.4
83,36.6,99.4,0.1
81,36.4,96.9,0.5
81,36.3,93.4,5.5
74,36.6,97.9,0.4
75,36.3,97.2,0
72,36.2,99.5,0
71,36.1,96.5,0
66,36.9,99.2,1.4
77,36.3,94.9,1.3
56,36.4,98.9,0
69,36.9,99.9,0.9
71,36.4,96.5,0
89,36.6,95.8,9.1
70,36.9,95.4,10.2
78,35.7,98.1,0
72,37,97.4,8.8
71,36.9,98.5,4.3
77,36.6,96.2,4.7
73,36.9,86.7,28.5
71,36.3,95.7,0
71,36.7,96.2,4.9
71,36.5,97.8,0
73,36.7,95.5,6.9
71,36,97.1,0
71,36.9,96.9,7.5
72,36.3,97.5,0
71,36.8,98.6,2.1
71,36.2,98.2,0
78,36.7,99.3,0.8
61,36,99.5,0
74,35.9,91.9,0
72,36.7,97.1,3.4
66,36.6,96.1,1.6
70,36.6,98.4,0
82,36.6,96.9,4.8
74,36.4,95.1,2
77,36.3,95.5,0.1
74,36.6,96.5,3.2
78,35.8,99.3,0
73,36,97.9,0
75,37.3,96.3,17.9
72,36,96.2,0
76,36.5,95.8,3.2
72,36.7,85.1,27.4
71,36.6,97.7,0
71,36.1,95.3,0
70,36.1,96.8,0
71,36.5,96.4,0.5
71,36.4,96.6,0
76,36.4,97.8,0
66,36.1,96.3,0
73,36.5,99,0
79,36.1,95.9,0
76,36.9,98.7,5.4
80,36.6,97.9,2.2
73,36.9,95.3,11.3
72,36.4,96,0
79,36.7,96.4,6.9
73,36.1,96.9,0
77,36.6,96.1,4.9
73,36,96.3,0
55,36.6,99.8,0
73,36.4,97.7,0
74,36.4,97.8,0
75,37,98.9,6.7
66,36.7,95.9,4
76,36.8,98.8,3.2
78,36.7,99.7,4.97E-14
76,36.5,98.4,0
79,36,98.5,0
80,37,99.3,7.4
81,36.9,98.2,7.9
80,36.7,95.7,8.6
81,36.4,96.5,1.3
91,36.7,92,19.3
84,37.1,96.7,15.8
85,36.7,95.5,10.5
82,36.5,98.1,0.4
108,36.2,97.5,3.4
92,36.5,95.8,8
82,37.1,99.5,9.6
74,35.9,99.5,0
79,36.3,95.4,0.9
56,37,98.6,1.6
84,36,98.6,0
82,36.5,95.2,6.2
85,36.8,98.1,7.3
81,36.4,99.8,0
79,36.3,97.7,0
90,36.4,99.4,0
83,35.8,98.2,0
82,36.5,97.8,1
80,35.8,97,0
77,36.5,97.3,0.5
80,36.6,95.8,6.4
76,36.1,99,0
80,36.5,98.8,0
90,36.4,96.2,4.6
83,37.2,99.2,12.5
87,36.3,93.4,7.3
80,37,97.4,11.2
90,36.1,98.3,0
83,36.4,96.6,1.7
80,36.1,99.5,0
99,36.6,95.6,12.5
86,37.1,98.7,12.4
92,36.6,95.4,10.8
84,36.3,96.4,0.4
82,36.9,99.8,5
91,36.8,97.2,10.9
79,36.3,96.3,0
81,36.2,96.8,0
91,36.2,95.1,3.1
83,36.8,87,28.9
82,36.6,99.8,0
77,36.8,99.6,1.9
84,36.9,95.8,13.6
100,36.3,90.5,17
90,36.3,99.5,0
83,36.9,93.8,17.3
82,36.4,95.9,2.8
81,36,95.2,0
62,36.5,99.1,0
80,36.2,98.2,0
79,37,98.9,7.9
84,36.9,95.1,15
91,36.4,100,0
87,36.4,96.7,2.7
83,36.4,87.8,19.3
85,36.3,95.8,1.9
86,36.4,99.3,0
78,36.5,99.2,0
80,36.3,97,0
81,36.8,97.4,7.5
81,36.7,98.2,3.9
62,36.6,96.1,0.4
86,36.5,95.5,6.8
78,36.7,98.8,1.8
80,36.1,97.9,0
76,36.9,99.1,4.6
89,36.6,99.3,2.1
93,36.7,96.8,10.3
60,36.5,99.1,0
85,36.4,99.3,0
78,36.8,98.9,3.6
80,36.3,98.9,0
78,36,97.1,0
79,36.3,96.1,0
91,37.1,98,15.3
93,36.7,99.7,4.5
84,36.3,96.3,0.6
74,36.3,96.6,0
75,36.9,86.6,29.3
55,36.6,99.5,0
74,36.5,96.6,1
75,36.6,98.1,0.3
89,36.4,98.1,0.5
76,36.7,97.9,3
72,37.3,98.4,12.8
71,36.7,99.4,0
74,36.7,97,4.2
77,36.7,99,1.1
84,36.4,96.4,2.4
63,36.5,98.7,0
57,36.5,92.5,4.1
71,36.9,99.6,2.1
75,36.2,93.2,2.1
79,36.6,96.2,5.3
56,36.1,97.3,0
84,36.4,95.8,3.6
92,36.2,92.9,7.8
105,36.9,96.4,18.7
91,36.9,90.7,25.9
87,36.5,99.5,0
92,36.6,92.4,16.8
65,36.7,98.9,0
73,36.5,94.5,4.9
75,36.4,98.1,0
78,36.3,97.4,0
84,36.8,95,13.2
80,36.3,98.4,0
90,36.3,97,1
76,36.6,98.4,1.69E-14
89,36.4,96.8,3.1
80,36.2,99.1,0
90,36.3,99.6,0
94,36.5,91,18.2
81,36.7,99.5,1.3
80,35.8,97,0
81,36,96.2,0
74,36.8,100,0.2
79,36.4,99.9,0
73,36.5,97.6,0
79,36.3,95.2,1.3
80,36,96.2,0
79,36.5,95.6,4.5
90,36.7,97.4,8.2
93,36.4,97.1,3.7
84,36.2,96.2,0
86,36.9,97.1,11.6
86,36.3,95.9,2
82,37.4,97.2,20.2
78,36.5,95.3,4.8
80,36.7,98.6,2.8
90,37.1,98.2,14.6
99,36.1,96.5,0.7
86,36.6,97.2,5.4
92,36.2,99.3,0
84,36.5,95.2,6.8
91,37.1,100,11.3
84,36.6,98.9,1.4
74,36,96.9,0
79,36.6,95.8,6.1
91,35.9,97.7,0
93,36.3,99.8,0
94,36.6,99.3,3.6
84,36.4,98.7,0
86,36.3,95.7,2.4
86,36.9,98,9.8
82,36.7,96.1,8.4
85,37.2,97.5,16.5
82,36.8,97.7,7.2
77,37,98.5,8.1
80,36.2,96.1,0
84,36.6,96,7.2
82,36.2,99.8,0
92,36.1,98,0
87,36,99,0
82,36.9,97.7,9.2
73,36.6,100,0
89,36.8,98,8.7
83,34.6,96.6,0
82,36.8,99.4,3.8
81,37.1,96.2,15.9
91,35.7,95.5,0
83,36.5,96.2,4.5
91,36.1,99.1,0
80,36.9,98.2,7.6
79,36.9,96,11.7
61,36.4,98.5,0
79,36.6,99.3,0
84,36.3,99.5,0
77,36.5,98.3,0
78,36.5,99.8,0
90,36.5,97.7,3.6
79,35.7,99.5,0
90,36.9,96.4,14.2
59,36.1,96.2,0
73,36.3,99.4,0
83,37.4,95.4,24.1
92,36.6,97,7.6
88,36.6,97.1,6.2
92,37,97.4,14.8
83,36.3,98.5,0
77,36.8,95.9,9.3
80,36.4,95.9,2.2
81,36.2,97.1,0
57,36.2,96.4,0
75,35.9,97.1,0
78,36.8,96.3,8.8
90,36.6,86.6,27.8
80,36.6,99.1,0
90,36.7,95.5,12
83,36.5,98.4,0.1
69,36.7,86.2,24.3
76,36.6,97.8,1.2
80,36.2,96.6,0
81,36.4,95.9,2.5
85,36,98.7,0
92,36.1,95.6,0.4
76,36.8,90.3,20.2
75,37.2,90.7,27.1
80,36.7,90.5,19
81,36.2,97.6,0
81,36.2,98.7,0
91,36.3,97.6,0.1
84,36.6,99,1.2
91,36.7,97.5,8.3
99,36.4,95.6,8.5
81,36.4,100,0
85,37,97.2,13.1
81,36.7,98.8,2.7
74,36.5,96.4,1.4
72,36.8,95.7,8.2
82,36.3,97.6,0
78,36.5,99.4,0
73,36.4,96.4,0
71,36.4,97.8,0
66,36.1,95.8,0
73,36.5,97.5,0
71,36.7,98.3,0.7
70,36.6,94,7
70,36.2,96.3,0
78,36.8,99.1,3.2
83,36.6,97.8,3.3
69,36.6,96.4,1.9
76,36.5,96.3,2.2
76,36.5,99.8,0
80,36.5,98.3,0
80,36.5,98.3,0
95,36.8,96.4,13.7
85,36.3,99.8,0
75,36.6,97.3,1.9
79,36.7,96.6,6.5
78,36.3,97,0
73,36.2,87.4,13.1
79,36.4,96.2,1.3
90,36.8,100,5
81,36.7,98.7,2.9
81,36.1,97.3,0
81,36.7,95.7,8.9
74,36.4,96.4,0
72,36,96.9,0
71,36.8,96.5,6.3
71,36.7,99,0
71,36,97.5,0
71,38.5,93.7,45.9
66,36.2,96,0
81,36.6,97,4.3
90,36.3,97.8,0
70,36.5,98.4,0
65,36.4,98.7,0
69,36.4,97.2,0
71,36.1,95.2,0
71,36.1,99.4,0
71,36.7,97.4,2.5
71,34.1,100,0
66,36.8,99,0
70,35.9,99.7,0
74,36.3,99,0
55,36.4,97.4,0
72,36.6,99.9,0
71,36.7,99.3,0
59,36.8,98.6,0
63,36.6,96.9,0
69,37,91,20.7
65,35.7,99.6,0
69,36.2,99,0
65,36.4,98.3,0
69,36.1,99.8,0
65,36.5,98.1,0
64,36.2,99,0
64,37.2,99.3,6.6
64,36.6,97.3,0
63,36.8,98.4,0.1
63,37.1,97.8,7.3
69,36.4,97.2,0
87,36,99.6,0
70,36.2,97,0
65,36.1,96.9,0
69,36.8,95.3,8.1
65,36.4,95.9,0
64,36,95.1,0
64,36.1,96.9,0
69,36.9,96.4,7.9
68,36.5,96.5,0
70,36.7,98.3,0.4
71,36,99.5,0
66,34.6,97.4,0
70,36.6,99.3,0
65,36.5,96.7,0
64,36.8,99.5,0
68,37,99.7,3
65,36.6,99.1,0
64,37.3,97.1,13
65,36.2,99.5,0
63,36.4,96.5,0
66,36.7,96.3,3.2
65,36.6,97.8,0
64,36.3,95,0
64,36.5,95.7,0
69,36.4,96.3,0
68,36.5,97,0
65,38.8,99.8,37.9
69,36.5,95.7,1.3
71,36.6,97.1,1.1
71,36.6,96.1,3.1
77,34.2,90.9,0
73,36.5,98.1,0
66,36.3,96.8,0
70,36.8,88.8,21.4
77,36.6,95.4,6.3
72,36.8,99.4,0.8
69,36.3,99.5,0
71,37,96.6,10.1
66,36.5,99.4,0
58,36.7,95.9,1.6
67,36.7,96,4.1
70,36.6,95.3,4.4
66,36.2,95,0
70,37.2,95.2,16.6
71,36.1,96.8,0
70,36.8,96,7
66,36.4,98,0
64,35.9,95.7,0
69,36.7,96.1,4.5
65,36.5,91.9,7.7
86,36.3,95.5,2.8
79,36.4,97.1,0
80,36.2,96.6,0
91,36.5,97.4,4.5
84,36.6,96.6,6
63,36.7,99.8,0
76,36.8,98.4,4
89,37.1,93.3,24.1
80,36,85.6,14.8
90,36.6,97,7
93,36.9,98.7,10.5
80,36.3,98.9,0
79,36.2,96.1,0
90,36.6,99.1,2.8
87,36.3,95.6,2.9
93,36.8,98.3,9.3
87,36.2,99.6,0
92,36.8,98.1,9.4
80,36.3,98.2,0
77,36,97.8,0
73,36.8,95.1,9.7
82,37.2,97,16.6
79,36.8,96.5,8.7
90,36.6,98.2,4.6
81,36.6,98.7,0.9
77,36.3,97.2,0
76,37,95.5,13.8
75,37,95.6,13.3
55,36.5,96.5,0
72,36.1,97.9,0
82,36.5,94.3,8
79,36.6,96.8,4.1
78,37.1,87.1,33.2
74,37.2,90.9,26.4
78,36.3,96.5,0
90,36.6,97.6,5.8
93,36.9,98.5,10.9
82,36.8,95.8,11
81,36.4,96.6,1.1
79,36.6,95.8,6.1
83,36,97,0
79,35.6,96.6,0
84,36.6,96.5,6.2
79,36.4,99.9,0
83,36.8,96,10.9
85,37,99.7,8.1
86,36.6,99.4,1
82,35.8,96.9,0
77,36.3,99,0
80,36.6,96.5,5
81,36,96.1,0
79,36.1,98,0
78,36.3,99.4,0
90,36,97.1,0
79,36.6,99.1,0
78,36.2,96.5,0
79,36.5,97.2,1.3
78,36.9,98.4,6.6
78,36.2,97.2,0
56,36.7,96.3,0.2
78,36.3,99.2,0
80,36.5,95.8,4.4
76,36.5,96.8,1.2
78,36.6,96.9,3.6
77,37.1,97.3,12.5
83,36.3,97.6,0
79,36.5,98.7,0
90,36.4,98.2,0.6
80,36.5,98.6,0
91,36.6,97.4,6.5
86,36.3,99.5,0
75,36.3,97.2,0
76,37,98.4,8
78,36.4,96.4,0.6
78,36.4,99.2,0
78,36.1,98,0
73,36.5,96.7,0.5
83,36.4,95.9,3.1
79,36.6,97.5,2.7
73,36.4,96.9,0
75,36.6,96.5,3.5
78,36.3,95.6,0.2
77,36.1,98.5,0
83,36.7,96.3,8.3
82,36.8,99.9,2.8
80,37,96.8,12.4
84,36.6,97.6,4
80,36.3,96.9,0
84,36.8,96.6,10
81,36.6,99.5,0
81,36.7,99.2,1.9
81,38.5,97.9,40.5
80,36.3,97.1,0
90,34,95.2,0
83,36.7,99,2.9
85,37.2,99.7,12.1
80,37.4,98.1,17.8
84,36.6,97.2,4.8
87,36,97.2,0
92,36,96.5,0
84,36.8,97.7,7.8
69,37,99,4.7
78,36.7,99.7,4.97E-14
88,36.3,97.3,0
92,36.6,95.4,10.8
94,36,96.2,0
87,37.1,96.3,17.5
83,36.8,96.3,10.3
81,36.6,95.4,7.5
91,36.8,96.9,11.5
93,36.2,99.8,0
65,36.6,97.9,0
86,36.3,97,0
92,36.5,98.2,3.2
89,36,97.6,0
87,36.5,98.1,1.9
82,36.5,98.3,5.33E-15
82,37.1,90.4,27.8
103,36.7,97.1,12.7
111,35.6,97.6,0
98,36.7,95.2,15
74,36.9,99,4.2
98,36.3,99.8,0
81,36.7,99.9,0.5
91,36.6,99.9,1.5
80,36.4,98.6,0
81,36.5,97.5,1.3
85,36.1,96.7,0
77,36.8,97.2,6.7
95,36.4,99.1,0.3
82,36.3,97.6,0
91,36.5,96.7,5.9
93,36.7,98.6,6.7
81,36.1,96,0
77,36.2,96.4,0
84,36.5,95.1,7
79,36,98.3,0
90,36.7,96.3,10.4
87,36.2,99.7,0
78,36.3,95.1,1.2
91,37,98.1,13.1
86,36.5,99.6,0
85,36.3,98.4,0
92,36.6,99.2,3.2
93,36.1,98.2,0
82,36.3,98.3,0
85,36.8,99,5.5
80,36.5,97.9,0.2
84,36.5,99.4,0
91,36.2,97.3,0
65,36.1,97,0
69,36.8,96.6,5.5
82,36.4,95.6,3.4
91,36.5,96.8,5.7
84,37.2,85.7,39.8
82,36.2,96.5,0
77,36.2,99.9,0
84,36.4,99.2,0
91,36.6,98.3,4.7
87,36.1,95.7,0
86,36.7,95,11.8
86,36.1,95.1,0
79,36.6,100,0
84,35.9,96.5,0
78,36.6,99.7,0
83,37.1,99.1,10.7
85,36.5,99,0
85,36.2,95.9,0
86,36.1,98,0
85,36,96.3,0
92,36.2,98.2,0
93,36,98.8,0
88,36.4,98.7,0
92,36.8,98.5,8.6
77,36.7,98.1,2.9
80,36.4,98.3,0
88,36.5,99.7,0
103,36.8,95.5,17.9
83,36.9,97,10.9
79,36.5,97.2,1.3
77,36.8,95.3,10.5
79,36.3,99.4,0
74,36.4,95.4,1.4
91,36.7,98.5,6.3
84,36.3,97,0
79,37.1,96.1,15.5
76,36.3,97.7,0
84,36.6,99.9,0
90,36.7,97.3,8.4
84,36.3,99.3,0
81,36,96.8,0
77,36.4,98.9,0
90,36.9,95,17
81,36.5,96.3,3.7
79,36.4,94.6,4.5
77,36.3,98.6,0
79,36.5,95.5,4.7
90,37,96.9,15.2
83,36.4,96.5,1.9
81,36.7,97.7,4.9
85,36.2,97.8,0
85,35.9,98.8,0
58,36.7,99.3,0
84,36.3,95.3,2.6
85,36.8,90.1,23.3
86,37.4,97.3,21.2
82,36.8,96.1,10.4
85,36.7,96.7,8.1
82,36.2,96.8,0
84,36,96.4,0
80,36.6,99.1,0
86,36.6,95.9,8
84,36.3,95.2,2.8
75,35.7,96.5,0
83,35.9,98,0
84,36.7,99.7,1.8
92,36.6,97,7.6
88,36.5,95.5,7.4
81,36.8,99.6,3.1
79,36.3,95,1.7
83,36,99.5,0
85,36.7,96.4,8.7
85,36.3,96.1,1.3
81,36.9,95.1,14.1
83,35.9,96.8,0
84,36.5,95.6,6
85,36.8,99.7,4.1
92,36.6,97.8,6
91,36.6,99.9,1.5
98,36.4,95.4,8.6
98,37.1,95.8,21.8
91,36.4,96.4,4.5
87,36.5,97.8,2.5
86,36.3,95.5,2.8
86,36.6,97.4,5
79,36.2,96.5,0
79,36.5,95.6,4.5
79,36.8,99,3.7
84,36.6,95.8,7.6
80,36.5,97.9,0.2
82,36.6,99.6,0
83,36.4,96.6,1.7
83,37.1,96.5,15.9
95,36.1,98.6,0
96,36.5,99.3,2.2
85,37,98.5,10.5
82,36.2,97.4,0
85,36.6,94.7,10.1
85,36.7,98.6,4.3
85,36.7,95.2,11.1
86,36.4,97,1.8
92,36.8,96,13.6
84,35.8,96.8,0
88,36.2,97.7,0
82,36.1,96,0
79,36.5,90.9,13.9
83,36.3,97.2,0
91,36.7,96.9,9.5
85,36.7,99.1,3.3
85,36.7,99.2,3.1
86,36.6,99.8,0.2
90,36.2,97.3,0
87,36.2,99.8,0
88,36.4,97.2,2
92,36.4,98.7,0.2
94,36.6,97.5,7.2
89,36.7,96.3,10.1
93,36.4,95.8,6.3
85,36.3,96,1.5
86,37,98.4,11
80,36.9,93.2,17.6
79,36.4,96.2,1.3
90,36.5,99.2,0.6
87,36.9,99.2,7.7
92,36.7,97.1,9.4
84,36.3,97.1,0
80,37,96.7,12.6
79,36.6,99.2,0
81,36.4,98.9,0
84,36.6,98,3.2
80,36.2,98.5,0
73,36.1,99.3,0
81,36.3,95.9,0.5
85,36.7,97.5,6.5
78,36.9,97,9.4
79,37,93.8,18.1
78,36.9,95.4,12.6
77,34.1,97.2,0
79,36.5,94.8,6.1
79,36.5,99.1,0
79,36.3,95.9,0
78,36.4,97.7,0
77,36.7,95.6,7.9
78,36.3,98.8,0
79,36.6,99.4,0
90,36.6,97.9,5.2
81,36.6,95.1,8.1
91,36.6,98.9,3.5
86,36.7,95.4,11
91,36.4,95.3,6.7
83,36.8,95.4,12.1
77,36.8,98.9,3.3
87,36.4,95.3,5.5
83,36.1,99.4,0
81,36.4,99.1,0
91,36.5,97.4,4.5
78,36.5,98.7,0
83,36.2,97.4,0
79,36.3,95.8,0.1
84,36.4,98.8,0
86,36.3,95,3.8
92,36.4,97,3.6
93,36.4,97.3,3.3
95,36.5,99.9,0.7
92,36.7,97,9.6
82,36.4,96.7,1.2
86,36.5,99.8,0
88,36.6,98.1,4.2
86,36.3,96.7,0.4
61,36.6,97.5,0
57,36.1,99.1,0
57,36.8,99.1,0
57,36.6,94.2,2.7
57,36.5,97.6,0
56,36.7,97.2,0
57,36.3,97.1,0
57,36.3,96.5,0
57,36.5,96.7,0
56,36.5,99.2,0
55,36.2,96,0
57,36.7,97.9,0
55,36.4,96.8,0
59,36.3,97.7,0
57,36.8,98.8,0
55,36.6,99.6,0
56,36.2,98.4,0
58,36.1,95.8,0
59,36.1,95.4,0
60,36.6,97.8,0
63,36.8,98.4,0.1
62,36.5,95.2,0.2
64,36.6,98.8,0
60,36.6,97.1,0
61,36.1,94.8,0
57,36.6,98,0
61,36.4,96.6,0
60,36.1,96.6,0
92,36.5,94.2,11.2
86,36.8,98.6,6.6
82,37.1,95.9,16.8
82,36.5,96.6,3.4
85,35.7,98.3,0
90,36.9,97.5,12
84,36.6,95.2,8.8
78,36.1,98.6,0
84,36.8,98,7.2
101,36.4,100,0.3
86,36.8,89.4,25
87,37.1,97.3,15.5
85,35.8,99,0
96,36.5,96.7,7.4
85,36.3,97.2,0
82,36.7,95.5,9.6
84,36.5,96.6,4
60,36.3,99.7,0
59,36.5,96,0
58,36.4,96.2,0
59,36.7,99.8,0
58,36.2,99.6,0
59,36.5,95,0
58,37.1,95.1,11.2
59,36.3,97,0
58,36.4,95.1,0
59,36.8,95.6,4.5
59,36.6,97.2,0
58,36.5,97.3,0
56,36.5,97.7,0
57,36.5,97.2,0
58,36.5,99.6,0
58,36.2,91.4,0.6
57,36.4,98.3,0
55,36.9,92.1,12.3
57,34.6,96.7,0
57,36.6,95.5,0.1
56,36,97.2,0
56,36.1,99,0
56,36.6,98.4,0
56,36.8,99.7,0
61,37,97.3,5.7
58,36.8,95.1,5.2
57,36.5,98.8,0
57,36.6,93.4,4.3
57,36.4,98.3,0
56,36.7,97.4,0
58,36.4,95.8,0
59,36.2,96.2,0
59,36.6,96.4,0
62,36.3,96,0
60,36.9,99.6,0
60,36.5,98,0
59,36.8,96.8,2.1
57,36.2,99.9,0
56,36.7,96.8,0
55,36.6,96.6,0
55,36.2,95.8,0
56,36.9,95,6.8
59,36.4,98.3,0
56,37.3,98.4,8
56,36.8,99.8,0
55,36.4,97.3,0
54,36.2,99.9,0
61,36.3,97.7,0
57,36.4,95.4,0
56,36.5,95.4,0
56,36.5,99.3,0
55,36.5,95.4,0
56,36.5,96.9,0
57,38.8,95.4,44.3
56,36.3,99.4,0
56,36.2,97,0
55,36.5,99.7,0
57,36.1,98.1,0
55,36.8,98.3,0
56,36.4,98,0
57,36.5,99.6,0
57,36.7,95,3.1
78,36.6,89.8,17.8
88,36.5,98.1,2.2
64,36.6,97.9,0
58,36.5,96.7,0
56,36.6,96.1,0
54,38.7,99.8,32.6
56,35.7,96.9,0
56,36.2,97.6,0
66,36.5,95.3,1.2
58,36.7,99,0
57,36,96.4,0
62,36.4,95.8,0
56,37,96.3,6.2
55,35.9,99.8,0
82,36.9,97.3,10
76,36.9,98.2,6.4
63,37,98.7,3.5
62,36.9,99.9,0
58,36.1,98.5,0
54,36.6,99.3,0
56,36.4,97.9,0
54,36.9,97.1,2
56,36.6,96.9,0
55,36.4,99.9,0
55,35.9,98.9,0
53,36.7,99,0
54,36.4,95.1,0
54,36.7,99.8,0
53,36.4,98.6,0
53,36.5,96,0
53,36.8,97.7,0
53,36,97.1,0
54,36.3,93.5,0
55,37.3,98.9,6.7
65,36.8,96.2,5.1
57,36.4,96.1,0
55,36.3,97.9,0
53,36.5,92.1,3.7
54,36.6,99.5,0
54,36.8,95.3,3.6
54,36.8,93.4,7.4
54,36.4,95.7,0
53,37.1,99.4,1.1
52,36.5,95.6,0
54,36.5,93.7,0.8
55,36.1,98.5,0
53,37,95.3,7.3
52,34.7,99.2,0
54,36.4,96.3,0
54,35,94.1,0
54,36.9,97.9,0.4
53,36.2,98.1,0
54,36.5,96.1,0
55,36.5,98.2,0
53,36.2,95.6,0
54,35.8,94.8,0
55,36.6,95.3,0
54,36.6,97,0
53,36.5,96.8,0
52,36.7,97.5,0
53,36,97.6,0
54,36.7,97.5,0
53,36.5,90.3,7.3
53,36.3,98.2,0
54,36.2,91.3,0
54,36,95.2,0
54,36.4,99.4,0
53,36.7,99.8,0
55,36.1,98.3,0
53,37.3,99.7,4.5
52,37.2,97.5,6.6
50,36.9,96.6,1.8
54,36.1,91.1,0
53,36.2,97,0
74,36.2,96,0
60,37.1,95.7,10.6
58,36.7,98.3,0
62,36.6,98.9,0
57,36.4,96.2,0
61,36.9,98.4,1.5
57,36.1,96.4,0
61,36.6,97.8,0
57,36.5,99,0
56,36.6,97.2,0
55,36.3,97.4,0
60,37,95.2,9.6
56,36.5,99.7,0
60,36.8,95.1,5.8
58,36.2,95.3,0
56,36.8,95.5,3.8
59,36.3,99.4,0
57,36.6,91.5,8.1
59,37.2,99.2,5.3
61,36.6,99.7,0
54,36.7,99.6,0
54,36.5,99.2,0
56,36.8,99.4,0
58,36.3,95.9,0
54,36.5,98.9,0
83,36.9,96.3,12.3
61,36,96.3,0
57,36.7,99.8,0
52,36.5,95.4,0
52,36.4,92,1.6
54,36.6,99.7,0
54,36.8,98.4,0
53,36.1,96.6,0
51,36.4,97,0
53,36.6,96.5,0
53,36.5,96.9,0
53,36.8,96.7,0.5
54,36.9,96.4,3.4
54,36.5,99.9,0
55,36.3,98.5,0
53,36.2,97.8,0
55,36.7,96.7,0
53,37,99.8,0
54,36.4,99.2,0
55,36.8,98,0
54,38.2,95.6,31
53,38.7,96.9,38.1
53,36.2,98.4,0
54,36.1,98.3,0
53,36,98.8,0
53,36.9,95.6,4.7
52,36.6,95.2,0
54,36.3,96.8,0
54,36.8,95.6,3
55,36.9,98.8,0
55,36.3,95.5,0
55,36.4,99.4,0
55,36.2,98.9,0
56,36.5,99.1,0
55,37.1,97.5,5.5
55,36.6,97.3,0
54,37.4,99.9,6.4
54,36.6,96,0
54,36.5,99.7,0
55,36.7,93.3,5.9
53,36.4,98.5,0
52,36.1,85.3,9
53,36.8,98.9,0
54,36.5,98.7,0
54,36.7,95,2.2
53,36.7,97.4,0
53,36.6,98.2,0
53,36.4,99.8,0
54,36.2,99.7,0
54,36.8,98,0
53,36.9,98.3,0
55,36.6,97.1,0
55,36.3,99.5,0
55,36.3,99,0
54,36.4,97.7,0
53,36.2,96.5,0
55,36.5,96.7,0
54,36.4,97.3,0
55,36.5,95.7,0
53,36.4,98.5,0
55,36.8,90,14.5
54,36.7,94.1,4
55,36.7,97.9,0
54,36.3,96.6,0
53,36.7,96.7,0
54,36.3,87.7,8.8
55,36.2,98,0
54,38.9,90.6,55
54,36.6,99.1,0
54,36.5,99.6,0
53,36.2,99.4,0
54,36.5,95.3,0
55,36.4,98.4,0
73,36,97.7,0
58,37,99.9,0
53,37.1,98.6,2.7
52,36.2,99.5,0
54,36.4,98.6,0
53,36.5,97.6,0
65,36.8,99.2,0
58,36.3,95.1,0
56,36.7,98.2,0
57,36.3,97.7,0
55,36.5,97.3,0
56,36.6,99.5,0
57,36.6,98.6,0
55,36.3,95.3,0
55,36.1,97.9,0
57,36.8,98.8,0
57,36.7,95.9,1.3
59,36.5,96.7,0
58,36.2,93.6,0
59,36.6,95.7,0.3
57,36.7,98.2,0
55,36.4,98.9,0
59,36.1,98.4,0
60,36.6,95.6,0.8
58,36.7,98.8,0
58,36.5,98.9,0
61,35.8,97.6,0
60,36.5,96.8,0
56,36.6,98.1,0
53,37,97.2,3.5
54,36.7,97.1,0
55,36.5,97.6,0
54,36.1,98.6,0
50,35.9,96.3,0
53,36.7,97.3,0
57,36.1,96.2,0
53,37,96.3,5.3
54,36.3,97.5,0
53,36.3,97.7,0
52,36.4,99.4,0
57,36.3,96.9,0
77,36,99.8,0
59,36.7,95.5,2.7
55,36.6,96.6,0
54,36.8,99.2,0
50,36.7,92.7,5.6
54,36.4,98.2,0
54,36.3,99.3,0
53,36.7,99.4,0
51,36,98.1,0
50,36.2,96.7,0
50,36.2,98,0
52,36.2,95.2,0
52,36.7,99.5,0
52,38.7,99.7,32.2
53,36.5,98.4,0
54,36.9,96.2,3.8
54,36.5,95.8,0
65,36.8,95.1,7.3
57,36.9,95.2,6.7
55,36.1,95.7,0
55,36.4,99.8,0
54,36.5,99.3,0
54,36.2,95.3,0
53,36.6,96.5,0
55,36.4,95.1,0
55,36.7,99.3,0
55,36.3,91.5,1.5
55,36.4,98.1,0
54,36.2,98.2,0
54,36.9,97.9,0.4
55,36.2,95.7,0
53,36.4,97.8,0
55,36.7,95.5,1.5
54,36.7,97.1,0
55,37,99.7,0
53,36.2,99,0
55,36.6,95.3,0
55,36.4,98,0
54,36.5,100,0
52,36,96,0
54,36.9,96.9,2.4
53,36.4,99.3,0
55,36.9,96.4,3.7
55,36.1,96.9,0
55,36.5,95.3,0
54,36.1,97.1,0
56,36.7,95.9,1
55,36.5,99.5,0
54,36.9,97.6,1
55,36.9,97.8,0.9
54,36.8,95.4,3.4
54,36.6,93.6,3
55,36.4,97.8,0
61,36.2,95.8,0
56,36.9,97.9,1
54,36,95.2,0
55,36.5,98.6,0
54,37.1,96.8,6.6
69,36.5,97.7,0
59,36.4,96.1,0
55,36.3,96.4,0
55,37.2,98.2,6.1
55,37,98.9,0.7
54,37.1,95.4,9.4
56,36.1,96.9,0
70,34.1,95.5,0
58,36.8,96.5,2.4
58,36.5,97.9,0
59,36.3,91.4,2.9
59,37,99.9,0
57,36.6,94.9,1.3
59,36.6,96.4,0
59,36.9,99.9,0
55,36.3,98.7,0
54,36.3,98.3,0
56,36.2,99.8,0
54,36.4,95.7,0
52,36.2,96.4,0
54,36.8,98.6,0
52,37.3,96.6,10.4
53,36.5,99.8,0
55,36.6,100,0
55,36.6,96.5,0
54,37,95.2,7.8
56,36.8,98,0
55,36.4,95.4,0
56,36.4,97.1,0
56,36.4,95.9,0
59,37.1,92.5,16.7
57,36.4,97.4,0
56,36.2,96,0
54,36.8,97,0.2
55,36.4,96.2,0
56,36.4,96.1,0
58,36.4,96.4,0
56,36.7,99.8,0
57,37,97.5,4.1
57,37,97.8,3.5
58,36.4,95.9,0
56,36.2,97.4,0
61,36.7,97.6,0
56,37,99.7,0
56,36.6,95.5,0
55,36.5,97.7,0
55,36.7,97.2,0
56,36.2,96.4,0
54,36.7,95.2,1.8
54,37,98.4,1.4
55,36.8,98.2,0
53,36.3,97.2,0
54,36.6,98.5,0
55,36.5,99,0
54,36.3,96.3,0
54,36.8,96.1,2
54,36.3,97.9,0
54,36.6,96.9,0
55,36,98.7,0
57,36.5,98.1,0
55,36.8,96.8,0.9
56,36,98.8,0
55,36.4,96.4,0
59,36.3,99.4,0
58,36.5,98.7,0
62,36.8,98.2,0.2
63,36.2,93.3,0
58,36.6,99.8,0
56,36.3,96.9,0
72,35.6,99.6,0
61,36.8,96.3,3.7
57,36.7,96.7,0
57,36.4,90.4,6.3
56,36.2,95.1,0
66,36.4,92.3,5.2
71,36.9,97.6,6.1
80,36.6,96,6
62,36.5,92.5,5.6
94,36.4,90.5,17.2
94,36.2,95.7,2.8
93,36.5,98.2,3.5
94,36.3,96.3,3.6
89,36.5,96.9,4.9
74,37.1,96.5,13.2
78,36.4,96.5,0.4
78,37,98.2,9
80,36.7,97.8,4.4
73,36.6,99.6,0
66,36.5,95.3,1.2
64,36.7,95.4,4.4
66,36.2,99.4,0
69,36.4,98.8,0
65,36.6,95.8,1.9
72,36.5,99.5,0
75,36.6,95,6.5
79,36.7,98.8,2.1
73,36.2,99.6,0
70,36.3,96,0
71,36.5,97.3,0
78,36.9,95.2,13
80,36.7,95.1,9.8
81,36.3,95.1,2.1
91,36.3,99.5,0
93,36.2,96.8,0.3
84,36.4,97.2,0.8
82,36.2,97.9,0
81,37.4,97.8,18.7
74,35.8,97.3,0
78,36.5,98.5,0
80,36.6,96.8,4.4
79,36.4,98.4,0
83,35.9,96.6,0
78,36.5,95.9,3.6
80,36.2,96,0
79,35.7,96.6,0
80,36.7,96,8
81,36.2,98.2,0
69,36.8,99.4,0
110,36.3,100,1
89,36.3,91.2,12.3
83,36.2,99.1,0
82,36.5,96.9,2.8
74,36.9,97.5,7.2
91,36.6,99.5,2.3
93,36.1,98.3,0
92,35.9,96.2,0
91,36.6,99.7,1.9
94,36.5,97.2,5.8
79,36.7,98.1,3.5
76,36.6,95.2,6.4
89,36.6,97.5,5.7
83,36.5,98.1,0.7
85,36.6,99.6,0.3
82,36.9,98,8.6
84,36,99.5,0
80,34.8,99,0
84,36.1,95.6,0
86,36.2,99.6,0
82,36,99.2,0
85,36.7,91.6,18.3
92,36.9,94.9,17.8
116,36.7,96.2,18.4
100,36.7,98.4,9.2
86,36.4,97,1.8
92,36.8,96.9,11.8
84,36.4,98.6,0
82,37,98.8,9
81,36.5,95.6,5.1
81,36.9,89.5,25.3
96,36.3,97.1,2.6
117,36.8,90.7,31.7
100,36.2,94.5,7
86,36.3,95.4,3
82,36.2,92.9,4.8
81,36.1,98.1,0
74,36.2,99.7,0
89,36.4,95.3,6.1
93,36.2,98.3,0
77,36.4,96.5,0.1
80,36.2,99,0
84,36.4,97.3,0.6
82,36.7,96.6,7.4
81,36.5,99.5,0
88,36.6,98.7,3
76,36.2,98.3,0
72,36.5,98,0
71,36.6,96.9,1.5
64,36.8,96.5,4.2
86,36.5,95.4,7
74,36.6,97.7,0.8
60,36.4,96.7,0
67,36.9,95.4,9.3
69,36.3,98.1,0
64,36.9,95.9,7.4
63,37.3,96.6,13.7
70,36.5,96,1
63,36.1,97.4,0
64,36.2,95.2,0
71,36.3,96.3,0
74,36.9,98.8,4.6
70,36.8,95.4,8.2
66,36.9,96,7.8
77,36.7,98.3,2.5
73,35,95.5,0
80,36.3,99.8,0
81,36.1,97.9,0
79,36.8,97.5,6.7
77,36.4,91.3,10.5
73,36.5,97.1,0
90,36.7,95.9,11.2
93,36.5,99.1,1.7
94,36.7,96.2,11.8
74,36.6,96.5,3.2
79,36.6,99.8,0
78,37.5,98.7,18
80,37,99.9,6.2
73,36,91.5,0.9
77,36.2,96,0
89,36.3,95.4,3.9
83,36.2,95.7,0
74,36.5,98.1,0
89,37.1,98.7,13.3
83,36.6,96.8,5.3
91,36.6,98.7,3.9
84,36.1,95.1,0
82,37.1,95.1,18.4
81,36.5,95.4,5.5
91,36.5,98.5,2.3
94,36.7,90.3,23.6
84,36.2,98.7,0
79,36.6,99.3,0
78,36.7,97.1,5.2
78,36.7,97.3,4.8
77,36.7,99.7,0
74,36.3,96.1,0
72,36.3,95.4,0
71,36.2,99,0
76,36.3,99.4,0
83,36.5,99.1,0
77,36.4,99.5,0
80,36.3,97.9,0
79,36.1,99.3,0
79,36.3,97.6,0
84,36.2,98.4,0
86,36.7,97.9,6
93,36.5,96.7,6.5
82,36.8,96.3,10
85,36.8,98.9,5.7
80,36.4,98.4,0
73,36.6,95.9,4.1
77,36.7,98.6,1.9
78,35.9,97.1,0
76,36.8,97.7,5.4
80,36.1,97.7,0
73,35.8,99,0
75,36.7,98.3,1.9
78,36.9,96.5,10.4
78,36.8,99.3,2.8
73,36.7,95.6,6.7
77,36.2,96.2,0
90,36.7,99.4,4.2
91,36.8,95.6,14.1
79,35.8,92.1,0
86,36,97.5,0
91,36.9,95.7,15.9
80,36.6,96.3,5.4
86,36.7,98.8,4.2
82,36.3,98.5,0
76,36.4,96,0.8
74,36.3,98.2,0
72,36.5,99.7,0
76,36.4,97.8,0
77,36.3,98,0
73,36.6,95.8,4.3
79,36,99.8,0
80,36.5,95.5,5
90,36.3,97.2,0.6
83,36.4,97.6,0
92,36.3,96,3.6
76,36.3,99.7,0
72,36.6,98.5,0
79,36.8,95.7,10.3
56,36.4,95.5,0
70,36.7,97.4,2.2
72,36.6,97.3,1
70,36.6,98.3,0
77,36.4,93.9,5.3
67,36.4,97.6,0
70,37.2,98.6,9.8
71,36.1,96.8,0
66,36,97.6,0
70,37.2,96.7,13.6
78,36.4,99.7,0
78,36.5,95.6,4.2
77,34.5,98.5,0
76,37,96.6,11.6
83,36.6,99.1,0.7
74,36.8,97.7,4.8
89,38.4,99.1,38.5
93,36.6,97.5,6.9
80,36.3,95.4,1.2
78,36.6,88.3,20.8
73,36.2,97.6,0
71,35.9,97.2,0
71,37.1,95.3,14.7
71,36.4,97.5,0
78,36.4,99.6,0
73,36.3,98.4,0
82,36.5,97.1,2.4
91,36.7,99.4,4.5
76,36.3,99.6,0
78,36.4,96.6,0.2
71,36.8,91.7,15.9
70,36.6,99.9,0
69,36.8,96.5,5.7
71,36.9,96,9.3
67,36.3,92.5,3.1
81,37,97.8,10.7
84,36.2,97.3,0
78,36.3,96.4,0
99,36.7,99,7.7
113,36.2,95,9.9
88,36.7,99.5,3.4
75,36.7,95.6,7.3
72,36.7,98.7,0.2
71,36.6,95.7,3.9
71,36.5,97.9,0
67,36.7,99.3,0
70,36.2,93.8,0
69,36.7,96.3,4.1
70,36.5,91.4,10.2
66,36.4,98.9,0
70,36.8,95.8,7.4
77,36.7,99.8,0
67,36.7,97.3,1.5
72,36.8,97.2,5.2
76,36.4,95.7,1.4
83,36.4,99.1,0
91,36.7,98.5,6.3
84,36.4,98.8,0
85,36.3,99.9,0
78,36.3,99.3,0
73,37,95.3,13.3
71,35.9,97,0
74,36.6,98.7,0
75,36.5,96.3,1.9
69,36.3,95.1,0
78,36.1,97.1,0
80,36.4,95.6,2.8
73,36.4,95.4,1.1
75,36.3,96.7,0
75,37.1,95.9,14.7
79,36.4,98.5,0
71,36.1,95.9,0
71,36.8,99.3,0.7
67,36.8,88.4,21.3
65,36.5,94.4,2.7
68,36.7,97.3,1.8
71,35.9,98.4,0
74,36.8,98.2,3.8
67,36.1,99.1,0
77,37,93.4,18.3
80,36.7,99.6,0.8
81,36.3,98.5,0
68,36.5,98.4,0
67,36.5,96.2,0
76,36.4,95.8,1.2
72,36.7,95.9,5.8
66,36.6,96.2,1.4
87,36.7,98.3,5.5
75,35.7,97.6,0
90,36.4,95.7,5.6
76,36.2,97.7,0
73,38.4,99.5,32.9
72,36,95.1,0
71,36.7,96.8,3.7
71,36.7,99.7,0
88,36.6,98.2,4
75,36.6,95.7,5.1
68,36.1,96.7,0
73,36.6,91.6,12.7
72,36.7,98.4,0.8
66,36.4,96.9,0
70,36.2,95.1,0
77,36.5,99.2,0
70,36.4,97.6,0
70,36.2,97,0
65,36.6,98.8,0
69,36.6,99.1,0
68,36.5,99.1,0
64,36.9,96.9,5.4
69,35.8,98.1,0
65,36.4,95.6,0
69,36.6,95.8,3.1
81,36,97.2,0
72,36.4,98.4,0
69,36.3,95.7,0
71,36.7,96.4,4.5
70,36.5,99.1,0
77,36.6,99.6,0
80,35.9,99.8,0
73,36.5,97.7,0
83,36.6,99.6,0
91,36.5,98,3.3
71,36.6,95.9,3.5
66,38.2,97.4,31
73,36.1,97.2,0
70,36.5,96.5,0
70,36.5,99.8,0
87,36.8,98.4,7.3
70,36.1,95.7,0
71,36.2,97.7,0
78,36.1,96.9,0
78,36.6,95.2,7
73,36.6,97.7,0.5
71,36.5,98.2,0
70,36.8,95.9,7.2
76,36.6,98.1,0.6
77,36.4,99.7,0
67,36.6,97.2,0
69,36.2,94.3,0
74,36.4,96.8,0
73,36,97.7,0
71,36.5,97.7,0
71,36.9,96.5,8.3
75,36.4,97,0
66,36.2,96,0
65,36.1,91.6,0.3
58,36.6,98.4,0
67,36.5,99.3,0
63,36.8,96.1,4.7
63,36.5,97.6,0
71,36.5,96.7,0
66,36.9,96.7,6.4
67,36.3,99,0
69,36.7,95,6.7
65,36.4,97.4,0
65,36.1,98.9,0
69,36.7,98.3,0.1
68,36.5,95,2.4
70,36.2,95.5,0
81,36.5,96.5,3.3
81,36.2,97.2,0
73,35.6,86.3,3.3
69,36.8,96.3,6.1
88,34.3,95.1,0
72,36.4,95.4,0.8
88,36.3,98.3,0
70,36.6,92.8,9.4
70,36.5,97.8,0
66,36.9,96.3,7.2
73,36.7,96.1,5.7
66,36.8,97.1,3.6
75,36.2,92.9,2.7
69,36.6,98,0
78,36.4,96.6,0.2
73,36.4,97.8,0
73,36.4,97.2,0
66,36.2,97.6,0
65,36.4,97.9,0
64,36.6,88.9,15.4
69,36.3,97.8,0
68,36.8,96.9,4.6
64,36.5,98.5,0
68,36.1,98.2,0
78,36.3,96.7,0
69,36,96.4,0
70,36.8,96.7,5.6
71,36.6,97.9,0
65,36,98.4,0
66,36.6,96.5,0.8
65,36.7,99.2,0
69,36.7,99.7,0
73,37.1,97.3,11.3
70,36.3,98.7,0
69,37,97.4,7.9
73,36.3,92.5,4.9
72,36.1,95.9,0
76,36.2,99.2,0
83,36.2,95.5,0
80,36.2,96.2,0
81,36.9,97.3,9.7
81,35.9,99.8,0
80,36.7,96.9,6.2
81,36.2,90.7,8.9
74,37.1,94,18.2
75,36.6,97.8,0.9
80,36.8,99.5,3
78,37,95.8,13.8
77,36.9,97.8,7.5
84,36.2,96.8,0
74,36.4,96.6,0
75,37,98.2,8.1
74,36.6,95.6,5
79,36,99.7,0
113,36.7,96.1,17.7
89,36.8,99,6.7
76,36.8,97,6.8
89,36.6,95.1,10.5
81,36.7,98.3,3.7
81,36,95,0
80,36.3,99.4,0
68,36.4,97.4,0
70,36.7,97.7,1.6
76,36.2,98.8,0
75,37.1,99.9,6.7
66,36,99.5,0
65,36.4,97.7,0
69,36.6,97.6,0
65,36.5,95.3,0.9
65,36.5,92.6,6.3
72,36.6,98.1,0
77,36.5,99.6,0
72,36.7,98.4,0.8
71,36,95.9,0
70,36.5,96.7,0
69,36.8,99.8,0
70,36.3,99.9,0
76,36.6,95.2,6.4
72,36.4,96.5,0
71,36.6,96,3.3
78,36.2,97.4,0
75,36.9,99.1,4.3
78,36.6,99.4,0
79,36.9,95.6,12.5
77,36.2,91.3,6.5
78,36.5,95.1,5.2
78,36.3,97.7,0
80,36.9,96.4,11.2
84,37.2,98.8,13.6
81,36.6,95.4,7.5
80,36.7,96.8,6.4
78,36.8,98.1,5.2
80,36.2,96.9,0
78,35.9,99.8,0
73,36.3,99.4,0
79,35,97.7,0
73,36.4,95.9,0.1
79,36.8,98,5.7
80,37,96.7,12.6
81,36.7,100,0.3
79,36.5,99.4,0
73,35.9,95.8,0
66,36.5,96.9,0
77,36.3,96.5,0
84,36.4,99.9,0
68,36.8,98.5,1.4
67,36.3,99.5,0
70,36.5,98.5,0
66,36.3,91.1,5.6
64,36.3,95.9,0
69,36.5,99.9,0
78,36.6,97.2,3
69,36.5,96.9,0
74,36.7,98.3,1.6
76,36.6,99.4,0
83,36.2,99.4,0
74,36.4,96.4,0
72,36.6,97.3,1
76,36.7,97.5,3.8
89,37,98.2,12.3
83,36.4,96.8,1.3
96,36.2,91.1,12.6
87,36.2,99.5,0
85,36.2,99.8,0
87,36.3,99.8,0
79,36.5,95.9,3.9
83,36.5,92.6,11.7
90,36.9,95.5,16
93,36.7,97.7,8.5
91,36.5,95.5,8.3
93,36,91.4,7.1
85,36.5,95.1,7.3
88,36.1,96.7,0
87,36.8,97.3,9.5
83,36,97.7,0
82,36.2,96.2,0
77,36.5,96.7,1.7
98,36.9,99,11.4
82,35.9,92.6,0
97,36.7,85.1,34.9
110,35.9,94.3,4.4
117,36.9,97.3,20.5
112,36.3,95.5,10.6
105,36.9,99,13.5
87,36.5,98.5,1.1
107,37.2,96.8,24.5
86,35.9,91.3,3.2
70,36.7,94.2,8.6
117,37,99.5,18.1
121,36.5,99.9,8.5
80,36.5,96.2,3.6
124,35.9,98.5,0.2
134,36.4,99.5,11.2
127,36.3,98,10.1
115,36.6,94.8,18.9
99,37.1,93,27.7
90,35.7,95.4,0
85,36.8,99.3,4.9
84,36.7,98.3,4.6
86,36.5,95,7.8
91,36.8,97.5,10.3
84,36.3,95.3,2.6
91,36.5,98.2,2.9
70,37,99.4,4.2
70,36.7,98,1
76,36.3,95.1,0.6
77,36.5,99.2,0
76,36.4,99.6,0
77,36.5,98.1,0
73,36.7,99,0
71,36.6,96.8,1.7
71,36.4,98.4,0
71,36.5,96.5,0.3
70,36.7,98.1,0.8
72,36.4,99.8,0
72,36.5,96.1,1.4
72,36.4,97.7,0
71,37.1,94.7,15.9
70,35.8,98.8,0
72,36.7,99.3,0
71,36.3,87.6,14.1
70,36.5,96.3,0.4
70,36.4,99.5,0
70,36.6,97.9,0
69,36.5,97.8,0
70,36.7,95.8,5.4
69,36.9,97.4,5.9
67,36.7,98.7,0
67,36.7,95.2,5.7
69,36.5,95.5,1.7
66,36.4,98.5,0
66,36.3,99.1,0
68,36.2,95.3,0
69,36.4,98.7,0
66,36.3,95.9,0
66,36.5,99.6,0
66,36.7,98.9,0
65,35.9,99.8,0
64,36.8,95,7.2
66,36.5,100,0
65,35.9,96.9,0
64,36.5,91.9,7.4
65,36.6,97.5,0
65,36.3,95.4,0
64,36.3,98.2,0
64,36.4,99.7,0
65,36.9,99.3,0.9
64,36.6,95.2,2.8
65,36.7,99.7,0
84,36.5,96.8,3.6
69,36.6,99.6,0
65,36.5,95.6,0.3
64,36.6,96.1,1
65,35.7,99,0
64,36.8,95.2,6.8
64,36.1,95.2,0
65,36.2,96.6,0
65,36.9,99.5,0.5
64,36.5,97.3,0
62,36.5,99.1,0
63,36.6,98.2,0
63,36.6,98.5,0
64,36.5,91.3,8.6
62,36.7,98.9,0
64,36.2,97.3,0
64,35.8,97.2,0
64,37.1,95.7,11.8
62,36.2,95.2,0
64,36.2,95.3,0
63,36.4,97.9,0
65,36.8,97.5,2.5
63,35.7,99.7,0
64,36.6,95.3,2.6
62,36.4,99.3,0
63,36.7,98,0
64,35.9,98.9,0
62,36.6,97.4,0
64,36.2,96.9,0
63,35.9,97.6,0
60,36.3,98.7,0
61,36.8,96.9,2.5
62,36.4,99.8,0
63,35.9,97.6,0
64,36.8,97.2,2.8
63,36.3,99.2,0
63,35.9,96.8,0
62,36.4,98.3,0
58,36.7,98.2,0
83,36.5,96.2,4.5
90,36.8,99.6,5.8
75,36.3,95.7,0
70,36.4,96.4,0
68,36.8,98,2.4
78,36.4,93.1,7.2
68,36.6,96.8,0.8
67,36.5,97.1,0
87,36.6,97.9,4.3
82,36.2,99.4,0
78,36.5,97.6,0.2
90,36.4,99.7,0
93,36,99.5,0
88,36.3,97.9,0
81,36.9,96.5,11.3
108,37,98.4,17.6
82,36.2,95.9,0
87,36.8,95.7,12.7
82,36.4,99.3,0
81,35.9,97.4,0
85,36.4,95.8,3.9
86,36.3,97.6,0
88,35.8,95.9,0
83,36.4,97.9,0
86,36.8,99,5.8
87,36.6,92.8,14.5
93,36.6,95.5,10.9
80,36.8,95.5,11
79,36.4,96.7,0.3
76,36,99.9,0
89,34.3,99.9,0
80,36,95.7,0
90,36.3,99.2,0
89,36.4,98.1,0.5
90,36.8,97.9,9.2
80,36.9,98.2,7.6
82,36.8,96.4,9.8
94,36.8,95.7,14.8
102,36.4,95.7,9.2
82,36.2,96.3,0
85,36.8,90.1,23.3
86,36.2,98.3,0
87,35.9,96.6,0
80,36.5,97.7,0.6
86,36.9,96.9,12
99,36.1,96.2,1.3
93,36.2,90.2,13.5
93,36.3,95.7,4.5
90,36.9,99.9,7.2
94,36.5,97,6.2
95,36.2,97.7,0
98,37,98,15.4
98,36.4,98.2,3
102,36.4,98,4.6
107,36.6,98.9,8.3
114,36.4,97.8,8.6
119,36.4,96.3,13.1
116,36.6,96.9,15
101,36.7,97.9,10.5
95,37,96.4,17.7
102,36.7,95.6,15.4
114,36.3,95.2,11.8
90,36.8,95.9,13.2
99,36.5,98.6,4.5
83,36.5,95.7,5.5
82,36,93.7,0
82,36.2,98.5,0
86,36.5,95,7.8
95,36.9,99,10.5
99,36.8,96.6,14.5
89,36.1,98.7,0
84,36.9,95.9,13.4
91,36.5,95.5,8.3
91,36.1,96.4,0
90,37,95.1,18.8
88,36.8,96.3,11.8
86,36.8,97.4,9
85,36.9,97.2,11.1
94,35.9,98.9,0
111,36.4,98.4,6.5
126,36.7,99.6,14.6
120,36.2,98.9,4.2
107,36.2,95.6,6.9
98,36.4,96.5,6.4
85,36.2,95,1.5
78,36.6,98.4,0.6
80,36.7,95.5,9
53,36.7,98.4,0
53,36.5,98.5,0
54,36.5,96.7,0
54,36.5,96.2,0
52,36.6,96.5,0
53,36,95.1,0
52,35.9,93.4,0
53,36.7,98,0
53,36.5,91.8,4.3
67,36.2,92.4,1.3
57,36,98,0
54,36.2,97.3,0
54,36.7,96.2,0
58,36.4,97.2,0
59,36.4,95.4,0
54,36.6,97.6,0
53,36.8,98.7,0
53,36.6,96.9,0
91,36.4,98.2,0.9
90,36.4,98.1,0.8
80,36.7,95.8,8.4
83,36.1,98.1,0
77,36.3,97.5,0
84,36.2,98.8,0
77,36.4,96.1,0.9
67,36.6,95.7,2.7
65,36.8,94.4,8.7
69,36.5,98.7,0
74,36.9,99.9,2.4
71,36.5,95.8,1.7
77,36.7,99.8,0
73,36.7,97.5,2.9
64,36.3,99.1,0
61,36.1,95.7,0
70,36.5,97.3,0
66,37.1,94.5,14.8
69,36.7,98.5,0
76,36.3,98.2,0
89,36,96.4,0
87,36.5,98.5,1.1
83,37.1,96.5,15.9
85,36.6,97.2,5.1
70,36.5,96.2,0.6
78,36.3,92.9,5.6
71,36.6,98.4,0
66,37.2,96.8,12.2
75,36.8,99.9,0.7
77,36,99,0
66,36.3,95.6,0
73,36.4,95.8,0.3
71,36.4,97.9,0
75,36.6,96.3,3.9
72,36.5,97.6,0
74,36.9,98.4,5.4
73,36,96.4,0
88,36.3,98,0
75,36.6,98.5,0
67,37.2,98.5,9.1
60,37,97.9,4.2
72,36.3,98.2,0
59,38.8,95.3,45.1
90,36.5,95.4,8.2
94,36.4,96.4,5.4
124,36.5,99.3,10.6
130,36.1,97.5,8
123,36.8,95.7,23.5
114,36.6,98.3,11.6
121,36.5,96.8,14.7
117,36.8,99.5,14.1
87,36.6,96.2,7.7
97,36.7,99.4,6.3
85,36.4,98.7,0
82,36.9,96.9,10.8
87,36.8,98.7,6.7
98,36.2,98.8,0
125,36.9,98,21.5
108,36.8,98.8,12.8
101,36.3,96.8,4.7
86,36.4,95.1,5.6
80,35,96.6,0
79,36.7,99.6,0.5
95,36.5,95.2,10.1
83,36.5,95.2,6.5
92,36.6,97.3,7
82,36.3,95.3,2
83,36.1,95.7,0
82,36.6,98.6,1.4
81,36.9,96.7,10.9
84,36.5,98.9,0
80,36.5,99.8,0
81,36.4,98.3,0
76,36.2,96,0
73,36.6,97.3,1.3
66,36.4,97,0
65,35.9,92.4,0
69,36.4,95.7,0
65,36,99.4,0
64,36.2,98.5,0
63,36.4,99.2,0
86,34.1,95.7,0
71,36.6,85.4,24.5
66,36.3,91.3,5.2
65,36,97.3,0
64,36.3,97.7,0
89,36.3,97.2,0.3
83,36.4,95.9,3.1
84,36.6,99.7,0
74,36,95.8,0
83,36.3,93.8,5.3
84,36.5,99.1,0
79,36.4,98.9,0
81,36.2,97.8,0
84,36.7,98.6,4
98,36.6,97.3,8.8
97,36.8,96.4,14.3
83,36.1,98.8,0
80,36.9,96.9,10.2
90,36.5,92.3,14.4
83,36.5,96.2,4.5
77,36.6,99.9,0
85,36.3,95,3.5
96,36.4,95.4,8
101,36.1,96.1,2.1
104,36.9,97.1,17
119,36.6,95,19.7
117,36.6,99.6,9.9
104,36.4,99.6,2
99,36.6,95.8,12.1
98,36.4,95.4,8.6
105,36.3,97.8,3.9
111,36.6,95.7,15.9
119,36.1,99.8,0.1
94,36.5,97.6,5
84,36.8,93.4,16.4
86,36.8,98.6,6.6
91,36.5,95.1,9.1
91,37,95.8,17.7
87,36.3,98.2,0
72,36.1,96.5,0
80,36.2,96.5,0
93,36.3,90.4,15.1
72,36.7,98.2,1.2
66,36.4,93.3,3.2
65,36.7,95.7,4.1
68,36.4,100,0
78,36.4,96.7,0
89,37.1,93.3,24.1
88,36.9,93.3,19.8
78,36.5,96.6,2.2
78,36.8,97.6,6.2
79,36.9,95.6,12.5
81,36.7,98.3,3.7
81,36.1,95.4,0
90,37.1,97.6,15.8
83,36.7,99.9,1.1
79,36.5,99.3,0
80,36.5,96.4,3.2
81,36.5,96.1,4.1
91,36.6,96.1,9.1
82,36.5,96,4.6
81,36.2,97.7,0
99,36.8,98.8,10.1
104,37.1,92.1,31
106,34.4,99.1,0
91,36.7,96.1,11.1
93,36.4,96.3,5.3
87,36.5,96.3,5.5
79,36.3,97.6,0
78,36.5,97.3,0.8
78,36.8,95.2,11
78,36.2,97.5,0
73,36.8,95.3,9.3
79,36.6,99.5,0
78,36.8,97.9,5.6
78,38.1,97.9,31.6
79,36.5,96.6,2.5
81,37.1,98.5,11.3
90,36.3,97.1,0.8
102,36.2,86.5,23.6
106,35.5,96,0
71,36,94.7,0
66,36.2,96.2,0
53,36.8,97.1,0
83,36.4,90.2,14.5
92,36.8,96.9,11.8
82,36.8,97.5,7.6
74,36.4,98,0
66,36.7,97.4,1
64,36.2,95.6,0
74,36.4,95.7,0.8
83,36.5,95.1,6.7
91,36.9,96.6,14.1
94,36.5,95.1,10
84,36.1,95,0
108,36.9,95.6,21.2
76,36.2,88.9,11
75,36.3,99.8,0
79,36.5,99.8,0
80,36.5,99.8,0
68,36.7,99.6,0
70,36.7,99,0
65,38.7,96.7,42.1
69,37.3,91.3,26.1
103,36.4,97.3,6.3
87,36.7,97.7,6.7
86,36.9,95.7,14.4
80,36.1,96.7,0
79,36.4,96.5,0.7
87,36.3,98.5,0
83,36.6,98.4,2.1
85,38.8,99.9,43.7
82,36.7,99,2.6
104,36.6,97.6,10
87,36.2,99.8,0
92,36.6,95.4,10.8
94,36.7,97.7,8.8
84,36.3,96.3,0.6
81,36.8,98.8,4.7
79,36.1,95.4,0
80,36.6,97.6,2.8
90,36.6,96.7,7.6
84,36.4,94.5,6.2
82,36.5,98.1,0.4
81,36.2,97.9,0
81,36.8,99,4.3
79,36.3,92.7,6.3
77,36.6,95.4,6.3
73,36.8,96.7,6.5
72,36.6,99.3,0
71,36.7,96.9,3.5
111,36.1,97.8,1.7
89,36.3,97.1,0.5
79,37,95.2,15.3
90,36.9,99,9
87,36.3,99.8,0
83,36.3,96,0.9
73,35.8,99.1,0
89,36.7,97.4,7.9
79,36.1,99.8,0
80,37.3,98.4,15.2
81,36.4,95.8,2.7
80,36.1,97.7,0
90,36.8,97.8,9.4
91,36.4,96.5,4.3
84,36.8,97,9.2
82,36.9,98.7,7.2
91,36.9,96.2,14.9
84,37,99.6,8
82,36,97.1,0
91,36.4,90.6,16.1
102,35.9,95.9,0
108,36.2,99.9,0
79,37.1,99.9,7.9
80,35.8,98.9,0
81,36.4,95.9,2.5
85,36.5,98.3,0.9
82,36.1,95.4,0
81,37.2,99.4,11.5
76,36.9,97.9,7
76,36.5,98.4,0
80,36.5,98.6,0
81,36.4,98.9,0
90,36.1,99.9,0
84,36.1,99.6,0
82,36.1,98.9,0
81,36.2,96.9,0
102,36.4,93.6,13.4
89,36.5,97.8,3.1
71,36.6,95.9,3.5
77,36.9,99.3,4.5
84,36.2,98.2,0
77,36.6,97,3.1
71,36.8,96,7.3
77,36.5,98.8,0
80,36.4,96.4,1.2
81,36.9,97.4,9.5
81,36.5,97.8,0.7
91,36.9,97.2,12.9
84,36.5,98.6,1.07E-14
102,36.7,94.3,18
96,36.5,99.3,2.2
78,36.6,98.8,0
72,35.9,96.2,0
68,36.3,95.9,0
77,36.4,98.7,0
78,36.3,93.6,4.2
75,36.7,96.7,5.1
82,36.6,98.5,1.6
85,36.5,99.6,0
81,36.2,96.2,0
77,36.5,97.2,0.7
80,36.4,96.2,1.6
66,36.8,99.1,0
80,36.8,95.9,10.2
90,36.4,96.2,4.6
83,36.5,97.1,2.7
80,37,98.3,9.4
71,36.3,96.5,0
70,37,95.7,11.6
78,36.2,96.6,0
73,36.1,98.4,0
83,36.7,96.1,8.7
91,36.8,91.5,22.3
76,36.7,85.5,27.8
79,36.5,95.2,5.3
90,36.3,100,0
81,35.9,95.7,0
79,36,99.4,0
78,36.8,95.6,10.2
80,36.8,90.6,20.8
81,36.4,98.8,0
91,36,95.7,0
84,36.6,97.5,4.2
82,36.1,98.6,0
81,36.7,99.3,1.7
81,38.4,99.5,35.3
77,36.9,97.3,8.5
80,36.2,97.5,0
84,36.1,95.1,0
82,36.5,96.6,3.4
80,36.8,97.8,6.4
73,36,98,0
89,36.9,99.8,7.1
83,36.2,96.5,0
85,36.4,98.1,0
86,36.7,96.6,8.6
92,36.9,98.1,11.4
88,36.3,97.1,0.2
110,36.4,91.7,19.6
81,36.3,96.1,0.1
85,36.4,90.9,13.7
86,36.1,97.5,0
82,36.5,99.3,0
72,36.9,98.8,4
82,36.7,95.2,10.2
106,36.8,96.6,16.6
88,36.7,99.1,4.2
104,36.3,91.2,16.8
86,36.6,95.6,8.6
86,36.4,96.5,2.8
92,36.6,95,11.6
87,36.2,95.3,1.5
101,36.4,95.6,9.1
119,36.7,98.5,14.7
109,36.9,99.2,14.3
107,36.3,98.5,3.1
106,36.4,97,7.8
91,36.7,98.5,6.3
116,38.8,98.1,56.6
87,36.3,90.9,12.3
86,36.3,91.4,11
115,36.8,99.2,14.1
111,37.2,90.9,37.5
89,36,95.9,0
97,36.3,97.8,1.5
82,36.3,95.4,1.8
74,36.6,96.4,3.4
98,36.4,98.3,2.8
104,36,97.5,0
86,36.5,98.9,0
80,36.5,90.8,14.4
81,36.2,96.1,0
81,36.6,99.5,0
99,36.1,99.9,0
104,36.1,97.2,0.8
87,36.8,95.4,13.3
83,36.6,97.8,3.3
109,36.7,99.8,9.1
107,36.7,93.7,20.7
86,36.5,93,11.8
101,36.7,98.4,9.5
86,36.8,97.5,8.8
116,36.5,95.7,15.4
105,36.3,87.2,25.1
109,36.4,96.7,9.3
107,36.5,96.5,11.1
106,36.6,99,7.8
107,36.7,97.8,12.5
103,36.6,95.1,14.7
105,36.5,91.1,21.3
86,36.2,95.6,0.6
75,36.4,99.7,0
99,36.3,97,3.7
100,36.7,98.9,8.2
104,36.5,99.4,4.4
106,36,98.8,0
109,36.5,95,14.7
85,36.8,98.5,6.5
82,36.7,97.4,5.8
80,36.7,98.8,2.4
100,36.5,98.1,5.8
101,37,89.2,33.9
105,36.8,97.2,15.1
87,36.5,99.9,0
97,36.1,94.2,4.7
81,36.5,98.1,0.1
100,36.5,99,4
105,37.2,97.6,22.3
63,36.4,98,0
86,36.2,99.4,0
93,36.6,95.2,11.5
94,36.3,97.2,1.8
117,37.2,98.1,24.9
86,36.7,96.2,9.4
82,36.2,96.1,0
85,37.4,96,23.5
92,36.3,99.3,0
93,36.8,96.4,13.1
84,36.8,97.8,7.6
74,36.9,96,10.2
72,36.3,96.8,0
71,36.4,92.6,6.1
78,36.7,96.6,6.2
62,36,97.9,0
95,36.5,98.8,2.9
103,36.1,97.2,0.5
114,36.4,99,6.2
86,36.4,97.7,0.4
98,36.7,89.5,26.4
89,36.6,95.2,10.3
104,36.4,93.8,13.6
97,36.6,97.6,7.9
82,37.1,98.2,12.2
91,36.2,99.6,0
94,36.6,95.9,10.4
78,36.4,95.9,1.6
76,36.3,95.8,0
111,36.1,95.8,5.7
115,36.5,96.7,13.1
96,36.5,99.7,1.4
93,36.8,95.2,15.5
94,39,97.8,54.6
72,36.6,98.4,0
88,36.5,95.1,8.2
83,36.7,92.9,15.1
83,36.6,95.4,8.1
90,36.5,95.3,8.4
117,36.1,99.1,0.9
113,36.5,96,13.9
86,37.1,99.9,10
73,37.1,98.9,8.1
77,36.7,97.9,3.3
82,36.7,96.9,6.8
85,37,98.8,9.9
95,39,99.9,50.7
106,37,98.3,17.2
107,36.4,95,12.1
98,36.9,97.7,14
89,36.6,92.4,15.9
75,36.1,99.7,0
74,36.3,95.4,0
78,36.1,99.1,0
80,36.6,95.5,7
74,36.2,96.5,0
78,36.5,99.8,0
61,36.1,98,0
63,36.9,93.7,11.5
89,36.3,96.5,1.7
81,36.4,95,4.3
84,36.1,97,0
101,37,98.3,15.7
86,36.6,96.7,6.4
80,36.2,93.2,3.6
81,36.6,99.2,0
76,36.7,97.1,4.6
80,36.6,96.2,5.6
108,36.1,91.8,12.8
77,36.5,99.1,0
117,36.3,95.9,11.3
110,36.5,100,5
98,36.4,99.4,0.6
95,36.7,94,16.5
105,36.3,94.1,11.3
102,37,96.1,20.4
96,37,99.6,11.6
95,36.5,97.3,5.9
111,36.6,98.1,11.1
121,36.6,99,12.3
124,34.1,87.1,0
92,36.5,98.6,2.4
90,36.7,96.2,10.6
112,36.7,95.7,18.2
109,36.8,94.2,22.3
96,37.1,98.5,15.8
111,36.2,98.3,2.7
124,36.3,97,11.2
115,36.7,97,16.5
97,36.2,97.3,0.5
97,36.6,99.6,3.9
96,36.3,98.7,0
95,36.1,96.7,0
102,36.3,95.9,6.8
101,36.6,99.8,4.7
106,36.9,97.9,16
100,36.8,99.5,9
96,36.7,98.6,7.6
83,36.9,95.8,13.3
84,36.3,96.5,0.2
75,36.6,99.3,0
89,35.9,99.6,0
91,36.3,96.3,2.7
93,36.5,95.3,9.3
88,36.3,96.6,1.2
79,36.3,95.9,0
95,36.8,95.7,15.1
86,36.7,96.8,8.2
89,36.4,98,0.7
87,36.8,97,10.1
78,36.9,98.4,6.6
97,36.5,98,5.1
95,36.7,100,4.5
94,36.7,90.7,22.8
85,36.9,97,11.5
80,36.2,97,0
56,36.7,99.8,0
73,36.2,91,5.9
81,36.9,97.1,10.1
77,36.2,95.6,0
89,37.2,96.4,19.9
93,36.5,93.4,13.1
81,37,98.2,9.9
91,36.2,97.2,0
76,36.5,99.9,0
83,36.3,98.3,0
74,36.4,99.1,0
77,35.9,97.7,0
80,36.6,99.6,0
94,36.3,96.1,4
76,36.4,98.6,0
80,37.2,96.9,16.2
68,36.3,96.9,0
93,36.4,99.3,0
94,36.2,99.5,0
112,36.6,98.4,10.8
99,36.5,97.2,7.3
95,36.8,96.7,13.1
85,36.6,98.6,2.3
92,36.2,98.8,0
93,36.5,98.7,2.5
94,36.5,98.6,3
94,36.5,97,6.2
94,36.7,95.6,13
94,36.8,99.3,7.6
94,36.4,95,8.2
94,36.5,96.8,6.6
88,37.1,96.3,17.8
83,36.7,95.2,10.5
91,36.4,100,0
84,36,96,0
91,36,97.1,0
93,36.1,98.6,0
84,36.3,95.9,1.4
91,36.7,98.9,5.5
93,36.4,97.6,2.7
95,36.2,99,0
92,36.4,97,3.6
84,36.3,97.8,0
82,36.5,99.4,0
74,36.6,96.8,2.6
89,36.2,96.8,0
93,36.6,98.8,4.3
77,36.6,99,0
100,36.1,99.2,0
73,36.4,95.5,0.9
71,36.4,98,0
78,36.3,95,1.4
80,36.2,98.8,0
81,36.6,95.7,6.9
91,36.5,97.4,4.5
93,36.4,97.5,2.9
81,36.3,95.6,1.1
81,36.7,99.2,1.9
91,36.7,98.1,7.1
94,36.8,98.2,9.8
95,36.5,98,4.5
80,36.7,95,10
81,36.2,97.4,0
91,36.5,99.3,0.7
84,37.3,97,19.2
79,36.5,99.3,0
90,36.8,99.7,5.6
83,36.1,97.1,0
91,37,92.2,24.9
87,36.2,99.6,0
93,36.7,99.4,5.1
82,36.6,97.8,3
81,36.9,96.7,10.9
56,36.6,99.2,0
93,36.4,98.3,1.3
84,36.8,96.4,10.4
91,36.7,99.2,4.9
93,36.5,98.3,3.3
84,36.8,96.7,9.8
69,36.1,95.8,0
73,36.4,95.4,1.1
93,36.8,97.5,10.9
102,36,98.3,0
113,36.9,99.9,14.1
106,36.5,97.9,8
98,36.6,99.3,4.8
101,37,99.7,12.9
97,36.4,95.4,8.3
106,36.7,99.3,9.2
102,36.2,98.5,0
102,36.4,95.7,9.2
96,36.7,94,16.8
81,36.7,96,8.3
102,36.5,99.1,4.4
86,36.7,98.2,5.4
92,36.5,95.7,8.2
99,37,96.6,18.5
81,36.6,90.2,17.9
69,36.3,99.2,0
93,36.6,99.7,2.5
105,36.1,89.7,16.1
98,36.5,97.9,5.6
105,37.2,95.3,26.9
98,36.1,97.5,0
81,36.5,95.8,4.7
113,36.4,99,5.9
113,36.5,96.9,12.1
112,36.5,98.4,8.8
80,36.7,95.6,8.8
95,36,95.8,0
94,36.8,97.1,12
81,36,98.2,0
91,38.3,97.3,40.7
64,36.9,95.9,7.4
80,36.4,98.2,0
81,36.5,97.4,1.5
77,36.3,96,0
72,37.1,99.3,7
88,38.4,95.8,44.8
76,36.5,95.4,4
89,36.5,95.5,7.7
79,36.6,96.5,4.7
80,36,96.8,0
91,35.7,95.9,0
113,36.8,98.8,14.3
114,36.7,98.1,14
82,36.6,98.4,1.8
74,36.6,96.3,3.6
82,37,98.5,9.6
80,35.9,96.3,0
90,36.3,94.7,5.6
82,36.8,95.4,11.8
91,36.2,97.3,0
98,35.9,96.8,0
89,36.4,95.3,6.1
83,36.6,97.4,4.1
91,36.6,93.3,14.7
80,37.3,97.4,17.2
81,36.8,97.3,7.7
81,36.5,99.9,0
79,36.2,92.8,4.1
90,36.9,96.3,14.4
83,36.3,99.1,0
91,36.1,99.9,0
80,36.1,96,0
91,37.2,97.9,17.5
76,36.4,95.5,1.8
89,36.9,99.3,8.1
93,36.3,98.1,0
94,36.4,97,4.2
72,36.4,97.9,0
82,35.9,90.6,3.4
91,36.9,96.5,14.3
84,36.3,95.6,2
82,36.4,97.5,0
91,36.3,97.2,0.9
79,36.7,99,1.7
90,36.7,97.1,8.8
93,36.6,97.5,6.9
94,36.4,96.4,5.4
83,36.8,95.3,12.3
90,36.5,98.6,1.8
93,36.2,98.5,0
103,36.7,95.6,15.7
84,36.7,95.5,10.2
80,36.9,97.3,9.4
79,36.7,97.2,5.3
81,36.1,98.8,0
81,36.5,95.7,4.9
77,36.6,96.6,3.9
81,38.3,97.7,36.9
90,36.7,99,5
84,36,95.6,0
81,36.3,98.1,0
77,36.4,95.1,2.9
89,36.3,96.9,0.9
93,36.4,91.3,15.3
94,36.4,99.3,0
81,38.2,97.9,34.5
90,36.3,95.2,4.6
87,36.9,96.2,13.7
92,36.4,99.4,0
94,35.8,96.6,0
94,36.8,99.1,8
94,36.8,95.4,15.4
81,36.2,91.2,7.9
91,36,99.1,0
93,35.9,95.4,0
92,36.6,96.7,8.2
94,36.5,99.4,1.4
84,36.3,98.8,0
75,36.6,97.8,0.9
82,36.6,95.3,8
85,36.3,99,0
85,36.6,97.4,4.7
82,36.2,99.5,0
91,36.4,96.1,5.1
76,36.9,95.8,11.2
61,36,98.3,0
71,36.8,98.4,2.5
88,36.8,98.3,7.8
92,36.2,100,0
94,36.5,95.6,9
77,36.1,99.8,0
76,36.6,98.6,0
80,36.6,98,2
77,34.1,95.6,0
90,36.1,95.4,0.2
87,36.6,99.1,1.9
75,36.8,97,6.5
79,36.9,96.9,9.9
90,36.7,99,5
83,36.7,97.6,5.7
84,36.8,97.1,9
91,36.6,97.1,7.1
80,36.9,95.5,13
91,36.7,95.9,11.5
101,35.9,98.5,0
96,36.8,94.2,18.4
81,36.9,91.4,21.5
92,36.8,98.5,8.6
102,36.8,98,12.6
102,36.8,97,14.6
90,36.7,98.9,5.2
88,36.6,97.8,4.8
93,36.8,99.6,6.7
82,36.3,96.9,0
91,36.4,99.1,0
79,36.4,98.5,0
90,36.8,98.1,8.8
83,36.7,99.5,1.9
91,36.2,98,0
87,36.2,99.6,0
98,36.8,96.5,14.4
101,36,95.9,0.5
82,36.3,98.4,0
92,36.7,87.6,28.4
82,36.5,99.7,0
81,37,96.9,12.5
91,36.4,97.7,1.9
93,36.5,98.7,2.5
77,36.7,95.7,7.7
84,36.6,99.8,0
78,36.7,96.6,6.2
80,36.5,99.5,0
101,38.6,99.7,44.9
114,36.5,98.2,9.8
86,36.1,96.4,0
92,36.5,96.2,7.2
93,36.3,91.2,13.5
94,36.8,90.8,24.6
117,36.4,85.1,34.9
124,36.7,95.2,22.8
119,36.7,95.7,20.3
101,36.4,98.4,3.5
86,36.8,96.3,11.2
92,36.9,95.1,17.4
105,36.3,95.2,9.1
97,36.3,99.9,0
95,36.4,95.5,7.5
94,36.8,97.1,12
112,36.7,96.4,16.8
99,36.2,98.4,0
113,36.6,97.7,12.5
122,36.2,98.6,5.4
101,36.2,95.3,5.7
90,36.2,96.9,0
113,36.6,97.1,13.7
100,37.1,99.2,15.6
96,36.7,95.3,14.2
85,37,97,13.5
70,36.4,97.8,0
71,36.6,90.8,13.7
88,36.1,92.8,4.8
83,36.2,96.2,0
71,35.9,99.3,0
93,36.3,98.3,0
60,36.5,97.8,0
82,36.1,95.9,0
121,36.8,96.9,20.5
119,36.5,97.5,12.7
116,36.7,96.2,18.4
112,36.2,97.4,4.8
112,36.3,96,9.6
116,36.6,92.2,24.4
100,37.2,99.6,16.8
96,36.7,96.4,12
95,36.2,98.7,0
112,36.7,98,13.6
116,36.5,99.5,7.8
100,35.9,99.5,0
82,36.6,98,2.6
109,36.2,99.4,0
116,36.5,97.4,12
123,36.7,99.1,14.7
124,36.8,98.7,17.8
102,36.2,96,4.6
90,36.5,91.8,15.4
94,38.9,95.2,57.8
112,36.9,99.1,15.4
99,38.9,97.3,55.1
108,36.6,96.5,13.4
98,36.8,98.8,9.8
86,36.6,98.1,3.6
77,36.4,90,13.1
76,36.7,96.3,6.2
89,36.3,98.6,0
83,36.6,96.2,6.5
92,36.2,98.6,0
93,36.5,98.9,2.1
84,36.1,97.2,0
91,36.1,95.6,0.1
80,38.9,98.7,46.6
90,36.6,95.3,10.4
83,36,96.5,0
114,36.7,95.7,18.8
82,36.2,97,0
91,36.5,98.9,1.5
59,36,100,0
108,35.8,99.9,0
88,34.1,98.7,0
93,36.6,97.7,6.5
112,36.6,98.3,11
99,36.5,94.5,12.7
117,37.1,97.6,23.9
101,36,99.8,0
113,36.6,99.4,9.1
100,36.7,98.7,8.6
73,36.6,96.1,3.7
110,36.5,98.3,8.4
121,36.7,91,30.3
101,35.7,99.7,0
90,36.6,99.4,2.2
80,37,99.4,7.2
73,36.2,99.7,0
96,36.8,95.9,15
77,36.6,90.9,15.3
73,37,99.4,5.1
75,35.9,96.1,0
83,36.4,97.6,0
114,36.3,97.4,7.4
86,36.9,97.7,10.4
75,36.2,99.8,0
114,36.5,97,12.2
117,36.7,95.4,20.3
107,36.3,95.1,9.9
105,36.3,95,9.5
103,36.3,96.8,5.3
101,36.4,96.2,7.9
103,36.6,98.6,7.7
102,36.3,97.6,3.4
107,36.2,97.1,3.9
114,36.2,95.9,8.4
113,36.3,98,5.9
78,36.9,98.1,7.2
76,36.3,98,0
77,36.7,96.5,6.1
78,36.5,98.1,0
73,36.3,96.2,0
94,36.5,96.8,6.6
94,39,95.8,58.6
90,36.5,96.9,5.2
93,36.4,97,3.9
84,36,97.2,0
86,36.5,97.6,2.6
103,36.1,95.4,4.1
114,36.8,98.8,14.6
100,36.6,99.2,5.6
101,36.8,95.7,16.9
97,36.1,98.1,0
106,36.8,96.7,16.4
98,36.2,91.5,12.4
106,36.6,98.8,8.2
83,36.4,97.3,0.3
91,36.7,95.1,13.1
80,36.6,98.7,0.6
84,36.8,97,9.2
114,36.8,96.2,19.8
117,36.6,98.5,12.1
86,36.6,97.4,5
92,36.3,96.5,2.6
110,36.3,98.9,3.2
98,36.6,96.4,10.6
113,36.1,97.5,2.9
93,36.8,99.6,6.7
94,36.6,96.7,8.8
106,36.5,96.5,10.8
97,36.9,95.1,18.9
82,36.8,96.5,9.6
81,36.1,95.5,0
91,36.2,97.5,0
110,36.4,99.3,4.4
115,36.9,98,18.5
122,36.6,96.8,17
119,36.7,95.7,20.3
123,36.8,99.5,15.9
119,36.3,99.1,5.5
101,36.3,98.4,1.5
96,36.9,96.2,16.4
83,36.1,99.4,0
80,36.8,95.2,11.6
90,36.5,95.8,7.4
83,36,94.5,0
82,36.5,97.3,2
81,36.8,96.2,9.9
81,36.3,96.4,0
102,36.4,90.6,19.4
96,37,97.2,16.4
85,36.3,96.2,1.1
78,36.7,97.2,5
90,36.3,95.6,3.8
111,38.3,98,45.3
99,36.7,95.1,15.5
86,36.2,95.8,0.2
86,36.4,99.7,0
82,36.8,99.3,4
84,36.7,99.9,1.4
75,36.4,95.3,1.9
90,37.2,96.6,19.8
93,36.7,98.2,7.5
100,36.3,96.2,5.6
90,36.4,95.1,6.8
83,36.5,95.8,5.3
91,36.2,96.1,1.1
93,36.5,96.3,7.3
84,36.3,99.8,0
82,36.5,96.7,3.2
81,36.5,99.6,0
91,36.4,98.7,0
104,36.7,99.3,8.6
91,36.8,97.1,11.1
91,35.9,98.8,0
80,36.8,95,12
90,36.3,97.5,0
93,36.4,97.2,3.5
84,38.1,98.8,31.6
91,36.7,96.8,9.7
79,36.4,95.4,2.9
90,35.7,98.9,0
111,37,97.5,20.3
89,36.3,98.6,0
93,36.3,96.9,2.1
94,37,99.5,11.2
89,36.3,99.6,0
83,36.4,93.3,8.3
92,36.6,97.5,6.6
84,36.3,97.9,0
82,36.5,99.4,0
91,36.3,96.6,2.1
87,36.4,98.9,0
82,36.4,97.1,0.4
91,37.1,90.4,30.5
94,36.6,99.2,3.8
94,36.7,96.1,12
84,36.9,95.7,13.8
91,36.1,97.1,0
93,36.4,96.2,5.5
80,36.2,99,0
96,36.3,96.1,4.6
95,36.6,98.3,5.9
94,37.4,96.1,26
77,36.2,99.4,0
76,36.8,97.1,6.6
89,36.8,98.9,6.9
83,36.4,96.1,2.7
91,36.2,97.9,0
84,36.8,95.4,12.4
108,36,95.7,3
92,36.1,99.5,0
94,36.3,97.6,1
84,35.8,99.3,0
82,36.4,99.1,0
81,36.7,98.1,4.1
108,36,97.2,0
88,36.7,95.7,11
78,36.8,97.3,6.8
91,36.1,98.1,0
94,36.4,97.8,2.6
84,35.9,99.1,0
91,36.6,98.8,3.7
84,36.1,98.1,0
82,36.6,98.6,1.4
91,36.1,97.8,0
76,36.4,98.6,0
75,36.3,96.9,0
111,36.1,99.1,0
104,36.2,98.9,0
87,36.7,96.9,8.3
83,36.2,96,0
91,36.4,99.7,0
84,36.2,95.5,0.2
86,36.8,99.3,5.2
92,36.7,95.2,13.2
94,36.6,95.1,12
117,34.8,96.7,0
86,36.2,98.6,0
79,36.1,96,0
77,36.4,96.1,0.9
89,36.4,97.7,1.3
82,37.2,92.2,26.2
97,36.4,91.1,16.9
85,36.5,95.2,7.1
75,35.9,99.2,0
89,36.6,99.7,1.3
93,36.7,97.9,8.1
82,36.2,96.3,0
80,36.5,96,4
90,36.7,95.2,12.6
93,37,97.8,14.3
100,36.5,99.9,2.2
95,36.2,96.7,1.1
94,36,97.5,0
94,36.3,97.2,1.8
95,36.6,97.2,8.1
94,37.1,97.7,16.8
94,36.7,90.8,22.6
81,36.1,93.3,1.7
81,36.1,98.2,0
91,36.1,98,0
86,36.2,99.3,0
82,36.2,98,0
77,36.4,99.4,0
112,36.8,99.5,12.6
100,36,98.3,0
96,36.4,98.5,1.8
89,36.3,95,4.7
104,37.1,97.4,20.4
101,36.6,96.9,10.5
86,36.5,95.8,6.2
82,36,97.2,0
73,36.6,96.7,2.5
105,36.5,97.6,8.3
68,36.4,98.7,0
98,36.4,98.5,2.4
95,35.8,96.7,0
99,36.5,97.5,6.7
89,36.9,94.3,18.1
83,36.6,97.3,4.3
57,36.6,99.4,0
75,36.3,99.3,0
75,36.8,95.2,10.1
106,36.1,99.4,0
97,36.5,85.7,29.7
95,36.6,95.2,12.1
94,36.8,95.4,15.4
96,36.8,97.9,11
85,36.9,95.9,13.7
82,36.3,90.7,11.2
91,36.5,94.9,9.5
84,36.2,96.6,0
82,36.7,95.6,9.4
81,36.6,99,0.3
91,36.4,96.8,3.7
84,36.3,98.6,0
79,36.7,95,9.7
61,36.3,92,2.3
76,36.5,97.3,0.2
89,37,85.4,37.9
86,36.4,98.9,0
78,36.6,95.3,6.8
80,36.8,99.7,2.6
81,34.5,97.4,0
81,36,97,0
91,38.9,98.2,50.9
81,36.5,91.4,13.5
77,36.3,100,0
76,36.2,96.8,0
89,36.3,91.3,12.1
76,36.5,99.4,0
80,36.5,99.7,0
91,36.5,98.8,1.7
93,35,93.6,0
80,36.4,96.3,1.4
90,36.3,98.8,0
93,36.7,98.5,6.9
60,36.9,97,4
85,36.8,96.1,11.3
92,36.4,100,0
94,36.8,95.5,15.2
95,36.5,96.8,6.9
95,36.5,96.2,8.1
88,36.5,96.3,5.8
81,36.2,96.9,0
91,36.6,92.7,15.9
110,36.1,97.2,2.6
98,36.2,98.9,0
102,36.4,99.1,2.4
96,36.8,98.1,10.6
85,36.6,96.9,5.7
69,36.7,97.7,1.3
53,36.8,98.7,0
83,36.8,96.9,9.1
68,36.4,95.9,0
78,36.2,98.1,0
80,36.6,99.2,0
76,36.2,97.9,0
80,36.5,95.6,4.8
81,36.6,96.4,5.5
81,36.6,98.6,1.1
84,36,99.2,0
91,36.3,91.3,12.7
94,36.5,98.6,3
81,36.6,98.4,1.5
77,36.7,95.5,8.1
90,36.6,98.9,3.2
93,36.5,94.2,11.5
84,36.6,95.7,7.8
91,36.5,95.5,8.3
76,36.5,98.3,0
80,36.7,97.3,5.4
90,36.5,98.2,2.6
104,36.5,99.8,3.6
87,36.8,96.6,10.9
83,35.8,95.1,0
77,36.1,95.2,0
84,36.7,98.8,3.6
77,36.5,97.5,0.1
76,36.5,97.8,0
80,36.5,98.6,0
76,36.6,96.3,4.2
83,36.8,99.2,4.5
92,36,97.7,0
84,36.3,99.6,0
68,36.5,99,0
76,36.7,98.9,1
72,36.8,98.8,2
79,36.5,99.5,0
79,36.6,90,17.7
99,36.6,97.5,8.7
86,36.5,96.5,4.8
92,36.1,100,0
77,36.2,99.3,0
80,36.2,95.8,0
90,36.6,97.3,6.4
83,36.7,97.6,5.7
80,36.8,98,6
84,36.5,98.4,0.4
91,36.3,99.7,0
76,36.8,97.1,6.6
55,36.6,99.2,0
84,36.4,99,0
77,36.9,99.2,4.7
79,36.3,99.1,0
90,36,97.1,0
93,36.7,99.6,4.7
84,36.4,95.5,4.2
91,36.3,97.2,0.9
93,36.8,98.7,8.5
94,36.3,98.9,0
94,36.6,97.7,6.8
81,36.8,99.7,2.9
91,36.4,99.3,0
84,36.5,96,5.2
91,36.7,98.5,6.3
94,36.8,95.8,14.6
88,36.8,98.3,7.8
83,36.3,99.5,0
91,34.2,98.7,0
87,36.4,96.1,3.9
92,36.3,96.3,3
94,36.4,93.8,10.6
112,36.7,99.7,10.2
99,36.2,97.9,0
95,36.3,96.8,2.9
80,36.4,97.8,0
91,36.8,95.3,14.7
76,36.3,95.6,0
80,36.8,98,6
76,37.1,96.2,14.4
80,36.7,96.8,6.4
91,37.1,99.4,12.5
94,37,99,12.2
81,36.6,96.4,5.5
91,36.7,99.1,5.1
79,36.8,98.5,4.7
73,36.3,96,0
89,36.9,97.9,10.9
83,36.6,85.8,27.3
84,36.6,95.4,8.4
91,36.3,98.1,0
93,36.5,99.1,1.7
82,36.7,95.1,10.4
91,36.2,98.6,0
84,36.6,96.8,5.6
92,36.4,96.9,3.8
84,36,99.4,0
77,36.5,100,0
76,36.9,99.7,3.4
83,36.8,95.6,11.7
74,36.5,98.8,0
75,36.8,98.9,2.7
72,36.3,99.9,0
85,36.2,97.1,0
69,36.5,93.6,5.5
76,36.6,95.6,5.6
72,37,95.9,11.8
75,36.8,98.4,3.7
90,36.4,96.8,3.4
80,36.4,98,0
73,36.8,96.9,6.1
77,36.1,98.7,0
75,36.5,99.5,0
111,36.7,96.2,16.9
104,36.4,99.1,3
74,36.9,99.1,4
72,36.9,99.4,2.8
88,36.6,97.1,6.2
66,36.5,97.3,0
73,36.4,96.3,0
79,36.5,97.2,1.3
78,36.8,95.9,9.6
82,36.2,93.7,3.2
74,36.5,95.9,2.4
77,36,98.3,0
75,36.9,99.8,2.9
75,36.2,98.5,0
79,36.7,96.3,7.1
70,36.3,97.8,0
93,36.6,96,9.9
89,36.6,97.4,5.9
92,36.5,97.2,5.2
92,36.6,98.7,4.2
77,35.9,88.8,5.5
77,36.3,99.2,0
89,36.3,96.8,1.1
76,36.2,99.9,0
89,36.8,99.8,5.1
74,36.5,96.1,2
84,36.9,97.9,9.4
85,37.1,98.1,13.3
70,36.3,99.2,0
81,36.5,98.1,0.1
82,36.6,99.7,0
80,36.5,96.8,2.4
84,36.5,96.9,3.4
82,36.2,96.6,0
85,36.5,99.4,0
85,36.9,99,7.5
82,36.3,95.7,1.2
82,36.7,98,4.6
94,37.1,96.2,19.8
87,36,97.3,0
86,36.3,96,1.8
93,36.5,99.3,1.3
88,36.5,96.5,5.4
91,35.9,97.1,0
65,36.5,99.2,0
77,36.3,99.9,0
89,36.7,94.8,13.1
80,36.9,95.2,13.6
113,36.6,97.7,12.5
99,36.7,97.7,10.3
82,36.3,97.2,0
102,36.2,100,0
90,36.7,96,11
83,37.2,98,14.9
91,36.3,99.1,0
84,37.1,99.4,10.4
80,35.8,96.4,0
79,36.1,99.2,0
84,36.3,97.2,0
114,36.5,99.2,7.8
99,36.7,96.2,13.3
95,37,99.6,11.3
76,36.5,96.2,2.4
94,36.3,97.7,0.8
102,36.4,98.7,3.2
85,36.6,95.8,7.9
82,36.6,96,6.6
91,36.6,97.5,6.3
104,36.5,97,9.2
97,36.8,98.7,9.7
96,36.8,93.4,20
85,36.6,96.9,5.7
86,37.2,95.3,21.2
79,36.3,99.8,0
84,36.1,99,0
88,36.4,97.7,1
83,36.9,97.8,9.3
84,36.7,98.5,4.2
91,36.6,97.8,5.7
93,36.6,97.7,6.5
88,36.7,97,8.4
86,36.5,98,1.8
92,36.5,95.7,8.2
87,36.5,98.3,1.5
75,36.4,98.1,0
80,36.9,99.1,5.8
93,36.8,95.1,15.7
84,36.3,97.3,0
91,34.2,96.5,0
89,36.4,98.2,0.3
83,36.6,97.8,3.3
82,36.2,97.8,0
91,36.5,97.4,4.5
79,36,95.2,0
78,36.4,96.3,0.8
85,36.2,96.1,0
86,36.5,98,1.8
76,37.1,98.4,10
77,36.2,95.7,0
56,36.2,99.6,0
67,36.6,95.4,3.3
67,36.1,98.3,0
81,36.2,95.9,0
85,36.4,99.2,0
85,36.1,97.6,0
92,36,95.2,0
88,36.4,99.8,0
81,36.8,98.4,5.5
81,36.8,99,4.3
84,36.2,98.8,0
82,36.3,98.8,0
81,37.2,98.2,13.9
81,36.6,99.1,0.1
84,36.1,97.1,0
89,36.4,92.5,11.7
92,36.1,96.5,0
88,36.5,99.1,0.2
83,36.7,97.9,5.1
81,36.3,96.9,0
89,36.2,96.1,0.5
83,36.7,95.8,9.3
91,36.2,95.7,1.9
84,36.5,96.1,5
92,36.7,98.4,6.8
84,36.4,96.2,2.8
82,36.6,96.9,4.8
91,36.5,99.4,0.5
93,36,95.2,0
94,36.5,96.5,7.2
85,36.7,95.7,10.1
82,36.6,98,2.6
91,36.9,96.1,15.1
79,36.2,99.9,0
78,36.4,99.5,0
80,36.7,97.6,4.8
91,36.4,99,0
94,36.8,99.2,7.8
84,36.2,98.4,0
91,36.5,99.6,0.1
95,36.4,96.8,4.9
88,36.3,92.9,8.6
93,36.4,95.4,7.1
99,36.2,95.8,4.1
86,36.7,96.4,9
95,36.2,98.4,0
94,36.1,97.2,0
105,36.4,96.2,9.1
97,36.5,96.4,8.3
96,36.8,91.9,23
95,36.8,99.7,7.1
94,37.1,98.7,14.8
94,36,96,0
88,36.3,95.4,3.6
83,36.9,97.6,9.7
91,36.3,97.7,0
87,36.5,96.1,5.9
82,36.5,96.2,4.2
94,36.5,97.4,5.4
72,36.8,98.7,2.2
77,36.1,93.7,0
78,36.5,96,3.4
86,36.5,94.7,8.4
81,36.1,96,0
83,36.5,97.7,1.5
91,36.9,98,11.3
95,36.5,98.8,2.9
104,36.3,95.9,7.4
101,36.4,97.8,4.7
80,36.7,95.1,9.8
73,36.5,97.5,0
68,36.6,97.2,2.31E-14
81,36.5,98.9,0
91,36.5,96.8,5.7
76,36.4,91.7,9.4
78,36,96.8,0
90,37.1,99.2,12.6
78,36,97.5,0
79,36.7,95.6,8.5
80,37.2,96.1,17.8
90,36.7,99.1,4.8
76,36.4,95.7,1.4
89,36.1,99.5,0
83,36.4,97.2,0.5
82,36.3,96.1,0.4
95,36.8,96.7,13.1
100,36.7,97.3,11.4
87,36.1,99.9,0
75,36.6,97.1,2.3
77,36.5,99.7,0
79,36.7,96.7,6.3
81,36.3,96.4,0
81,37.1,96,16.3
91,36.8,95.3,14.7
82,36.5,95.6,5.4
89,36.8,97.2,10.3
81,36.5,99.2,0
64,36.4,95.5,0
86,36.3,99.1,0
64,36.8,100,0
77,36.5,97.5,0.1
89,36.7,96.9,8.9
83,36.8,97.9,7.1
100,36.6,97.8,8.4
86,36.3,99.1,0
65,36.7,99.5,0
56,36.3,99.2,0
55,36.1,99.3,0
54,36.7,97.6,0
55,37,99.5,0
55,36,95.9,0
57,36.7,98.7,0
59,37,96.7,6.3
56,37,98.8,1.2
58,36.2,99.1,0
60,37.1,96.2,9.6
59,36.4,98.3,0
91,36.4,98.5,0.3
66,36.8,94.8,8.2
64,36.5,97.6,0
59,36.3,87.3,11.1
54,36.6,100,0
50,36.2,99.6,0
50,36.2,99.4,0
48,36.4,97.4,0
48,36.2,98.1,0
54,36.4,96.2,0
52,36.8,98.9,0
48,36.7,95.2,5.15E-14
48,36.4,96,0
49,36.5,96.5,0
49,36.4,96.7,0
50,37.1,98.9,1.2
48,36.5,99,0
49,36.5,91.8,3.1
50,36.3,96.1,0
48,36.6,95.4,0
48,36.5,99,0
48,36.7,92.8,4.8
49,36.8,99.4,0
48,36.3,98.2,0
49,36.7,99.6,0
50,35.7,96.7,0
49,37.1,91.4,15.9
48,36.7,99.8,0
49,36.7,99.5,0
49,36.9,98.9,0
48,36.9,95.3,3.8
50,37.3,98,7
49,37,95.5,5.7
49,36.4,93.7,0
48,36.8,97.5,0
50,36.7,97.4,0
48,36.4,97.7,0
48,36.8,95.3,1.8
50,36.3,99,0
48,36.3,98,0
48,36.1,98.4,0
49,36.6,98.9,0
48,36.6,97.2,0
55,37,95.6,7.3
50,36.4,95.7,0
49,36.3,95.2,0
49,36.2,96.9,0
62,36.6,99.8,0
52,36.8,97,0
49,37,99.9,0
52,36.7,96.8,0
52,36.2,96,0
49,36.3,95.2,0
48,37,96.5,3.4
49,36.7,99.2,0
48,36.2,98.2,0
49,36.4,99.6,0
50,36.8,98.3,0
53,36.6,90.5,8.9
54,36.2,99.8,0
54,36.9,94.1,8
54,35.9,98.5,0
72,36.5,96.3,1
57,36.1,96.5,0
53,36.8,98.7,0
52,36.2,95.1,0
50,36.9,95.1,4.8
51,37,95,7.3
50,36.8,98.8,0
54,36.3,99.9,0
51,36.6,88.6,12.1
52,36.5,95.8,0
51,36.3,99.8,0
49,36.5,98.8,0
51,36.6,99.8,0
49,36.5,98.6,0
50,35.9,91.9,0
52,36.6,95.9,0
49,36.6,99.3,0
48,37.2,99.9,0.6
49,36.7,96.6,0
52,36.4,98.4,0
70,37.1,97.5,10
57,35.9,99.6,0
52,36.6,97.2,0
49,36.5,96.7,0
54,36.3,96.5,0
71,36.7,98.4,0.5
65,36.6,95.1,3.3
62,36.5,95.5,0
63,36.5,97.5,0
77,36.3,97,0
59,36.6,97.9,0
54,36.5,97.8,0
75,36.7,98.9,0.7
55,36.2,99.8,0
78,36.7,96.7,6
90,36.3,99.3,0
93,36.3,96.4,3.1
94,36.8,97.4,11.4
72,37.2,92.2,23.2
85,36.5,98.7,0.1
86,36.4,98.5,0
84,36.4,96.2,2.8
80,36.7,96.9,6.2
57,36.6,97.7,0
78,36.3,93.1,5.2
84,36.3,99.4,0
83,36.4,96.3,2.3
82,36.2,95.5,0
85,36.5,99.1,0
81,36.9,98.6,7.1
81,36.8,98.8,4.7
82,36.4,96.5,1.6
85,36.3,99,0
80,36.6,98.5,1
83,36.3,98.7,0
85,36.9,97.5,10.5
82,37.1,99.9,8.8
84,36.3,96,1.2
82,36.3,95.9,0.8
84,36.5,99.4,0
74,36.3,87.8,14.6
82,36.4,96.5,1.6
57,36.7,96,1.1
75,36.1,97.9,0
77,36.4,92.3,8.5
76,35.9,96.4,0
74,36.5,95.4,3.4
89,35.8,97.3,0
83,36.2,99.4,0
79,36.3,95.5,0.7
90,37.3,95.4,24.2
80,36.5,96.7,2.6
79,36,95.6,0
81,36,96.7,0
85,36.9,97.8,9.9
82,36.2,98.9,0
79,36.3,99.5,0
79,37,98.5,8.7
78,36.7,96.7,6
78,36,92.1,1.2
83,36.1,95.3,0
80,36.8,98.8,4.4
78,36.9,97.9,7.6
84,37.1,99.7,9.8
58,37.2,95.1,13.2
73,36.8,99,1.9
77,36,98.4,0
79,36.4,98.8,0
83,36.5,96.2,4.5
79,36.8,96.4,8.9
89,36,95.6,0
86,36.4,98.5,0
86,36.4,99.3,0
79,36.6,99.4,0
90,35.9,96.1,0
88,36.7,99.9,2.6
92,36.2,99.4,0
82,36.5,96.6,3.4
85,36.5,97,3.5
86,36.8,97.1,9.6
83,36.6,96.3,6.3
85,36.7,96.1,9.3
82,36.4,95.4,3.8
80,36.4,96.8,0.4
81,36.6,96.3,5.7
101,36.6,91.5,21.3
86,36.2,98.4,0
85,36.9,99.4,6.7
92,36.6,89.3,23
93,36.3,95.5,4.9
81,36.5,95.2,5.9
79,36.3,98,0
84,36.5,99.3,0
74,36.6,96.2,3.8
83,36.5,99.7,0
79,37.1,96.9,13.9
81,36.5,96.6,3.1
81,36.3,98.1,0
85,36.7,95.7,10.1
80,36.8,99.9,2.2
82,36.8,99.2,4.2
77,36.1,98.6,0
84,36.5,95.7,5.8
85,36.9,97.1,11.3
82,36.2,95.5,0
90,36,97.5,0
87,36.5,95.7,6.7
86,36.6,98.8,2.2
80,37.1,96.3,15.4
84,36.8,95.4,12.4
81,36.3,98.8,0
81,36.6,95.5,7.3
81,36.3,98.1,0
80,36.8,95.9,10.2
90,36.5,98,3
88,36.7,98.3,5.8
92,36.5,98,3.6
84,36.7,95.1,11
92,36.3,97.7,0.2
93,36.9,98.5,10.9
88,36.1,99.7,0
79,36.4,99.3,0
90,34.1,97.8,0
87,36.3,96.1,1.9
92,36.6,96.2,9.2
95,36.1,98.6,0
94,36.4,95.1,8
88,36.6,95.4,9.6
92,36.1,98.8,0
88,36.4,99,0
86,36.5,99.5,0
85,36.2,95,1.5
86,35.9,96.6,0
78,36.4,98.4,0
83,36.6,98.2,2.5
83,36.2,96.5,0
82,35.9,99.9,0
74,37.1,98,10.2
82,36.7,85.2,30.2
85,36,97.7,0
80,36.7,95.3,9.4
78,36.9,99.2,5
79,36.6,99,0
79,36.6,95.8,6.1
77,36.2,98,0
61,36.4,95.9,0
85,36.7,97.7,6.1
82,36,91.9,2.8
81,36.3,97,0
85,36.5,99.1,0
88,36.9,98.4,9.6
86,36.2,95.5,0.8
84,36.6,95.8,7.6
84,36.5,95.7,5.8
91,36.6,97.3,6.7
77,36.6,95.3,6.5
81,36.3,99.5,0
81,36.7,98.2,3.9
80,36.3,96.6,0
87,36.8,96.7,10.7
81,36.9,99.1,6.1
83,36.5,98.9,0
85,36.3,98.6,0
85,36.8,99.9,3.7
81,37.1,95.1,18.1
90,36.3,95.6,3.8
88,36.8,96.4,11.6
87,36.5,89.7,18.7
90,36.4,98.3,0.4
81,36.9,96.8,10.7
81,36.3,95.8,0.7
85,37.2,97.8,15.9
82,36.6,99.7,0
89,34,97.5,0
92,36.7,97,9.6
93,37.3,99.7,16.5
84,36.4,95.1,5
92,36.3,95.5,4.6
87,36.7,99,4.1
80,37,98.9,8.2
79,36.3,97.6,0
75,36.8,96.9,6.7
88,36.6,99.1,2.2
83,36.7,99,2.9
79,36.8,95.3,11.1
78,36,95.2,0
79,36.7,96.5,6.7
79,36.4,98.2,0
78,36.4,99.6,0
77,36.7,95.5,8.1
83,36.3,95.9,1.1
91,36.5,95.2,8.9
93,36.7,98,7.9
85,36.6,98.1,3.3
78,36.5,96.2,3
80,35.9,94.4,0
77,36.4,98.9,0
79,36.3,96.9,0
83,36.7,94,12.9
79,36.5,97.3,1.1
78,36.2,95.4,0
78,37.3,99.2,13
72,35.9,97.7,0
54,36.3,97.7,0
78,36.5,98.8,0
62,36.6,99,0
63,36.5,99.1,0
72,36.1,98.5,0
79,36.4,96.1,1.5
78,36.2,95.2,0
78,36.4,96.8,0
77,36.1,96.6,0
73,36.6,97.3,1.3
75,36.2,97.9,0
77,36.4,99.1,0
78,36.2,96.7,0
80,36.7,96.2,7.6
74,36.2,99.9,0
72,36.5,99.9,0
62,36.3,97.2,0
72,36.4,99.6,0
71,36.9,95.1,11.1
76,35.8,95.7,0
72,37,97.6,8.4
72,37.1,97.5,10.6
54,36.3,99.7,0
70,36.6,97.9,0
71,36.8,96.1,7.1
71,36.6,98.1,0
69,35.6,87.7,0
70,37,98.7,5.6
68,36.9,99.8,0.8
68,36.3,98.3,0
66,36.3,99.1,0
68,36.9,98.2,4
71,36.5,99.8,0
75,36.7,98.5,1.5
70,36.6,97.8,0
72,36.2,85.4,16.8
76,36.8,95.9,9
77,35.9,96.8,0
72,36.3,96.2,0
77,36.7,97.9,3.3
72,36.6,98,0
82,36.6,95.7,7.2
91,36.7,97.5,8.3
90,36.4,96.2,4.6
83,36.5,99,0
82,36.8,98.3,6
77,36.6,95.8,5.5
80,36.1,96,0
86,36.4,95.8,4.2
91,36.5,95.8,7.7
97,36.4,96.7,5.7
98,36.4,96,7.4
111,36.2,97,5.3
119,36.4,98.5,8.7
103,36.3,97.3,4.3
88,36.5,97.6,3.2
93,37,96.7,16.5
83,36.3,99,0
80,36.4,90.2,13.6
85,36.3,99.1,0
86,36.7,97,7.8
81,36.5,97,2.3
85,36.5,98.5,0.5
83,36.4,95.9,3.1
85,36.7,95.3,10.9
79,36.3,95.8,0.1
73,36.4,90.4,11.1
75,35.8,98,0
72,36.5,96.9,0
88,36.5,98.9,0.6
87,36.5,97.9,2.3
93,36.7,95.2,13.5
88,36.7,97.1,8.2
92,37.1,97.7,16.2
80,36.1,94.8,0
88,36.6,99,2.4
92,36.5,95.9,7.8
88,36.6,99,2.4
92,38.1,99,33.6
94,36.7,95.6,13
85,36.2,96.1,0
98,36.4,97.9,3.6
94,36.2,98.7,0
77,36.3,95.5,0.1
84,36.5,96.6,4
85,36.5,98.1,1.3
86,36.2,98.1,0
83,36.3,95.3,2.3
80,36.6,95.1,7.8
83,36.5,97.1,2.7
85,36.2,99.9,0
85,35.6,99.6,0
82,36.8,97.4,7.8
62,36.6,98.9,0
75,36.4,95.7,1.1
94,36.3,98.1,0
84,36.4,97,1.2
91,36.5,96.8,5.7
76,37,99.5,5.8
80,36.1,97.4,0
81,36.8,98.6,5.1
81,36.6,91.4,15.5
74,36.4,98.7,0
79,36.8,95.8,10.1
91,36.6,97.8,5.7
93,36.9,95.1,17.7
94,36.8,92.7,20.8
94,36.7,98.3,7.6
76,36.7,98.1,2.6
90,35.9,95.3,0
93,37,96.3,17.3
89,36.6,95.9,8.9
88,36.7,99.7,3
92,37.1,96.3,19
88,36.1,98.5,0
88,36.6,97.4,5.6
86,36.3,97,0
87,36.7,98.4,5.3
86,38.9,98.9,48
86,36.8,98.4,7
93,36.8,98.9,8.1
89,36.4,98.4,0
93,36.1,99.5,0
84,36.4,99.4,0
82,36.5,95.7,5.2
91,36.5,96.6,6.1
89,36.4,99.1,0
93,36.1,97.5,0
80,36.4,97.3,0
84,36.8,96.4,10.4
85,36.3,98.4,0
90,36.7,99.6,3.8
93,36.3,95.7,4.5
87,36.6,97.8,4.5
86,36.7,99.8,2.2
92,36.9,97,13.6
88,36.7,96.2,10
87,36.5,99,0.1
91,36.4,98.2,0.9
94,36.6,96.1,10
94,36.9,97.8,12.6
77,36.6,95.6,5.9
90,34.4,99,0
87,36.5,98.8,0.5
86,36.4,97.6,0.6
85,36.3,93.4,6.7
90,36.6,99.1,2.8
93,36.7,98,7.9
93,36.4,85.8,26.3
88,36.6,92.6,15.2
86,36.7,96.1,9.6
87,36.9,99,8.1
93,36.3,97.7,0.5
94,36,98.1,0
88,36.2,95.4,1.6
92,36.5,96.2,7.2
73,36.5,92.5,8.9
83,36.7,98.1,4.7
80,36.6,90.1,17.8
77,36.2,98.8,0
80,36.9,96.5,11
84,36.6,99.5,0.2
91,36.3,96,3.3
95,36.3,100,0
94,36.7,97.3,9.6
94,36.2,97.9,0
88,35.7,97.9,0
87,36.3,95.5,3.1
93,36.8,98.5,8.9
94,36.3,95.8,4.6
84,36.1,95.7,0
91,36.8,99.3,6.7
94,36.7,98.1,8
81,36.7,96.5,7.3
94,36.5,94,12.2
88,37,95.5,17.4
92,36.5,99.7,0.2
84,36.2,99.1,0
91,36.5,98.5,2.3
82,36.6,96.7,5.2
81,35.9,98.9,0
91,36.6,97,7.3
87,36.2,96.4,0
86,36.5,98,1.8
86,36.6,98.7,2.4
87,36.3,99.3,0
85,37,96.4,14.7
92,36.1,96.9,0
82,36.5,95.9,4.8
57,36,96.2,0
75,36.2,90.7,7.1
83,36,98.2,0
78,37.2,98.2,13
76,36.7,99.4,4.62E-14
55,36.7,99.6,0
85,36.2,95.9,0
78,36,95.7,0
76,36.6,97.2,2.4
66,36.6,98.8,0
85,36.3,99,0
92,36.3,99.8,0
84,36.4,99.1,0
85,36.3,95.4,2.7
81,36.2,99.9,0
85,36,97.1,0
63,36.5,98.3,0
75,36.5,96.8,0.9
77,36.2,99.6,0
76,37,95,14.8
73,36.3,97.6,0
77,36.8,98.3,4.5
73,37,95,13.9
74,36.2,96.8,0
67,36.7,96.1,3.9
76,36.8,95.2,10.4
72,36.8,98.5,2.6
82,36.4,97.5,0
80,36.4,98.4,0
78,36.7,96.7,6
80,36.8,86.4,29.2
81,36.5,97.7,0.9
82,36,99.9,0
91,36.2,97.4,0
94,36,94.7,0.8
80,36.4,96.7,0.6
84,36.9,97.7,9.8
91,36.8,98.1,9.1
89,37.4,95.5,25.7
79,35.4,90.7,0
83,36.6,98.8,1.3
79,36.2,99.1,0
90,35.9,96.8,0
82,36.6,95.7,7.2
83,36.3,97.5,0
85,37.2,96,19.5
85,36.2,96.6,0
86,36,95.4,0
102,36.9,97.4,15.8
120,36.5,97.1,13.8
102,36.9,97.5,15.6
84,36.2,96.3,0
86,36.6,95.4,9
82,36.3,98.5,0
62,36.5,99.2,0
86,36.1,95.5,0
58,36.5,97,0
68,36.5,99.3,0
77,36.9,95.9,11.3
79,36.3,96.3,0
67,36.4,95.3,0
87,36.6,95.4,9.3
93,36.8,96,13.9
94,36.6,97.8,6.6
56,36.5,98.8,0
71,37,98.8,5.7
76,37.2,98.9,11
67,36.4,98.4,0
87,36.5,97.4,3.3
69,36.8,96.5,5.7
68,36.4,99,0
69,36.3,95.2,0
80,36.7,98.5,3
84,36.3,97.1,0
80,36.7,97.8,4.4
62,36.6,99.7,0
75,36.1,96.1,0
82,36.7,97.7,5.2
80,36.7,96.5,7
83,36.8,99.2,4.5
83,36.1,86.8,15.3
91,36.5,95.6,8.1
87,36.5,96.9,4.3
92,36.4,96.7,4.2
82,36.4,99.4,0
81,36.3,98.2,0
80,36.8,98,6
79,36.8,97.7,6.3
83,36.2,95.6,0
79,36.9,97.4,8.9
81,36.6,96.8,4.7
62,36,97.2,0
72,36.3,98.2,0
82,36.2,97.4,0
77,36.5,99.7,0
84,36.9,97.9,9.4
82,36.7,99.6,1.4
85,36.1,96.1,0
86,36.2,98,0
86,36.6,96.3,7.2
82,36.4,99.4,0
79,36.7,98.6,2.5
68,36.1,99.4,0
67,36.4,99.3,0
66,36.7,96,3.8
69,36.4,97.3,0
71,36.1,99.8,0
70,36.2,99.2,0
68,36.5,98.9,0
70,36.5,96.3,0.4
99,36.4,98.5,2.7
116,35.6,96.8,0
89,36.1,99.3,0
90,36.5,98.5,2
98,36.9,95.8,17.8
115,36.5,95.4,15.7
105,36.8,98.3,12.9
99,36.3,98.4,0.9
100,36.7,97.1,11.8
106,36.6,96.6,12.6
105,36.5,95.3,12.9
100,36.4,99.7,0.6
109,36.7,95.4,17.9
96,36.8,95.8,15.2
99,36.4,97.7,4.3
85,36.4,95.1,5.3
84,36.8,94.3,14.6
82,36.7,95.2,10.2
99,36.5,93.7,14.3
102,36.6,98.1,8.4
83,35.9,96.3,0
77,36.2,95.9,0
75,36.3,95.8,0
73,36.5,95.1,3.7
75,36.8,96.5,7.5
77,36.9,95,13.1
70,36.6,99,0
82,36,96,0
78,36.6,96.2,5
79,36.2,96.4,0
72,36.5,88.4,16.8
82,36.4,95.2,4.2
77,36.8,98.7,3.7
97,36.4,95.2,8.7
96,36.9,98.8,11.2
104,36.7,97.2,12.8
102,36.3,98.5,1.6
82,36.7,97.4,5.8
85,36.1,96.3,0
92,36.8,95.8,14
84,36.6,96.4,6.4
83,36.8,96.1,10.7
82,36.7,97.8,5
81,36.9,96,12.3
80,36.8,98.5,5
84,36.2,96.6,0
84,36.2,96,0
91,36.4,99.2,0
83,36.4,99.8,0
91,36.8,95.9,13.5
84,36.3,99.3,0
57,36.8,98.6,0
75,36.2,93.5,1.5
82,36.6,98.5,1.6
81,37.1,99.1,10.1
79,36.6,97.1,3.5
84,36.2,95.3,0.6
91,36.6,99.5,2.3
84,36.7,96,9.2
85,36.4,100,0
86,36.5,96.4,5
84,37.1,98.9,11.4
80,36.1,99.3,0
79,36.7,97.5,4.7
81,36.5,98,0.3
77,38.1,99.1,28.9
81,34.3,98.6,0
77,36.3,99.7,0
76,36.2,98.2,0
80,36.6,95.3,7.4
83,36.5,96.5,3.9
92,36.6,98.3,5
82,36.5,96.6,3.4
81,36,90,6.3
81,36.2,97.9,0
96,36.8,98.7,9.4
90,36.3,95.5,4
94,36.2,98.3,0
94,36.6,98.7,4.8
94,36.3,96.1,4
112,36.1,97.5,2.6
89,36.1,98,0
101,36.1,94.9,4.5
83,37,90.6,25.7
91,38.6,97.2,46.9
79,36.4,99.9,0
78,36.5,95.8,3.8
80,36.7,95.2,9.6
87,36.8,98,8.1
78,36.7,100,0
90,36.4,95.7,5.6
83,37,96,14.9
85,36.7,96.7,8.1
81,36.4,97,0.3
91,36.2,86.9,19.5
93,36.7,99.3,5.3
60,36.4,98.6,0
51,36.4,92.7,0
77,36.6,95.4,6.3
80,36.4,99.7,0
81,35.8,98.8,0
80,36.3,98.3,0
76,36,99.7,0
83,36.7,90.7,19.5
91,36.8,95.9,13.5
88,36.5,96.3,5.8
110,36.3,99.1,2.8
95,36.4,95.9,6.7
94,37.1,96.6,19
65,36.8,97.5,2.5
70,35.7,98.7,0
88,37.1,98.3,13.8
92,36.5,99.2,1.2
84,36.4,94.5,6.2
102,36.4,99.5,1.6
86,37.2,95.3,21.2
92,34.7,99.9,0
72,36.4,95.9,0
72,36.4,96,0
74,36.7,98.2,1.8
84,36.7,90,21.2
91,36.5,97.3,4.7
92,36.3,96.6,2.4
84,36.4,96,3.2
88,36.3,99.3,0
76,36.3,98.5,0
91,36.7,99.7,3.9
92,36.6,95.7,10.2
102,35.9,97.5,0
84,36.5,96,5.2
81,36.8,97.6,7.1
79,36.4,97.4,0
77,36.7,95.6,7.9
76,36.6,96,4.8
78,36.7,97.4,4.6
60,36,95.8,0
79,35.8,97.9,0
61,36.6,86.3,19.7
80,36,97.4,0
99,36.9,97.1,15.5
107,36.4,98.6,4.9
108,36.9,99.6,13.2
104,36.5,96.1,11
87,36.3,99.7,0
81,36.6,99,0.3
77,36.1,98.8,0
80,36.3,98.8,0
92,34.8,99.9,0
84,36.4,100,0
92,36.3,97.6,0.4
93,37,95.6,18.7
94,36.1,98.1,0
84,36,99.7,0
91,36.6,90.7,19.9
87,36.6,91.6,16.9
86,36.5,99,0
82,37,97.6,11.4
84,36.7,98.6,4
82,36.6,98.2,2.2
91,36.6,98.5,4.3
93,36.3,99.3,0
94,36.4,95.4,7.4
92,36.6,95.9,9.8
77,36.6,98.4,0.3
80,36.5,100,0
90,36.2,93.9,5.2
94,36.8,99,8.2
92,36.3,96,3.6
88,36.6,98,4.4
92,36.7,97.9,7.8
88,36.8,97.8,8.8
83,36.3,95.7,1.5
79,36.6,93.6,10.5
78,36.2,99.8,0
82,36.5,95.7,5.2
80,36.4,97.6,0
73,36.9,95.2,11.5
82,36.8,92.5,17.6
72,36.8,97.7,4.2
76,37.1,96.2,14.4
84,36.7,93.4,14.4
82,36.9,96.6,11.4
53,36,95.4,0
52,36.5,99.9,0
50,36.4,98.2,0
52,36.3,98.2,0
48,36.8,96.9,0
50,36.2,97.6,0
49,36.3,97,0
49,36.2,99.1,0
48,36.6,98.4,0
50,36.4,99.7,0
51,36.6,98.1,0
49,36.6,97.4,0
49,36.9,99.3,0
50,36,96.3,0
50,36.7,99.2,0
49,36.9,91.6,11.5
50,36.8,96.8,0
49,36.3,95.8,0
50,36.2,96.6,0
50,36.1,96.2,0
49,36.5,97.1,0
50,36.7,96.7,0
50,36.2,97.2,0
49,36.7,99,0
51,36.6,99.3,0
51,36.4,96.8,0
51,36.7,95.5,0.3
52,36.3,96.9,0
50,36.3,98.3,0
51,36.7,91.6,8.1
50,36.8,95.1,2.8
52,36.7,98.3,0
52,37,99,0
53,36.3,99,0
51,38.6,95.6,38.1
53,36.5,96.1,0
50,36.8,97.8,0
50,36.7,98.4,0
50,36.9,98.5,0
49,36.3,92.3,0
50,36.6,95.9,0
51,36.4,97.4,0
51,36.7,97.2,0
51,36.5,98.1,0
52,36.4,98.9,0
50,36.3,98.5,0
52,36.4,98.7,0
52,34.9,100,0
53,36.3,98.7,0
53,36.1,99.7,0
52,36.8,98.6,0
53,36.5,99,0
52,36.8,98.7,0
55,36.4,99,0
57,36.5,97.7,0
56,37,96.1,6.6
55,36.2,97,0
54,37.1,97.5,5.2
55,36.6,98.3,0
53,36.4,96.2,0
54,36.4,96.5,0
54,37,96,6.2
51,36.7,96.3,0
53,36.6,98.3,0
53,36.3,98.1,0
52,37,97.9,1.8
54,36.5,97.1,0
53,36.2,89.7,2.5
54,36.3,99.4,0
53,36.5,96.5,0
54,36.8,96.7,0.8
51,37.2,97.7,5.9
50,36.2,99.3,0
53,36.5,98.3,0
52,36.7,98.4,0
52,36.5,99.4,0
54,36.3,95.6,0
53,36.2,98.7,0
59,36.5,98.2,0
55,36.8,99.9,0
54,36.6,97,0
53,36.6,96.4,0
52,36.2,95.3,0
49,36.2,95.7,0
52,36.7,96.5,0
53,36.6,96.5,0
54,36.7,98.3,0
55,36.9,97.2,2.1
73,36.3,97.4,0
56,36.4,96.3,0
52,36.5,96.8,0
51,36.6,96.9,0
51,36.8,99.4,0
50,36.4,100,0
51,36.7,92.4,6.5
51,36.5,97.2,0
52,36.4,98.7,0
53,36.3,98.4,0
52,36.5,99.9,0
52,36.4,99,0
49,36.3,95,0
53,36.6,95.9,0
51,36.4,88,9.3
54,36.8,96.5,1.2
69,36.4,97.5,0
58,36.5,96.4,0
51,36.8,99.7,0
52,36.6,95.7,0
54,36.4,99,0
50,36.6,95.1,0
50,36.4,98,0
53,36.1,99.1,0
52,36.3,97,0
59,34.7,95.1,0
52,36.9,95.8,4
63,35.8,95.3,0
56,36.6,95.2,0.4
52,36.6,98.6,0
53,36.7,98.8,0
51,36.1,100,0
53,37,96.9,4.1
56,39,95.9,47
52,36.8,95.1,3.4
51,36.6,97.8,0
52,36.6,99.1,0
50,37,93,11
53,36.8,98,0
51,38.8,97.7,37.9
82,36.8,98.5,5.6
62,36.2,91.6,1.4
59,34.8,98.4,0
53,36.2,95.9,0
51,36.2,95.9,0
53,36.4,96.8,0
49,36.8,93.9,4.9
51,36.2,95.3,0
50,36.3,98.8,0
52,36.4,98.1,0
53,36.7,99.1,0
51,36.1,96.3,0
53,36.6,99.5,0
54,36.6,95.2,0
55,36.7,96.9,0
57,36.9,91.4,14.3
58,36.1,95.9,0
58,36.1,96.9,0
57,36.4,95.6,0
58,36.7,98.4,0
57,36.6,96.8,0
63,36.7,97.4,0.1
59,36.5,100,0
60,36.3,97.1,0
62,36.5,90.9,8.8
52,36.5,96.3,0
57,36.1,99,0
66,36.7,97.7,0.4
67,36.3,98.4,0
61,36.5,99.6,0
58,36.7,98.4,0
57,36.7,95.9,1.3
56,36.9,96.5,3.8
58,36.6,98.4,0
58,36.4,96.3,0
73,36.3,96.1,0
56,36.4,96.5,0
55,36.5,99,0
50,37.2,99.6,1.8
55,36.6,96,0
56,36.5,98.3,0
61,35.7,92.9,0
58,36,95,0
59,36.8,98.4,0
55,36.8,96.2,2.1
53,36.2,98.9,0
56,35.9,96.2,0
63,36.5,97.7,0
56,36.2,98.1,0
55,36.6,99.3,0
55,36.8,87.8,18.9
56,36.5,95,0
55,36.1,97.7,0
56,36.1,95.1,0
59,36.9,97.1,3.5
56,37,97.3,4.2
55,38.2,98.5,25.5
56,36.6,99.9,0
54,36.3,97.6,0
60,36.4,96.3,0
56,36.6,97.8,0
56,36.4,98.2,0
54,36.2,94.3,0
57,36.4,95,0
56,36.6,96.5,0
55,36.7,98.6,0
54,36.2,98,0
55,36.1,99.6,0
54,36.2,97.5,0
52,36.7,95.8,6.26E-14
57,36.7,95.8,1.5
53,37,95.8,6.3
68,36.2,96.7,0
58,36,99.4,0
58,36.2,96.7,0
52,36.5,89.6,8.4
52,38.6,97.2,35.2
52,36.2,96,0
52,36.4,91.8,2
55,36.3,97.5,0
64,36.9,99.9,0
62,36,96.9,0
69,36.7,97.9,0.9
68,36.5,95.3,1.8
57,37,98.3,2.5
56,36.6,98.1,0
55,36,95.1,0
65,36.4,97.3,0
63,36.3,97.3,0
58,36.3,98.4,0
63,36.1,96.5,0
79,36.5,97.5,0.7
62,36.2,95.9,0
63,36.1,98.7,0
64,36.3,99.7,0
57,36.3,95.4,0
58,36.3,96.2,0
59,37,96.2,7.3
52,36.4,98.4,0
55,36.6,99.7,0
60,36.3,96.6,0
56,36.4,99,0
58,36.9,97.2,3
66,36.5,96.8,0
59,36.6,95.7,0.3
56,36.2,95.2,0
55,34.4,95.1,0
59,36.2,98.5,0
55,36.3,98.5,0
54,36.5,98.3,0
57,36.4,98,0
54,38.7,87.9,56.4
51,37.1,99.1,1.1
52,36,98.4,0
53,36.1,98.7,0
51,37,96.3,4.7
51,36.7,96.8,0
73,36.7,98.9,0.1
59,36.3,99.6,0
54,36.2,98.9,0
52,36.5,97.8,0
50,37,96.3,4.4
52,36.4,96.2,0
50,36,97.7,0
49,39,97.4,41.9
50,36.6,98.5,0
51,36.3,95.5,0
50,36.3,97.1,0
52,34.5,85.2,0
50,36.2,99.2,0
48,36,96.1,0
48,36.7,93.3,3.8
48,36.7,96.3,0
49,36.8,96.7,0
50,36.3,98.7,0
50,36.4,95.5,0
49,36.9,97.2,0.3
49,36.9,95.7,3.3
50,36.2,97.5,0
49,36.9,91.8,11.1
48,36.3,96,0
49,36.4,97.1,0
49,36.9,98.8,0
50,36.6,90.4,8.2
48,36.9,95.4,3.6
50,36.8,94.4,4.2
53,36.6,95.5,0
51,36.5,98.2,0
58,36.5,97.3,0
51,36.2,98.1,0
48,36.7,99.6,0
50,36.4,98.3,0
54,37,96.8,4.6
50,36.3,98.7,0
52,36.1,98.6,0
52,36.4,96.2,0
53,36.6,99,0
52,36.9,92,11.6
50,36.1,98.9,0
50,36.5,99.2,0
51,36.5,95,0
52,36.2,99.2,0
51,36.5,97.9,0
54,36.9,95.1,6
51,36.9,97.8,0
54,36.7,97.4,0
80,36.5,96.6,2.8
58,37,95.5,8.4
54,37,99.9,0
53,36.8,98.7,0
54,36.9,96,4.2
50,36.7,97.8,0
49,36.7,95.5,0
53,36.3,92.7,0
51,36.3,96.8,0
55,36.6,99.1,0
72,36.5,92,9.6
59,36.8,97,1.7
53,36.3,99.8,0
54,36.4,95.6,0
53,36.2,96.8,0
52,36.2,96.8,0
71,36.2,93.9,0
60,36.4,87.2,13.6
56,36.5,96.6,0
55,36.6,98.2,0
57,36.8,95.2,4.7
52,36.4,95.3,0
55,37.1,96.9,6.7
73,36.5,98.5,0
66,36.4,96.8,0
73,36.5,96,1.9
78,34.5,98.7,0
78,36.3,89.9,11.6
81,36.3,99.2,0
66,36.4,99.8,0
75,36.2,95.9,0
71,36.4,97.4,0
74,36.6,98.6,0
55,36.4,98.9,0
61,36.2,92.1,0.1
63,37,98.7,3.5
92,36.7,99.6,4.4
62,36.5,98.7,0
80,36.3,96.4,0
74,36.7,99.2,0
83,37.1,96.3,16.3
81,36.3,97.4,0
83,36.6,91.1,16.7
85,36,96.1,0
86,34.9,95.7,0
79,36.6,99.8,0
78,36.6,90.1,17.2
77,36.6,98.9,0
84,36.5,96,5.2
82,36.3,99.3,0
91,36.6,98.1,5.1
80,36.8,96.5,9
82,36.4,98.4,0
80,36.7,98.7,2.6
90,36.6,98.7,3.6
76,36.2,97.9,0
72,36.2,97.9,0
74,36.6,96.1,4
79,36.4,98.6,0
100,36.8,94.7,18.6
82,37.3,99.7,13.2
92,36.8,98.5,8.6
66,36.6,99.1,0
77,36.9,96.2,10.7
84,36.7,99.1,3
91,36.6,99.6,2.1
76,36.8,96.1,8.6
83,36.4,99.3,0
62,36.1,98.8,0
69,36.6,99.5,0
81,37.3,99.9,12.5
80,36.4,96.2,1.6
81,36.3,99,0
79,37,97.1,11.5
83,36.7,96.3,8.3
82,36.7,97.8,5
80,36.8,95.9,10.2
81,36.2,96.8,0
79,36.6,95.3,7.1
81,35.9,96.8,0
77,36.7,99,1.1
78,36.5,95.1,5.2
73,36.3,97.9,0
87,36.9,98.5,9.1
76,36.7,96.1,6.6
83,36.5,98.5,0
85,36.4,99.5,0
81,36.8,99.9,2.5
82,36.7,97.4,5.8
83,36.2,98.2,0
90,36.5,98.7,1.6
94,36.6,96.3,9.6
77,36.5,97.6,0
61,36.7,94.9,4.5
79,34.6,97,0
62,36.5,95.3,5.66E-15
76,36.9,98.2,6.4
77,36.2,96,0
80,36.7,100,5.68E-14
72,37,99.7,4.2
54,36.5,97,0
74,36.6,98.6,0
83,36.5,98.8,0
81,36.4,94.7,4.9
74,36.4,98.8,0
69,36.3,97.6,0
76,36.8,95.3,10.2
80,36,99.7,0
68,35.6,96.8,0
69,36.5,96.1,0.5
78,36.7,90.8,17.8
80,38.4,99.6,34.8
66,36.7,91,13.8
67,36.6,99.9,0
77,36.9,97.4,8.3
76,36.1,96.8,0
78,36.1,98.5,0
79,36.7,97.2,5.3
68,36.3,98.7,0
69,36.6,97,0.7
70,36.5,99.6,0
74,36.3,91.7,6.8
75,36.4,99.3,0
90,36.2,98.6,0
69,36.4,90.8,9.1
65,36.4,99,0
70,36.4,99.8,0
74,36.8,99.3,1.6
77,35.9,96.7,0
72,36.4,99.5,0
77,37,95.2,14.7
84,36.4,98,0
69,34,97.1,0
70,36.1,94.6,0
66,36.4,95.3,0
64,36.2,95.5,0
64,36.8,98,1.2
69,36.2,99.2,0
71,36.5,97.2,0
72,36.7,98.6,0.4
88,36.5,98.3,1.8
71,36.4,97.6,0
88,36.4,95.4,5.6
91,37.2,96.2,20.9
94,36.1,99.3,0
92,35.8,90.4,4.8
82,36.9,97.2,10.2
92,36.7,98.9,5.8
94,36.6,95.6,11
77,36.6,96.2,4.7
75,37.3,96.4,17.7
76,36.5,99.3,0
80,36.7,96.1,7.8
89,36,96.3,0
94,36.6,95.1,12
75,36.6,96.3,3.9
90,36.8,98.7,7.6
71,36.2,98.7,0
77,36.1,96.5,0
80,36.8,96.3,9.4
85,36.8,99.4,4.7
92,36.3,95.7,4.2
76,36.2,98.1,0
75,37,98.4,7.7
78,36.5,99.6,0
79,36.2,95.3,0
73,35.9,90.3,1.3
76,36.7,98.6,1.6
77,36.4,89.6,13.9
73,36.4,98.4,0
70,36.3,96.5,0
66,36.6,95.5,2.8
69,36.6,95.7,3.3
70,36.4,99.6,0
66,36.5,98,0
67,36.9,100,0.1
70,36.5,95.6,1.8
66,36.4,97.1,0
65,35.9,98.9,0
77,36.3,93.5,4.1
84,38.2,99.6,32
82,35.9,95.4,0
79,36.3,100,0
70,36.5,97.5,0
78,35.6,96.1,0
76,36.1,95.4,0
78,36.7,90.4,18.6
79,36.4,99.8,0
77,36.4,98.4,0
73,36.2,90,7.9
77,36.3,98.2,0
78,36.8,98.6,4.2
73,37.1,96.9,12.1
94,37.1,96.2,19.8
87,36.2,96.5,0
80,36.6,97.2,3.6
84,36.9,99.3,6.6
82,36.7,98.1,4.4
81,36.6,98.9,0.5
81,36.5,97.7,0.9
80,36.7,98.6,2.8
84,36.8,97.1,9
86,36.5,99.9,0
81,36.2,98.5,0
80,36.4,96.4,1.2
62,36.5,95,0.6
74,36,96.9,0
89,36.9,99.1,8.5
90,36.7,95.8,11.4
77,37.2,86.8,35.5
56,36.4,95.3,0
72,36.7,100,0
84,36.8,95.8,11.6
80,36.1,95.6,0
79,36,98.9,0
79,36.5,95.5,4.7
78,36.5,99.4,0
76,36.5,96.8,1.2
77,36.3,96.4,0
76,36.3,99.5,0
72,37,96.8,10
82,36.8,92.4,17.8
79,36.6,96.3,5.1
78,36.9,95.7,12
79,35.5,99.5,0
72,36.3,96.2,0
74,36.8,96.4,7.4
75,36.3,92.4,5.7
79,36.1,97.7,0
91,36.3,98.5,0
71,36.8,95.6,8.1
70,36.4,95.2,0.6
66,36.3,95.1,0
75,36.2,95.6,0
73,36.3,95.4,0
89,36.1,99.4,0
81,36.3,91,10.3
80,36.6,98.2,1.6
78,36.1,96.6,0
91,36.4,97.2,2.9
94,36.8,95.2,15.8
84,37.2,98.6,14
78,36.7,96.7,6
84,36.5,98.1,1
83,36.7,94.2,12.5
79,36.4,96.5,0.7
81,37,99.3,7.7
77,36.3,98.5,0
70,36.4,95.7,0
69,37.1,99.2,6.3
74,36.9,97.4,7.4
70,36.7,96,5
71,36.4,96.5,0
71,34.3,98,0
78,36.7,98.9,1.6
84,36.5,99.2,0
74,37,98.3,7.6
77,36.4,95.4,2.3
77,36.2,95.6,0
90,36,97.1,0
93,36.3,95.6,4.7
80,36.5,95.8,4.4
76,36.6,95.1,6.6
78,36.5,97.3,0.8
78,36.8,90.5,20.4
79,36.1,98.2,0
76,37,99.6,5.6
72,36.7,99.5,0
74,36.2,98.3,0
83,36.1,96.8,0
91,35.8,95,0
81,36.9,98.1,8.1
74,36.6,98,0.2
74,35.9,96.8,0
75,36.1,99.7,0
67,36.5,98.4,0
74,36.3,95,0.2
89,38.9,97.2,52.3
83,36.2,96.9,0
77,36.5,98.6,0
90,36.6,99.8,1.4
76,36.4,96.4,0
83,36.1,95.3,0
78,36.9,97.8,7.8
61,36.5,96.5,0
68,36.2,99.9,0
78,36.4,99.9,0
61,36.9,99,0.3
85,36.6,99.2,1.1
85,36.8,95.1,13.3
78,36.8,96.6,8.2
71,36.1,99.8,0
71,36.9,95.4,10.5
70,36.3,95.9,0
71,36.7,95.3,6.7
69,36.3,90.8,7.1
74,36.3,95.2,0
89,36.7,86.1,30.5
78,35.9,99.8,0
73,36.3,97,0
71,36.4,97.1,0
69,36.5,96.9,0
87,36.4,95.7,4.7
75,36.4,95.6,1.3
67,36.6,99.3,0
65,36.5,95.6,0.3
80,36.3,97.1,0
73,36.5,95.8,2.3
78,36.3,96.1,0
76,36.7,99.6,0
72,36.4,96.7,0
71,36.3,98.2,0
88,36.1,95.2,2.31E-14
89,36.4,95.6,5.5
79,36,96.7,0
78,36.3,97,0
73,36.6,95.7,4.5
71,36.5,98.1,0
77,36.9,97.1,8.9
90,36.4,96.6,3.8
94,36.2,96.9,0.4
77,36.6,98.9,0
73,36.5,97.1,0
79,36.6,97.3,3.1
72,36.1,91.5,2.6
82,37,95.7,15.2
78,37.1,99.9,7.6
90,36.9,99.6,7.8
76,36.4,95.5,1.8
70,36.5,98.6,0
54,36.6,95.1,4.00E-14
66,36.8,95.8,6.2
70,34.3,99,0
74,36.8,95.5,9.2
74,36.6,96.5,3.2
79,36.9,97.1,9.5
73,36.6,94.5,6.9
79,36.4,99.3,0
77,36.3,96.4,0
80,36.4,95.5,3
81,35.9,97.7,0
90,36.9,97,13
94,36.5,97.1,6
84,36.2,97.9,0
91,36.5,98.2,2.9
84,36.4,98.4,0
82,36.6,96.7,5.2
91,36.7,95.2,12.9
84,36.7,97.5,6.2
91,36.4,99.7,0
84,36.7,98.4,4.4
82,36.6,99.7,0
81,36.3,97.4,0
81,36.5,98,0.3
75,36.5,100,0
79,36.4,96.3,1.1
61,36.5,97.4,0
68,36.2,96.4,0
65,36.7,98.6,0
70,36.5,97.5,0
74,36.2,95.8,0
67,36.4,95.3,0
65,36.7,98,0
72,36.7,93.1,11.4
86,36.8,98.1,7.6
69,36.6,98.7,0
65,36.9,97.7,4.1
70,36.6,95.7,3.6
71,36.8,96,7.3
66,36.6,97,0
87,36.7,96.5,9.1
83,36.6,96.7,5.5
79,36.6,97.9,1.9
68,38.6,99.4,35.6
68,36.4,98.8,0
87,36.6,99.6,0.9
69,36.2,95.9,0
65,36.3,98.2,0
64,36.7,96.8,1.6
67,37,97.8,6.5
70,37.1,96,13
74,36.5,96.6,1
72,35.9,97,0
70,36.5,91.9,9.2
72,36.4,99.8,0
77,36.5,96.5,2.1
80,36.2,99.5,0
77,36.3,99.5,0
68,36.6,96.7,1
71,36.3,97.5,0
82,36.4,97.8,0
81,36.4,97.9,0
51,36.8,99.4,0
54,36.2,97,0
70,36.6,97.6,0
78,36.8,99.2,3
80,36.6,99.1,0
68,36.5,96.4,0
66,36.8,98.9,0
64,36.5,95.4,0.4
77,36.9,90.7,21.7
78,36.6,97.8,1.8
90,36.9,97.4,12.2
83,36,95.1,0
66,36.6,99.8,0
70,36.3,99.6,0
66,36.4,94.2,1.4
72,36.1,98.2,0
66,36.5,96.7,0
62,36.5,97.3,0
64,36.5,93,5.2
73,36.5,97.6,0
79,36.6,98.3,1.1
77,36.5,97.1,0.9
65,36.8,95.7,6.1
58,36.2,96.4,0
75,36.7,99,0.5
60,36.5,99.6,0
79,36.7,97.8,4.1
70,36.7,95.4,6.2
74,36.3,97.2,0
79,36.6,95.7,6.3
90,35.9,98.3,0
70,36,95,0
70,36.8,99.9,0
74,36.5,97.4,0
72,36.7,97.2,3.2
69,36.3,96.8,0
66,36.4,95,0
66,36.1,99,0
66,36.9,98.2,3.4
73,36.4,95.7,0.5
89,36.4,96.2,4.3
71,36.6,98.6,0
70,36.7,98.1,0.8
67,36.5,95.4,1.3
75,36.6,97.8,0.9
75,36.3,98.5,0
72,36.4,98.6,0
76,36.6,96.8,3.2
75,36.2,97.4,0
74,37,98.2,7.8
75,36.2,96.5,0
72,36.7,93.7,10.2
71,36.7,96,5.3
74,36.2,94.6,0
79,36.1,98.4,0
73,36.6,88.6,18.7
79,36.5,95.7,4.3
86,36.2,99.3,0
69,36.7,98.1,0.5
73,37.1,97.1,11.7
79,36.3,98.1,0
80,36.9,96.9,10.2
84,36.1,97.3,0
78,36.7,99.2,1
80,36.3,99.7,0
81,36.5,97.5,1.3
91,36.2,97,0
104,36.9,95.6,20
90,36.6,99.2,2.6
80,37,97.6,10.8
81,37.3,95.5,21.3
96,34.7,99.9,0
78,36.7,97.5,4.4
87,36.5,96.7,4.7
83,37,96.8,13.3
81,36.3,99.9,0
77,36.4,97.4,0
73,36.2,99.4,0
73,36.5,97.5,0
79,36.8,99,3.7
80,36.8,97.2,7.6
77,36,99.8,0
80,36.5,94.7,6.6
81,36.6,97.4,3.5
74,36.4,95.9,0.4
67,36.7,96.3,3.5
77,36.6,97.3,2.5
80,37,98.5,9
76,36.7,96.8,5.2
78,36.5,98.6,0
90,36.4,95.2,6.6
79,36.6,99.7,0
73,36.7,96.7,4.5
79,36.9,97.1,9.5
72,36.5,98,0
75,36.7,99.7,0
76,36.1,98.5,0
89,34.3,96.3,0
71,36.8,97.4,4.5
88,36.4,95.6,5.2
83,36.2,93.3,4.3
78,36.8,95.5,10.4
76,34.7,96.2,0
80,36.2,96.5,0
81,36.6,98.8,0.7
84,36.2,97.9,0
82,36,97.8,0
75,36.8,97.6,5.3
78,36.6,99.6,0
73,36.8,98.8,2.3
77,36.3,99.4,0
73,36.5,96,1.9
68,36.2,97.3,0
71,37.5,99.4,14.5
76,34.9,97.4,0
89,36.6,97.7,5.3
80,36.8,91.4,19.2
81,36.5,98.6,0
90,36.9,95.5,16
81,36.8,99.9,2.5
78,36.9,98.8,5.8
80,38.9,99.4,45.2
80,35.6,99.3,0
73,36.8,98.9,2.1
72,36.3,98.2,0
76,36.3,96.4,0
80,36.4,95.5,3
81,36.5,98.8,0
91,36.6,95.5,10.3
84,36.3,96,1.2
82,36,98.9,0
91,36.3,89.7,15.9
93,36.7,99.4,5.1
88,36,91.3,5.8
92,35.8,96,0
82,38.6,97.2,44.2
78,36.8,99,3.4
79,36.2,97.4,0
79,37.1,97.7,12.3
79,36.7,97.2,5.3
80,36.2,95.7,0
73,36.8,99.3,1.3
63,36.6,91.2,10.5
65,36.5,96.8,0
77,36.2,98.1,0
76,36.3,98.4,0
89,36.3,95.3,4.1
82,35.8,97.8,0
78,36.1,99,0
90,36.5,97.2,4.6
102,37.1,94.9,24.8
78,35.8,98.4,0
99,36.3,97.4,2.9
105,36.6,97.6,10.3
87,36.8,96.7,10.7
78,36.4,99.6,0
74,36.5,94,6.2
75,36.8,99.8,0.9
79,37,99.1,7.5
90,36.7,98.3,6.4
83,36.8,95.1,12.7
79,36.5,96.4,2.9
81,36.7,95.4,9.5
81,36.2,97,0
81,36.6,96.3,5.7
80,36.6,98.8,0.4
91,37,94.4,20.5
93,36.6,97.7,6.5
103,37.2,98.5,19.9
87,36.6,98.2,3.7
85,37,96.6,14.3
101,36.9,96.2,17.9
86,36.5,95.4,7
78,36.6,99.3,0
80,36.3,95.8,0.4
84,36.3,98.2,0
91,36.7,93.9,15.5
59,35.9,96.8,0
75,36.4,98,0
72,35.9,98.4,0
71,36.5,96.7,0
76,36.9,99,4.8
75,36.2,97.8,0
82,36.8,96.5,9.6
77,36.7,99.8,0
80,36.4,93.5,7
81,37.2,95.9,18.5
90,36.8,95.5,14
99,36.5,95,11.7
78,36.5,97,1.4
90,36.2,99.2,0
127,36.8,96.5,23.1
88,36.2,95.9,0.6
87,36.3,96.5,1.1
58,36.6,97.9,0
72,36.5,99,0
66,36.2,99.5,0
66,36.6,96.9,1.69E-14
69,36.2,98.1,0
73,36.9,99.3,3.3
71,37.4,98.7,13.9
64,36.4,97.7,0
67,36.7,98.9,0
69,36.9,95.5,9.7
71,36.7,96.2,4.9
59,36.2,97.1,0
85,36.8,98.6,6.3
88,35.9,97.8,0
83,37.1,97.7,13.5
74,36.5,98.8,0
60,37.1,99.5,3
74,36.4,98.1,0
88,36.7,97.2,8
75,36.2,95.6,0
75,36.8,97.6,5.3
77,36.5,99.1,0
76,34.7,98,0
89,36.4,97.1,2.5
79,36.6,99.1,0
81,36.2,99.1,0
85,36.9,96.4,12.7
75,36.2,99.4,0
79,36.8,95.4,10.9
73,36.2,97.1,0
79,36.5,95.8,4.1
84,37.4,99.9,15.4
80,35.9,97.6,0
79,36.4,97.8,0
76,36.5,99.4,0
78,36.7,95.3,8.8
76,36,96.1,0
83,37.3,98.9,15.1
62,36.6,98.2,0
86,36.1,97.2,0
58,36.5,95.5,0
79,36.4,98.6,0
73,36.1,96.2,0
83,34.5,97.5,0
81,36.7,97.7,4.9
78,37.1,99.1,9.2
84,36.8,96.2,10.8
85,36.7,98.6,4.3
82,36.5,99.7,0
81,36,99,0
81,36.7,96.9,6.5
91,36.8,97.1,11.1
87,36.5,97.2,3.7
92,36.6,99.7,2.2
89,36.6,99,2.7
82,36.6,98.5,1.6
81,36.6,98.7,0.9
74,36.8,95.6,9
89,36.8,97.9,8.9
76,36.4,99.8,0
67,36.3,98.4,0
88,36,97,0
86,36,96,0
93,36.4,99.4,0
84,36.3,98.4,0
82,35.9,98.2,0
81,36.7,96.9,6.5
78,36.4,95.1,3.2
89,36.5,97,4.7
85,37.1,98.3,12.9
81,36.7,97.7,4.9
81,36.2,96.4,0
79,35.8,97.9,0
83,36.4,95.5,3.9
83,36.4,95,4.9
82,36.9,98.7,7.2
78,36.8,98.2,5
78,36.3,99.8,0
78,35.9,95.9,0
80,36.7,98.7,2.6
80,36.7,98.9,2.2
73,36.1,95.3,0
72,36.6,96,3.6
76,36.5,97.3,0.2
72,36.6,95,5.6
76,36.7,96.9,5
76,36.9,95.7,11.4
80,36.6,99.5,0
61,36.2,99.2,0
63,36.6,98.1,0
79,36.3,96.7,0
90,36.7,99,5
94,36.5,96.9,6.4
89,36.7,98.1,6.5
91,36.4,96.6,4.1
88,36.5,96.6,5.2
94,36.9,91.7,24.8
79,36.5,98.4,0
88,36.5,96.2,6
83,36.2,97,0
82,36.9,99.1,6.4
81,35.7,99.7,0
91,36.8,98.5,8.3
96,36.9,97.7,13.4
85,36,97.5,0
82,37,97.9,10.8
81,36.2,99.2,0
81,36.4,95.8,2.7
93,36.5,96.1,7.7
88,36.4,95.3,5.8
79,36.4,96.3,1.1
84,36.8,99.9,3.4
82,36.2,97.4,0
81,37,97.1,12.1
78,36.3,98.1,0
84,35.8,95.5,0
82,36.9,96,12.6
85,36,96.3,0
92,36,98.2,0
87,36.7,96.7,8.7
83,36.1,99.5,0
81,36.4,98,0
81,36.3,96.5,0
91,36.7,95.3,12.7
84,36.5,98.7,0
86,36.5,95.1,7.6
78,36.5,99.7,0
90,36.5,99.9,0
94,36.2,97.7,0
86,36.6,98,3.8
92,36.6,98.5,4.6
94,36,96.1,0
81,36.5,96.2,3.9
82,36.5,95.9,4.8
81,36.1,97.7,0
87,36.9,99.9,6.3
82,36.6,98.7,1.2
91,36.9,97.2,12.9
87,36.9,97,12.1
70,34.3,98.6,0
78,36.8,96,9.4
74,36.4,97.8,0
79,36.6,95.4,6.9
80,36.9,99.6,4.8
62,36.4,99.7,0
80,36.7,93.8,12.4
89,36.6,98.2,4.3
79,36.5,98.7,0
76,36.6,98.1,0.6
83,36.5,99.3,0
74,36.5,97.9,0
79,37,95.2,15.3
81,36.6,98.6,1.1
87,36.8,97.1,9.9
91,37,95.9,17.5
84,36.6,98.5,2.2
91,36.5,95.8,7.7
85,36.2,95.3,0.9
86,36.4,98,0
86,36.4,98.8,0
95,36.3,95.4,5.7
94,36.1,95.3,1.6
77,36.7,97.9,3.3
84,36.7,96.9,7.4
104,37,98.1,17
108,36.6,87.9,30.6
100,36.7,96.2,13.6
102,36.6,95.6,13.4
104,36.8,97.9,13.4
107,36.6,99.4,7.3
112,35.7,96,0
92,37.3,99.5,16.6
106,34.8,96,0
117,36.4,97.8,9.5
89,36.2,99.9,0
101,36.4,97.2,5.9
86,36.7,95.1,11.6
91,36.7,96.9,9.5
75,36.7,97.8,2.9
79,36.2,95.7,0
80,36.7,95.9,8.2
83,36.4,97.1,0.7
91,36.2,95.8,1.7
93,36.5,99.2,1.5
84,36.9,98.4,8.4
86,36.5,98.8,0.2
95,36.5,96.2,8.1
85,36.2,96.3,0
92,36.9,96.1,15.4
84,36.8,97.2,8.8
82,37.3,96.8,19
90,36.4,99.3,0
83,36.7,87.1,26.7
92,37.1,99,13.6
93,36.3,98.3,0
134,36.4,98.9,12.4
97,35.8,99.3,0
94,36.8,100,6.2
88,36.9,95.2,16
64,36.3,99.3,0
85,36.6,95.4,8.7
92,36.3,98.9,0
71,36.2,93.1,1.1
75,36.8,97,6.5
90,36.9,99.6,7.8
93,37,95.1,19.7
77,36,95.2,0
76,37.1,98.8,9.2
67,36.3,95,0
81,36.6,94.6,9.1
80,37.4,97.7,18.6
90,36,97.3,0
91,36.3,92,11.3
80,36.2,99.4,0
78,36.4,95.2,3
80,36.2,97.9,0
84,36.5,99.8,0
91,36.2,95.2,2.9
96,36.6,98.4,6
95,36.7,96.2,12.1
95,36.2,97.6,0
99,37.2,96.3,23.1
86,36.9,93.3,19.2
84,36.3,97.6,0
78,36.3,97,0
80,36.1,96.9,0
91,36.2,99.7,0
87,36.4,97.8,0.5
81,36.6,96.8,4.7
81,36.3,99.3,0
91,36.9,98.7,9.9
89,36.6,96.7,7.3
79,36.3,96.7,0
90,36.9,93.5,20
79,36.6,96.7,4.3
88,36.2,96.9,0
92,36.6,98.8,4
71,36.4,87.3,16.7
76,36.5,98.7,0
89,36.7,95.2,12.3
93,36.7,92.1,19.7
92,37.1,97.5,16.6
77,36.9,95.5,12.1
84,36.9,96,13.2
91,36.7,97,9.3
87,37.2,95.6,20.9
91,36.5,98.8,1.7
84,36.6,97.2,4.8
87,36.9,98,10.1
82,37,95.4,15.8
85,36.8,98,7.5
92,36.6,96.8,8
93,36.5,96.5,6.9
81,36.7,98.8,2.7
79,36.4,96.9,0
77,36.9,97.5,8.1
89,37.2,97.9,16.9
80,36.8,96.8,8.4
73,36.4,98.1,0
72,36.6,95.9,3.8
76,36.7,96.1,6.6
80,36.7,97.6,4.8
81,36.8,95.5,11.3
68,36.2,97.7,0
70,36.7,98.6,0
77,36.8,99.8,1.5
78,36.6,98,1.4
83,35.6,98.2,0
79,36.1,99,0
78,36.8,96.3,8.8
90,36.1,100,0
81,36.4,99.1,0
81,36.6,97.4,3.5
74,36.8,99.9,0.4
78,36.4,92.4,8.6
73,36.5,96.3,1.3
79,36.6,99.9,0
77,36.7,94.6,9.9
90,37,95.1,18.8
71,36,98.2,0
78,36.3,98.3,0
90,36.2,95.7,1.6
93,36.4,99.5,0
83,36.8,96.8,9.3
78,36.9,98.7,6
90,36.1,98.8,0
83,36.7,98.1,4.7
80,36.6,99.4,0
79,36.5,98.1,0
76,36.5,95.2,4.4
80,36.3,96.3,0
73,35.9,99.2,0
66,36.6,96.5,0.8
70,36.5,95.7,1.6
74,36.6,98.4,0
79,37.1,96,15.7
78,36.4,98.3,0
73,36.4,96.4,0
69,36.9,99.8,1.1
71,36.8,98.2,2.9
71,36.6,96.1,3.1
76,38.9,97.2,48.4
89,36.5,97.1,4.5
71,36.9,97.2,6.9
71,36.5,96.6,0.1
82,36.5,96,4.6
74,36.2,95.4,0
72,36.5,97.4,0
71,36.7,96.8,3.7
65,36.5,97.2,0
67,36.6,96,2.1
87,36.6,99.3,1.5
72,36.2,99.3,0
79,36.2,98.9,0
73,36.5,98.6,0
72,37,96.1,11.4
66,36.3,99.4,0
70,36.3,95.8,0
65,36.6,97.3,0
120,36,97.4,3.2
112,35.9,95.5,2.6
99,36.7,97.4,10.9
86,36.1,95.1,0
115,36.1,96.3,5.9
99,36.3,90.7,16.3
95,36.8,96.1,14.3
85,36.1,99.5,0
94,36.2,96.1,2
88,36.2,95.3,1.8
93,36.1,96.8,0
80,36.7,97.2,5.6
104,36.2,95.2,6.8
73,36.8,99.2,1.5
77,36.2,97.3,0
65,36.3,98.8,0
69,36.7,98.3,0.1
65,36.7,95.9,3.7
64,36.5,95.7,0
64,36.4,97.5,0
63,36.5,96.3,0
76,37,98.6,7.6
72,36.9,96.8,8
75,36.9,98.7,5.1
66,36.4,95.4,0
65,36.4,99.4,0
64,36.5,97,0
65,36.9,95.3,8.9
69,36.5,97.4,0
70,36.7,97.8,1.4
66,36.3,98.5,0
77,36.1,96.4,0
73,36,99,0
71,36.1,97,0
71,36.2,96.3,0
76,36.7,99.8,0
83,36.7,97.3,6.3
68,36.6,97.5,0
76,37.1,99,8.8
90,36,98.1,0
83,36.4,95.9,3.1
85,36.4,98.8,0
75,36.2,97.5,0
89,36,97.9,0
83,36.4,96.2,2.5
85,36.1,98.3,0
78,36.2,95.9,0
80,37.1,97.6,12.8
79,36.7,97,5.7
79,35.9,99.6,0
73,37,97.3,9.3
66,36.2,95.5,0
73,36.6,97.6,0.7
89,36.4,96.9,2.9
79,36.9,94,15.7
78,36.7,90.4,18.6
79,37,98.8,8.1
76,36.6,95.6,5.6
67,36.8,97.5,3.1
75,36.5,97.5,0
72,36.4,98.2,0
80,36.1,95.5,0
73,36.6,97.9,0.1
89,36.2,96.7,0
87,36.2,95.6,0.9
93,36.1,95.1,1.7
60,36.3,97.5,0
68,36.5,97,0
78,36.5,95.1,5.2
73,36.4,96.1,0
88,36.6,95.3,9.8
79,36.3,95.8,0.1
90,36.6,98.8,3.4
76,34.2,99,0
75,36.9,99.2,4.1
75,36.6,95.2,6.1
66,36.3,98.1,0
77,36.5,94.9,5.3
78,36.7,96.3,6.8
83,36.6,99.5,0
78,36.2,97.4,0
56,36.1,98.1,0
67,37.5,96.2,19.7
74,37.3,98.5,13.2
72,36.5,96.1,1.4
76,36.5,97,0.8
72,36.7,96,5.6
66,36.2,97.4,0
69,36.2,97.8,0
73,36.7,99.9,0
77,34.8,96.8,0
78,36.5,92.3,10.8
79,36,98.8,0
76,36.3,96.6,0
75,36.2,96.8,0
78,36.1,96.7,0
84,37.3,97.5,18.2
78,36.9,96.3,10.8
80,36.6,96,6
71,36.7,98.1,1.1
103,36.4,95.9,9.1
91,34.6,98.4,0
84,36.5,99.7,0
91,36.5,96.8,5.7
80,36.4,95.4,3.2
84,36.3,93.4,6.4
82,36.3,96.3,0
84,36.7,98.3,4.6
78,36.5,95.9,3.6
79,36.8,95.1,11.5
76,36.8,97,6.8
72,36.9,95.6,10.4
82,36.5,96.4,3.8
85,36.5,95.8,5.9
69,36.1,97.8,0
71,36.3,98.3,0
88,37,95.5,17.4
81,36.5,98.1,0.1
74,36.1,92.7,0.8
82,36.4,98.7,0
77,36.8,95.4,10.3
84,36.2,98.6,0
91,36.6,95.8,9.7
87,36.8,98.4,7.3
86,36.4,98.3,0
86,36.7,99.3,3.2
81,36.7,97.9,4.5
83,36.5,94.8,7.3
79,36.8,98.1,5.5
78,34,97.1,0
90,36.9,96.5,14
94,37.1,95.6,21
87,36.7,95.9,10.3
86,36.6,95.1,9.6
79,36.6,99.1,0
78,38.8,95.4,50.6
80,35.9,97.8,0
76,36.9,98.2,6.4
78,36.7,96.6,6.2
78,36.4,98.4,0
90,36.8,97,11
79,36.5,99.9,0
84,36.7,97,7.2
78,36.5,96.6,2.2
80,36.4,98.7,0
80,36.5,99.3,0
91,36.9,94.6,18.1
84,36.8,98.8,5.6
85,36,96,0
81,36.3,99.6,0
79,36.7,98.3,3.1
79,36.1,97.1,0
78,36.4,95.7,2
80,36.3,95.1,1.8
84,36.6,99,1.2
78,36.1,96.8,0
90,36.6,97.3,6.4
80,36.3,97.6,0
77,36.5,97,1.1
79,36.6,96.6,4.5
79,36.1,95.8,0
84,36.2,97.9,0
86,37,98.9,10
92,36.8,92.4,20.8
82,35.9,96.1,0
79,36.9,97,9.7
73,36.7,95.4,7.1
72,36.6,99.9,0
72,36.6,99.5,0
78,36.8,97.5,6.4
70,36.7,98.8,0
88,37.1,98.6,13.2
86,36.7,98.9,4
80,36.7,97.8,4.4
73,37.6,95.5,24.9
88,36.7,95.4,11.6
87,36.3,99.8,0
82,36.5,95.3,6
85,36.2,94.5,2.5
81,36.4,91.8,10.7
81,36.6,99,0.3
77,36.6,98.4,0.3
84,36.7,99.9,1.4
91,36.8,97,11.3
84,36.7,95.8,9.6
80,36.3,93.9,4.2
81,36.5,98.5,0
81,35.9,98.7,0
81,36.8,97.4,7.5
79,36.8,92.6,16.5
83,36.3,97,0
85,36.1,96.6,0
75,37.1,97.2,12.1
76,36.2,99.5,0
78,36.7,95.3,8.8
73,36.6,96.4,3.1
74,34.1,90.8,0
79,36.8,96.9,7.9
78,36.2,96.9,0
77,36.5,98.5,0
67,36.8,96.5,5.1
80,36.7,97.5,5
79,36.5,95.4,4.9
78,36.7,97.5,4.4
75,36.6,100,0
78,36.2,97.9,0
83,36.2,97.7,0
85,36.7,97.2,7.1
70,36.6,98.2,0
82,36.5,96.7,3.2
69,36.1,97.7,0
81,36.8,97.3,7.7
77,36.5,99.7,0
78,36.1,97.9,0
73,36.2,98.3,0
55,36.8,98.4,0
72,36.6,96.5,2.6
75,36.7,97.8,2.9
78,36.2,99,0
76,36.7,95.2,8.4
72,36.5,98.2,0
82,36.3,95.6,1.4
91,36.5,99.7,0
81,36.8,97.1,8.1
79,36.2,98.8,0
73,36.9,94.1,13.7
72,36.8,98.5,2.6
76,36.4,98.7,0
77,37.1,96.8,13.5
76,36.1,96.1,0
71,36.7,95.4,6.5
71,36.1,99.3,0
70,36.9,98.5,4
97,36.7,97.9,9.3
73,36.1,92.9,0.1
70,36.6,99,0
71,36.5,95.7,1.9
71,36,97.8,0
71,36.7,95.1,7.1
76,36.3,97.4,0
76,36.5,100,0
70,36.3,95,0
76,34.1,99.4,0
72,36.8,97.6,4.4
72,36.5,95.5,2.6
71,36.4,99.7,0
71,36.9,99.7,1.9
81,38.9,98.7,46.9
74,36.5,99.6,0
78,36.5,98.8,0
76,36.6,99.5,0
77,36.6,96.5,4.1
89,36.2,99.7,0
81,36.9,98,8.3
68,36.6,95.7,3
73,36.7,95.6,6.7
79,36.7,95.4,8.9
76,36.7,96,6.8
72,36.1,99.6,0
71,36.2,99.3,0
77,36.8,99.5,2.1
67,36.3,99.1,0
74,35.7,97.9,0
83,36.7,99,2.9
79,36.7,97.5,4.7
73,36.7,96.6,4.7
76,36.7,96.5,5.8
76,36.7,99.9,0
77,36.8,97.1,6.9
80,36.8,96.4,9.2
81,36.3,97.8,0
84,35,98.9,0
81,36.5,96.7,2.9
91,36.8,98.8,7.7
76,36.5,96.8,1.2
78,36.4,96,1.4
79,36.1,99.5,0
83,36.5,99.3,0
79,36.5,95.4,4.9
79,36.2,99.2,0
83,36.6,96.6,5.7
82,36.3,98.8,0
91,36.5,99.8,0
78,36.3,95.4,0.6
79,36.3,95.3,1.1
73,36.5,95.1,3.7
77,36.4,98.6,0
73,36.4,96.7,0
77,36.4,99.7,0
77,36.6,96,5.1
76,36.2,97.4,0
78,36.4,98,0
78,36.4,95.1,3.2
76,36.9,97.8,7.2
77,36.4,95,3.1
80,35.7,95.6,0
81,36.7,95.1,10.1
81,36.4,96.4,1.5
74,36.1,96.5,0
75,36.9,97,8.5
78,36.4,93.6,6.2
73,36.3,96.6,0
69,36.6,99.7,0
81,36.2,98.5,0
74,36.4,99.6,0
72,36.8,95.3,9
75,36.5,99.6,0
83,37.1,95.1,18.7
77,36.8,95.1,10.9
67,36.5,99,0
73,36.8,98.2,3.5
79,35.9,95.2,0
68,36.4,97.6,0
86,37,95.5,16.8
75,36.6,99.7,0
72,36.7,95.1,7.4
71,36.4,96,0
65,37,99.7,2.1
53,36.7,97.7,0
64,36.5,99.6,0
74,36.2,96.5,0
77,36.5,95.1,4.9
67,36.5,95.6,0.9
58,36.2,95.7,0
62,36.2,99.7,0
73,36.6,97.5,0.9
72,36.5,95.9,1.8
76,36.3,97.7,0
67,36.1,98.5,0
70,36.4,99.7,0
74,36.2,96.6,0
66,37.4,97,15.8
67,37.1,96.8,10.5
70,36.4,99.8,0
69,36.2,98.5,0
70,36.2,100,0
75,36.5,90.3,13.9
75,36.3,96.2,0
72,36.4,93,5.6
88,36.8,97.9,8.6
70,36.5,99.1,0
76,36.5,99.2,0
75,36.7,96.5,5.5
71,36.5,96.6,0.1
75,36.7,95.3,7.9
89,36.2,97.5,0
79,36.4,98.9,0
76,35.7,95.7,0
72,36.8,99.9,0
75,35.8,97.9,0
66,36.3,98.1,0
77,36.4,96.8,0
72,36.4,98.3,0
71,36.5,99.5,0
76,36.7,95.3,8.2
83,36.4,96,2.9
79,36.3,97.6,0
73,36.6,95.4,5.1
72,35.9,98.9,0
74,36.5,97.4,0
77,36.7,98,3.1
73,36.6,89.5,16.9
71,36.4,95.1,1.1
71,36.7,98.4,0.5
74,36.3,95.4,0
72,36.2,97.8,0
75,36.9,97.3,7.9
79,36.1,97.2,0
73,36.4,98.2,0
72,36.5,95.6,2.4
71,34.7,98,0
71,36.3,96.9,0
75,36.2,95,0
77,36.4,99.2,0
90,36.2,98,0
94,37,97.1,16
77,36.5,96.3,2.5
78,36.4,96.8,0
90,36.5,99.5,0
76,35.9,95,0
80,36.9,99.7,4.6
81,36.4,97.5,0
81,36.4,99.6,0
85,36.6,92.6,14.3
82,36.1,98.1,0
74,36.3,95.4,0
79,37.1,96.5,14.7
90,36.9,97.4,12.2
71,36.5,97.5,0
78,36.7,95.5,8.4
68,36.5,95.4,1.6
94,36.4,99.1,0
67,36.8,98.5,1.1
86,37,98.5,10.8
79,37,99.6,6.5
81,36.6,96.8,4.7
69,36.6,99.4,0
95,35.8,95,0
83,36.3,98.6,0
82,35.6,99.5,0
62,36.4,97.5,0
57,36.5,99.7,0
91,36.5,98.3,2.7
79,36.6,99.1,0
77,36.9,95.3,12.5
73,36.5,98.2,0
88,36.4,98.1,0.2
83,36.3,99.3,0
94,37,96.3,17.6
77,36.5,96.7,1.7
99,36.4,99.9,0
96,36.2,97.5,0
85,36.9,98.6,8.3
80,36.3,95.8,0.4
76,36.9,98.8,5.2
80,36.5,98.7,0
91,36.8,99.6,6.1
104,36.2,98.3,0.6
97,36.3,93.8,9.5
95,36.6,96.2,10.1
75,36.7,90.6,17.3
83,36.2,98.3,0
92,36.7,98.7,6.2
94,36.3,95.8,4.6
84,36.7,95.2,10.8
82,37.1,99,10.6
92,36.6,96,9.6
84,36.4,97.8,0
68,36.1,99,0
70,36.3,98.8,0
88,36.9,97,12.4
70,35.8,95.4,0
78,36.5,96.8,1.8
56,36.3,96.4,0
73,36.8,87.9,24.1
95,36.2,99.1,0
74,36.4,99.9,0
89,34.2,97.8,0
93,35.9,98.4,0
84,36.6,98.2,2.8
92,36.5,96.4,6.8
94,36.6,98.8,4.6
60,36.3,97.9,0
94,36.2,95.8,2.6
117,36.7,98.1,14.9
90,36.3,95.2,4.6
83,36.6,96.1,6.7
85,36.1,96,0
78,36.6,98.6,0.2
90,37,99.7,9.6
97,36.5,98.2,4.7
83,36.8,96.7,9.5
92,36.9,96.1,15.4
93,36,98.1,0
105,36.1,96,3.5
84,36.8,99.1,5
91,36.7,96.5,10.3
93,36.4,99.9,0
104,36.6,97.9,9.4
87,37,97.7,12.7
92,36.7,95.2,13.2
94,36.6,99.1,4
81,36.9,99.7,4.9
102,36,99.2,0
96,36.5,97.2,6.4
95,36.4,95.5,7.5
85,36.3,98.8,0
80,36.5,96.3,3.4
81,36,99.1,0
102,37.3,96.1,26.4
104,36.9,97.9,15.4
83,36.6,95.4,8.1
96,36.4,97.7,3.4
95,36.9,97.5,13.5
85,36.6,97.5,4.5
63,36.5,99.9,0
92,36.4,95.5,6.6
99,36.8,96.9,13.9
86,36.8,97.3,9.2
92,36.3,99.6,0
88,36.8,97.8,8.8
58,37.1,98.7,4
85,36.1,99,0
82,36.6,98.5,1.6
78,36.2,96.5,0
95,36.5,96.2,8.1
94,36.9,91.9,24.4
65,36.2,95,0
92,36.8,95.1,15.4
93,36.9,98.7,10.5
82,36.8,99.1,4.4
81,36.5,95.1,6.1
91,36.5,88.8,21.7
83,36.9,99.1,6.7
91,36.7,99.5,4.3
65,36.4,99.8,0
86,36.5,99.8,0
97,36.6,98.5,6.1
102,36.6,93.3,18
86,36.3,95.1,3.6
93,36.7,98.8,6.3
95,36.3,94,8.5
94,36.4,95.3,7.6
90,36.1,95.5,2.84E-14
83,35.8,99.3,0
96,36.3,95.6,5.6
96,36.5,96.8,7.2
95,36.4,95.8,6.9
94,36.4,99.9,0
94,36.4,96.8,4.6
94,35.6,97.7,0
89,36.3,98.5,0
85,36.9,98.1,9.3
92,36.3,96.1,3.4
82,36,99.5,0
77,36.6,98.6,0
72,36.6,96.8,2
74,36.6,96.5,3.2
75,36.6,97.9,0.7
89,37,99.8,9.1
79,36.5,95.2,5.3
80,36.2,99.9,0
76,36.4,97.5,0
80,36.1,95.3,0
77,36.4,96.9,0
83,36.6,99.7,0
79,36.6,99.2,0
80,36.7,92.6,14.8
85,36.5,99.2,0
80,36.4,98,0
77,36.9,99,5.1
90,36.7,97.9,7.2
86,37.1,95.5,18.8
86,36.1,98.6,0
92,36.5,95.7,8.2
96,36.3,97.4,2
93,36.3,97.1,1.7
82,36.2,95.5,0
92,36.5,97.3,5
80,36.9,97.6,8.8
90,36.5,99.2,0.6
71,37,95.4,12.5
87,36.1,99,0
83,36.4,98.3,0
97,36.4,98.5,2.1
95,36.8,99.7,7.1
85,36.7,99,3.5
78,36.7,96.4,6.6
89,37.1,95.2,20.3
81,36.3,95.3,1.7
91,36.1,97.5,0
93,37.1,97.9,16.1
60,36.6,97.7,0
85,36.3,100,0
86,36.6,96.9,6
89,36.9,97.2,12.3
86,36.1,96.2,0
85,36,97.5,0
92,36.2,95,3.6
93,36.2,98.4,0
94,36.9,95.2,17.8
87,36.7,95.8,10.5
87,36.7,99.5,3.1
91,36.2,97.7,0
93,36.7,95.8,12.3
88,35.9,98.2,0
90,36.4,95.7,5.6
79,36.2,98.3,0
86,36.1,95.5,0
90,36.1,96.9,0
83,36.5,98.5,0
82,36.9,95.7,13.2
81,36.5,99.4,0
77,36.5,99,0
56,36.9,99.4,0
67,37.4,98.2,13.7
87,36.2,96.4,0
75,37,98.3,7.9
96,35.8,95.9,0
94,36.6,99.8,2.6
90,36.9,99.9,7.2
87,37.3,96.3,21.5
85,36.5,99.6,0
86,36.3,91.3,11.2
93,36.3,98.2,0
88,36.6,96.2,8
83,36.5,95.4,6.1
91,36.3,99,0
87,36.8,99.7,4.7
87,36.3,95.3,3.5
92,36.3,97.4,0.8
80,36.6,96.8,4.4
90,36.8,98.3,8.4
78,36.8,95.8,9.8
85,36.3,99.9,0
63,36.1,95.2,0
86,36.4,95.3,5.2
84,36.3,97.2,0
91,36.6,95,11.3
86,36.6,99.5,0.8
86,37,96.7,14.4
93,36.8,90.4,25.1
88,36.9,98.3,9.8
86,36.6,96.6,6.6
86,36.7,94.6,12.6
85,36.9,96.8,11.9
83,36.6,98.4,2.1
89,36.4,90.9,14.9
93,36.4,98.5,0.9
88,36.3,98.5,0
81,38.9,96.8,50.7
86,36.6,97.3,5.2
90,36.9,98.9,9.2
93,36.8,97.8,10.3
92,36,98.3,0
97,36.7,99.6,5.9
89,36.3,99,0
87,36.9,99.3,7.5
85,36.8,97.6,8.3
78,36.2,96.2,0
90,36,98,0
87,36.5,97.5,3.1
78,36.4,96.9,0
83,36.6,96.1,6.7
85,36.7,99,3.5
85,36.8,99.5,4.5
86,36.5,99,0
81,36.7,98.1,4.1
85,34.2,96,0
80,36.9,89.2,25.6
88,36.6,97,6.4
86,36.5,98.7,0.4
85,36.8,96.4,10.7
80,36.5,97.4,1.2
84,36.2,99,0
85,36.7,97.8,5.9
86,36.3,95.8,2.2
80,37.1,95.8,16.4
84,36.7,97.3,6.6
86,36.6,97.3,5.2
58,36.1,99.9,0
79,36.5,95.8,4.1
90,36.1,93.8,3.4
93,36.1,98.9,0
88,36.8,96.6,11.2
79,36.6,98.3,1.1
90,36.1,99.1,0
80,36.7,97.6,4.8
81,36.7,93.8,12.7
79,36.6,98,1.7
80,36.8,98.2,5.6
79,36.9,99.2,5.3
81,36.1,99.1,0
81,36.4,96.6,1.1
84,36.9,98.8,7.6
91,36.8,98.7,7.9
84,36.5,96.9,3.4
78,36.6,95.4,6.6
79,37,95.4,14.9
80,36.2,92.5,5
84,36.7,99.8,1.6
82,36.9,96,12.6
79,36.4,95.4,2.9
78,36.5,98.4,0
82,37.1,95,18.6
79,36.7,95,9.7
91,36.4,96.4,4.5
81,36.6,98.9,0.5
79,36.6,98.5,0.7
78,36.5,96.1,3.2
78,36.9,96.4,10.6
79,36,97.1,0
78,36.6,97.1,3.2
77,36.7,97.2,4.7
78,36.5,99.6,0
84,36.1,95.6,0
80,36.9,98.5,7
84,36.3,96.1,1
80,36.8,97.6,6.8
81,36.3,99.5,0
78,36.6,96.1,5.2
78,36.5,99.8,0
77,36.3,98.4,0
78,36.8,97.7,6
84,35.9,98.2,0
82,36.7,99.1,2.4
91,36.3,98.1,0
82,36.4,99.3,0
85,36.5,99.5,0
86,36.7,97.4,7
81,36.2,98.6,0
85,36.5,95.2,7.1
85,36.5,98.9,0
93,35.9,95.6,0
83,36.6,97.5,3.9
85,36.2,95.7,0.1
87,36.5,95.5,7.1
92,36.6,95.9,9.8
87,36.9,96.8,12.5
80,36.6,91,16
90,36.7,95.8,11.4
82,36.1,97.3,0
80,36.8,97.2,7.6
78,36.1,96.6,0
79,36.2,91.7,6.3
84,36.6,96.2,6.8
80,36.3,96.4,0
79,36.6,93.5,10.7
79,36.8,95.4,10.9
79,36.7,95.2,9.3
84,36.7,96.5,8.2
84,36.5,95.6,6
85,36.5,99.5,0
86,36.4,91,13.8
85,36.7,96.5,8.5
92,36.8,97.6,10.4
87,37,98.4,11.3
99,36,98.7,0
95,36.4,95.8,6.9
76,36.6,97.3,2.2
83,36.7,96.9,7.1
92,36.4,99,0
93,36.8,96.1,13.7
94,36.7,98.8,6.6
81,36.5,98.8,0
81,36.2,97.4,0
80,36.5,95.9,4.2
81,36.6,93.7,10.9
81,36.4,96.9,0.5
96,36.4,95.3,8.2
101,36.8,99,10.3
96,36.1,97.6,0
95,36.1,95.9,0.7
94,36.3,96,4.2
106,36.8,95.3,19.2
86,36.6,98,3.8
58,36.4,99.5,0
71,36.4,96.2,0
81,36.8,99,4.3
62,37,90.9,18.8
88,36.5,96.5,5.4
89,36.5,95.2,8.3
87,36.6,96.2,7.7
86,37.1,95.4,19
76,36.6,99.4,0
88,36.4,98.3,0
79,36.7,98.4,2.9
85,36.4,98.5,0
86,36.6,97.8,4.2
74,37,98.5,7.2
89,36.4,98.5,0
98,36.5,96.7,8
82,36.6,98.6,1.4
85,36.7,98.5,4.5
96,36.4,95.6,7.6
90,36.8,95.9,13.2
80,36.5,98.5,0
83,36.5,97.8,1.3
90,36.5,96.6,5.8
83,36.8,99.8,3.3
96,36.1,95.2,2.4
95,36,97.7,0
88,36.7,98.6,5.2
93,36,96.8,0
84,36.7,94.7,11.8
88,36.6,99.3,1.8
87,36.6,96.6,6.9
86,36.5,95.7,6.4
86,36.7,97.1,7.6
100,36.4,97.9,4.2
96,36.6,99.8,3.2
94,36.8,95.2,15.8
94,36.6,95.3,11.6
80,36.3,97.1,0
81,36.5,97.1,2.1
79,36.3,90.6,10.5
81,36.2,97,0
79,36.2,95.1,0
77,36.1,94.9,0
78,36,96.8,0
83,36.4,95.8,3.3
91,36.3,98.3,0
93,36.3,98.7,0
88,36.1,99.2,0
87,36.5,98.3,1.5
81,36.7,90.1,20.1
91,36.3,95.9,3.5
87,37.1,98.2,13.7
81,36.4,98.8,0
77,36.3,97.4,0
84,37.3,98.6,16
79,36.3,97.9,0
85,36.5,96.6,4.3
92,36.9,98.7,10.2
88,36.1,96.8,0
85,36.7,95.9,9.7
92,36.3,98.8,0
94,36.8,98.9,8.4
85,36.9,96.3,12.9
82,36,97,0
77,36.8,96.1,8.9
89,36.5,97.3,4.1
98,36.3,93.6,10.2
89,37,98.5,11.7
87,36.7,96.7,8.7
83,36.9,97.5,9.9
74,34.9,99.1,0
94,36.1,97.2,0
88,36.7,96.7,9
64,36.4,94.8,0
76,36.7,98.6,1.6
95,36.7,99.2,6.1
100,35.9,91.7,6.6
107,36,99.1,0
97,36.2,98.2,0
95,36.6,95.4,11.7
106,37,98.6,16.6
85,36.8,97.3,8.9
92,36.7,95.5,12.6
93,36.5,97.4,5.1
90,36.2,95.7,1.6
87,35.5,88.8,0.5
92,36.7,96.9,9.8
82,36.6,98.5,1.6
91,36.2,91.4,10.5
84,36.9,97.5,10.2
81,36.9,98.1,8.1
80,36.5,99.5,0
80,36.7,97.9,4.2
78,36.8,95.9,9.6
78,36.6,95.1,7.2
82,36.2,96.1,0
84,36.6,98.5,2.2
80,36.5,98.1,0
84,37.1,87,35.2
85,36.8,98.9,5.7
85,36.2,98.4,0
86,36.6,99.8,0.2
87,36.2,99.4,0
86,36.3,97.2,0
88,36.5,98.3,1.8
86,36.1,97.5,0
86,36.6,95.2,9.4
92,36.7,95.9,11.8
93,36.7,94.5,14.9
88,36.8,95.2,14
87,36.6,97.6,4.9
82,36.5,97.8,1
68,36.5,98.9,0
87,36.3,96.1,1.9
93,36.5,98.8,2.3
71,37,92.8,17.7
83,36.2,97.8,0
91,36.3,94.2,6.9
94,36.5,97,6.2
88,38.4,96.9,42.6
87,36.7,93.3,15.5
86,36.5,97.7,2.4
92,36.2,98.2,0
84,35.7,96.8,0
82,36.6,99.7,0
77,36.4,99,0
83,36.5,97,2.9
80,36.5,97.3,1.4
79,36.2,97.8,0
90,36.6,92.3,16.4
76,36.6,97.8,1.2
89,36.4,98.6,0
81,36.2,96.3,0
84,35.6,99.1,0
84,36.2,96.8,0
85,36.6,97.8,3.9
92,36.3,97.8,0
94,36.5,99.6,1
88,36.5,97.4,3.6
87,36.3,99.7,0
92,36,95.6,0
82,36.3,95.6,1.4
83,36.3,99.6,0
81,37.1,92.5,23.3
84,36.8,96.2,10.8
97,36.3,97.7,1.7
88,36.9,95.9,14.6
87,36.4,95,6.1
85,36.4,91.4,12.7
87,36.5,96.4,5.3
86,36.5,97.9,2
86,36.9,96.8,12.2
86,36.8,96.1,11.6
86,36.3,95.3,3.2
75,37,96.8,10.9
85,36.6,97.7,4.1
98,36.6,96.5,10.4
101,36.4,97.5,5.3
102,36.6,96.6,11.4
90,36.7,94.5,14
91,36.4,98.1,1.1
102,36.7,99.1,8.4
110,36.5,97.6,9.8
111,36.4,97.1,9.1
110,36.9,98,17
92,36.9,99.2,9.2
91,36.4,96,5.3
90,36.6,96.4,8.2
90,36.2,97,0
93,37,97.7,14.5
92,36.7,98,7.6
87,36.3,97.4,0
86,36.5,96.4,5
80,36.2,95.5,0
79,36.7,99.6,0.5
90,36.3,95.7,3.6
82,36.2,96.4,0
80,36.5,90.2,15.6
90,38.9,99.4,48.2
94,36.1,97.8,0
85,36.3,99.7,0
88,36.8,97.5,9.4
91,36.5,97.2,4.9
90,36.4,99.6,0
92,36.7,96.3,11
95,36.8,99,8.5
94,37,100,10.2
84,36.7,96,9.2
82,37,95,16.6
80,36.5,95.4,5.2
80,36.5,96.5,3
90,36.7,99.4,4.2
83,36.3,95,2.9
84,36.4,97.4,0.4
91,36.3,98.2,0
84,36.1,97.7,0
109,37.1,96,24.7
98,36.7,96,13.4
95,36.4,96.9,4.7
85,36.5,95.4,6.7
82,36.8,98.6,5.4
81,36.4,99.5,0
77,36.3,95.8,0
80,36.4,97.4,0
83,36.7,96.7,7.5
96,36.4,99,0.8
69,37,97.9,6.9
70,36.1,98.4,0
83,36.7,97.9,5.1
84,36.3,95.5,2.2
90,36.7,97.1,8.8
83,37.2,99.1,12.7
83,36.7,91.2,18.5
90,36.8,99.5,6
91,36.6,98.5,4.3
95,36.4,97.3,3.9
96,36.6,95,12.8
96,36.3,98.6,0
96,36.5,99.7,1.4
103,36.4,97.9,5.1
101,36.6,98.1,8.1
101,36.2,98.3,0
98,36.3,98.1,1.2
97,34.7,96.3,0
85,36.2,96.9,0
82,36.2,95.5,0
81,36.6,96,6.3
81,36.5,97.3,1.7
81,36.9,98.7,6.9
91,36.9,97.3,12.7
93,36.9,97.4,13.1
84,36,92.3,2.6
80,36,96.5,0
81,36.3,99.3,0
81,36.4,99.9,0
99,36.8,98.5,10.7
104,37,95.7,21.8
101,36.6,96.8,10.7
67,36.7,99.9,0
93,36.7,89.6,24.7
101,36.6,98.2,7.9
105,36.4,96.2,9.1
103,36.9,96,18.9
87,36.5,95.3,7.5
83,36.2,98.7,0
97,36.3,96.1,4.9
110,37.4,99.4,24.2
109,36.7,95.1,18.5
99,36.9,95.4,18.9
89,36.1,95.3,0.1
93,37,98,13.9
54,37.1,97,6.2
70,36.4,97.1,0
105,36.5,95,13.5
114,36.6,98,12.2
77,36.7,96.3,6.5
90,36.6,97.2,6.6
94,36.1,98.6,0
105,36.2,98.1,1.3
97,36,97.5,0
95,34.8,96.5,0
83,36.5,97.5,1.9
81,36.7,98.5,3.3
57,36.6,96.3,0
88,36.5,96.9,4.6
92,36.7,96.4,10.8
77,36.3,95,1.1
82,38,99.2,28.2
93,36.2,98.3,0
100,36.3,97.8,2.4
90,36.2,99.9,0
83,35.9,99.1,0
91,35.7,98.9,0
84,36.4,96.6,2
91,36.6,96.7,7.9
90,36.5,96.2,6.6
94,36.6,94,14.2
84,36.7,96.5,8.2
90,36.4,99.2,0
91,36.2,97.2,0
76,36.3,97.2,0
83,36.6,100,0
83,36.7,96.1,8.7
90,36.5,99.7,0
77,36.1,99.2,0
84,36.6,96.2,6.8
99,36.4,98.4,2.9
98,36,90.4,10.6
86,36.5,92.7,12.4
98,36.8,96.3,14.8
78,37.1,99.3,8.8
115,36.6,99.8,8.9
128,36.4,96.5,15.4
93,36.7,99.2,5.5
83,36.5,98.2,0.5
109,36.6,99.9,6.9
115,36.3,99.4,3.7
83,35.7,98.8,0
91,36.7,99.4,4.5
79,36.6,97.1,3.5
78,37.1,98.5,10.4
77,36.6,95.6,5.9
84,37.1,98.3,12.6
92,35.9,96.2,0
83,36.6,96.3,6.3
91,36.7,99.2,4.9
84,36.4,99.8,0
82,36.3,98.9,0
90,36.6,95.3,10.4
83,36.6,97.4,4.1
82,38.3,95.9,40.8
81,36.8,97.7,6.9
77,37.1,99.3,8.5
76,36.6,98.4,1.69E-14
100,36.3,96.2,5.6
96,36.5,99.8,1.2
95,35.9,96.2,0
94,34.8,99.3,0
85,37.2,97.1,17.3
82,36.4,97.2,0.2
108,37.1,98.9,18.6
97,37,96.2,18.7
95,36.2,96.2,2.1
94,36.3,97.8,0.6
95,36.7,98.2,8.1
85,36.6,99.4,0.7
81,35.9,96.8,0
105,36.2,97.7,2.1
98,36.1,95.8,1.8
95,36.6,97.7,7.1
94,36.1,99.4,0
81,38.8,99.6,43.1
91,35.9,99.3,0
84,36.8,99.5,4.2
80,36.5,96.2,3.6
62,36.5,98.9,0
86,36.1,97.9,0
92,36.1,96.5,0
93,34.4,96.6,0
94,36.5,96.1,8
94,36.2,99.5,0
94,35.7,95.9,0
84,36,96.2,0
92,36.8,96.7,12.2
94,36.7,98.4,7.4
94,36.2,96.1,2
93,36.1,94,3.9
75,36.8,96.1,8.3
89,36.2,96.9,0
83,36.2,92.5,5.9
74,36.3,95.8,0
83,36.3,96.9,0
74,36.3,95.1,0
83,36.5,98,0.9
81,36.5,91.1,14.1
85,36.6,99.1,1.3
87,36.5,97.6,2.9
103,36.2,95.8,5.3
107,36.5,97,10.1
87,36.8,97.3,9.5
87,36.5,95.6,6.9
91,36.6,95.5,10.3
79,36.6,99.8,0
91,36.5,96.1,7.1
111,36.8,97.1,17.1
116,36.1,95.3,8.2
118,37,96.6,24.2
111,36.8,96.6,18.1
110,36.9,97,19
109,37.2,88,42.7
113,36.6,95.9,16.1
99,36.2,96.8,2.1
118,36.8,96.3,20.8
111,36.7,97.9,13.5
99,36.3,95.4,6.9
99,35.7,99,0
112,36.4,96.2,11.2
116,36.2,96.2,8.4
99,36.5,98.7,4.3
107,36.9,99,14.1
86,36.2,95.6,0.6
87,36.6,98,4.1
92,36.4,96.3,5
111,36,97.5,0.3
88,36.4,99.1,0
78,36.7,96.1,7.2
89,36.5,98.7,1.3
93,36.9,96.3,15.3
94,36.6,97.9,6.4
94,36.3,99.5,0
79,37.1,96.9,13.9
84,36.9,98.7,7.8
63,36.6,93.8,5.3
80,36.4,97.3,0
84,36.5,98,1.2
86,36.3,96.4,1
92,37,95.8,18
88,36,97.6,0
81,36.5,97.2,1.9
97,37.2,96.1,22.9
100,36.1,96.1,1.8
79,36.6,99.8,0
56,36.6,96.5,0
84,36.5,97.4,2.4
91,36.5,97.8,3.7
93,36.7,95.3,13.3
94,36.9,87.2,33.8
77,36.5,94.5,6.1
90,36.1,96.4,0
79,36.8,96.7,8.3
90,36.3,99.8,0
79,36.2,95.3,0
61,36.6,98.5,0
85,36.4,96,3.5
75,36.5,95.7,3.1
79,36.8,94.6,12.5
61,36.8,97.9,0.5
85,36.4,97,1.5
91,36.4,97.7,1.9
64,36,99.9,0
86,36.3,99,0
92,36.1,90.4,10.8
94,36.6,96.6,9
95,36.7,95.8,12.9
88,36.5,95.6,7.2
93,35.9,98.9,0
87,36.4,97.5,1.1
92,36.3,96.7,2.2
65,36.8,97,3.5
86,36.2,95.6,0.6
82,35.9,93.9,0
91,36.1,95.5,0.3
88,36.9,96.5,13.4
92,36.5,96,7.6
80,36.8,99.5,3
73,36.8,98.8,2.3
82,36.3,96.3,0
84,36.7,99.6,2
86,37.1,99.3,11.2
85,36.2,97.4,0
86,36.5,98,1.8
86,36.4,96.3,3.2
86,35.8,99.5,0
86,36.8,97.6,8.6
91,36.6,94,13.3
87,38,99.2,29.7
86,36.7,99.1,3.6
85,36.2,95.9,0
92,36.2,88.1,17.4
93,36.9,95.8,16.3
114,36.6,99.1,10
85,36.5,95.4,6.7
109,36.1,97.8,1.1
98,36.4,96.7,6
83,36.2,97.2,0
91,36.5,96.5,6.3
78,36.7,99.8,0
73,36.2,95.7,0
77,36.9,96.1,10.9
78,36.6,98,1.4
78,36.6,99.8,0
80,36.5,97.7,0.6
79,36.1,98.8,0
67,36.5,97.4,0
87,36.9,99.3,7.5
88,36.5,95.7,7
87,36.7,99.3,3.5
92,36.4,95.1,7.4
88,36.7,95.6,11.2
82,36.9,96,12.6
79,36.6,96.2,5.3
81,36.2,96.8,0
85,36.3,96.1,1.3
92,36.4,96,5.6
88,37,98.7,11
81,36.6,94.9,8.5
81,36.6,96.4,5.5
85,36.6,98.6,2.3
81,36.8,98.9,4.5
83,36.4,97.8,0
85,36.4,97.5,0.5
92,36.3,98.5,0
88,36.7,95.7,11
92,37.1,97.8,16
88,36.9,91.4,23.6
86,35.6,96.5,0
81,36.6,96.3,5.7
79,36.5,95.7,4.3
81,36.4,96.1,2.1
79,34.2,92.5,0
79,36.7,99.7,0.3
81,36.1,99.2,0
80,36.3,99.2,0
80,36.2,95.3,0
79,36.7,97.4,4.9
78,36.7,99.9,0
79,36.9,95.9,11.9
79,36.4,99.7,0
91,36.7,98.4,6.5
88,36.8,90.9,22.6
87,36.4,99.9,0
86,36.2,99.4,0
92,36.6,97.9,5.8
95,36.3,93.4,9.7
83,36.5,96.4,4.1
108,36.8,96.8,16.8
115,37,91.3,33.9
113,36.3,97,7.9
99,36.3,98.7,0.3
95,36.3,99.2,0
84,36.4,99.8,0
80,36.7,96.8,6.4
84,36.8,99.4,4.4
85,36.6,97.3,4.9
82,36.7,99.3,2
81,38.1,98.3,31.7
84,36.5,97.1,3
82,36,98.6,0
77,36.7,95.6,7.9
73,36.6,99.4,0
79,36.4,96.1,1.5
84,36.3,99.1,0
82,36.8,98.5,5.6
91,36.3,99.1,0
84,36.9,99.2,6.8
84,36.7,96.9,7.4
91,36.1,97,0
93,36.6,97,7.9
84,36.2,97.5,0
86,35.9,92.5,0.8
79,36.5,95.6,4.5
90,36.8,97.9,9.2
93,36.9,97.4,13.1
82,36.2,97.9,0
91,36.1,96.5,0
98,36.4,95.5,8.4
95,36.1,95.6,1.3
85,36.7,96.6,8.3
82,34.4,96.6,0
69,36.4,97.2,0
88,36.5,99,0.4
83,34.4,98,0
91,36.7,98.9,5.5
84,36.7,95.7,9.8
82,36.5,96.1,4.4
97,36.6,98.7,5.7
101,36.8,96.7,14.9
89,36.8,99.8,5.1
79,36.6,95.6,6.5
80,38.1,98.2,31.6
100,37.2,95.3,25.4
86,37.2,99.1,13.6
82,36.6,97.4,3.8
81,36.3,97.2,0
80,36.1,96.9,0
90,36.3,97.9,0
83,36.5,96.2,4.5
91,36.2,97.2,0
83,36.8,97.4,8.1
77,36.3,96.3,0
90,36.6,98.7,3.6
93,36.4,99.1,0
84,36.7,99.7,1.8
97,36.6,99.2,4.7
84,36.6,99.6,3.91E-14
82,36.6,94.5,9.6
78,36.8,95.8,9.8
84,36.5,95.5,6.2
91,36.4,95.9,5.5
82,36.5,100,0
81,36.7,96.7,6.9
109,37,97.3,20.1
108,36.1,98.1,0.2
120,36.5,96.4,15.2
124,36.6,96.4,18.4
102,36.3,95.1,8.4
90,36.4,95.6,5.8
82,36.6,96.8,5
85,36.5,95.2,7.1
86,36.2,95.2,1.4
82,36.7,96.8,7
91,36.9,99.2,8.9
79,36.8,97.2,7.3
90,36.5,95.5,8
87,36.5,100,0
83,36.4,96.6,1.7
79,36.7,98,3.7
77,36,97.5,0
101,36.3,99.6,0
101,35.7,97.7,0
83,36.3,99.3,0
91,35.9,97.2,0
93,36.3,98.7,0
85,36.5,95.3,6.9
86,36.6,98.8,2.2
80,36.6,92.1,13.8
81,35.8,99.9,0
77,36.2,95.1,0
90,36.5,97.7,3.6
81,36.3,96.1,0.1
86,36.3,96.1,1.6
81,36.4,95.2,3.9
91,36.7,92,19.3
93,36.5,96.5,6.9
88,36.2,99.5,0
75,36,98.1,0
83,36.4,98.7,0
85,37,99.7,8.1
98,36.7,96.5,12.4
89,36.2,98.2,0
96,36.5,95.1,10.6
94,36.3,94.4,7.4
94,36.9,96.5,15.2
84,36.8,98.8,5.6
98,37.2,95.3,24.8
98,36.5,97.9,5.6
100,36.1,99.8,0
75,36.7,98.4,1.7
80,36.6,95.9,6.2
73,36.6,97.4,1.1
75,36.3,100,0
83,36.2,95.6,0
91,36.7,95.5,12.3
94,36.5,96.7,6.8
84,36.6,97.9,3.4
82,36.3,94.8,3
81,36.5,96,4.3
81,36.4,95.7,2.9
81,36.3,96.7,0
81,36.1,97.2,0
81,36.4,97.8,0
81,36.7,95.9,8.5
91,36.9,98,11.3
80,36.9,97.7,8.6
81,36.5,97.1,2.1
79,36.7,98.8,2.1
89,36.1,98.4,0
92,36.4,99.3,0
71,36.3,95.8,0
87,36,96.7,0
83,36.3,95.9,1.1
81,36.3,97.4,0
91,36.4,96.9,3.5
84,36.4,98,0
85,37.2,95,21.5
82,36.2,98.4,0
81,36.4,98.1,0
81,36.2,96.3,0
81,36.2,98.3,0
77,36.8,96.9,7.3
80,36.5,98.4,0
73,36,98.8,0
81,36.4,99.6,0
81,36.2,95.6,0
90,36.4,96.8,3.4
59,36.4,95.2,0
55,35.9,97.3,0
73,36.1,95.5,0
89,36.3,96.8,1.1
83,36.9,99.4,6.1
82,36.9,92.2,20.2
91,36.4,99.1,0
84,36.2,97,0
77,35.9,99,0
90,36.7,96.4,10.2
80,36.9,95.9,12.2
90,36.7,98.4,6.2
93,36.7,97.3,9.3
80,36.7,98,4
83,36.5,96,4.9
80,36.4,99.5,0
94,36.8,95.4,15.4
81,36.2,98.5,0
80,36.2,98.1,0
90,36.2,99.4,0
93,36.3,97.8,0.3
84,36.8,98.2,6.8
92,36.9,97.7,12.2
80,36.4,96.7,0.6
81,36.6,91,16.3
85,36.4,96.9,1.7
111,36.5,98.7,7.9
107,36.3,95.3,9.5
111,36.7,96.2,16.9
91,36.4,95.8,5.7
93,35.7,99.2,0
88,36,94.4,0
97,36.7,100,5.1
106,36.4,98.3,5.2
104,36.6,95,15.2
103,36.3,98.5,1.9
96,36.2,96.8,1.2
100,36.6,97.4,9.2
105,36.7,96.9,13.7
97,37,96.7,17.7
85,36.9,93.3,18.9
82,36.5,98.7,0
62,36.3,97.7,0
91,36,96.6,0
99,36.2,95.8,4.1
106,36.7,97.1,13.6
101,36.4,99.1,2.1
98,36.6,98.5,6.4
85,36.6,96,7.5
81,36.3,95.3,1.7
90,36.5,99.1,0.8
80,36.3,98.9,0
89,36.6,96,8.7
81,36.6,100,0
80,36.1,95.4,0
81,35.6,92.3,0
58,36,98,0
75,36.5,99,0
75,36.6,97.4,1.7
83,36.9,99.5,5.9
84,36.2,98,0
86,36.7,96.9,8
80,36.4,98.9,0
95,36.2,99.5,0
112,36.5,99,7.6
85,36.2,97.1,0
94,36.4,97.1,4
94,36.5,95.3,9.6
84,36.1,95.2,0
81,35.7,98.9,0
77,36.1,99.2,0
92,36.8,99.2,7.2
88,36.7,95.2,12
78,36.5,96.5,2.4
83,36.1,96.2,0
100,36.5,98.3,5.4
108,37.1,99.4,17.6
123,36.1,98.1,4.7
124,35.8,95.7,3.8
120,36.9,99.6,16.8
116,36.6,97.5,13.8
114,36.3,97.1,8
107,36.5,99.5,5.1
105,36.6,95.4,14.7
91,36.7,96.4,10.5
84,36.5,97.6,2
102,36.5,99.5,3.6
91,36.2,96.2,0.9
92,36.2,98,0
98,36.5,97.9,5.6
98,36.5,97.5,6.4
107,35.9,99.7,0
114,36.1,90.1,18
82,36.6,97.3,4
77,36.7,97.7,3.7
84,36.7,98.7,3.8
82,36,97.6,0
94,36.6,95.7,10.8
84,36.1,96.5,0
75,36.6,97.3,1.9
94,37,99.2,11.8
83,38.1,94.9,39.1
82,36.5,99,0
74,36.5,97.1,1.15E-14
74,37,99,6.2
75,36.3,95.1,0.3
80,36.6,97.2,3.6
90,36.1,98.8,0
84,37,95.2,16.8
56,36.6,96.9,0
74,36.3,97.4,0
92,36.6,98.4,4.8
84,36.7,95.9,9.4
86,36.4,97.8,0.2
81,36.8,95.7,10.9
76,36.2,95.9,0
79,36.6,96.9,3.9
83,36.7,98.1,4.7
97,36.2,99.2,0
101,36.5,95.1,12.1
103,36.4,94.5,11.9
90,36.8,98.8,7.4
99,35.7,97.9,0
103,36.9,97.2,16.5
104,36.1,95.8,3.6
92,34.9,96.2,0
89,36.8,98,8.7
87,36.3,96.9,0.3
87,36.3,96.9,0.3
86,36.6,98,3.8
87,36.7,99,4.1
88,36.6,99.1,2.2
89,36.5,93.3,12.1
88,37.1,99.1,12.2
81,36.1,98,0
86,35.9,95.4,0
86,37,97.6,12.6
92,36.5,98,3.6
82,36.6,97.5,3.6
87,36.4,97.9,0.3
108,36,95.1,4.2
113,36.4,95.2,13.5
100,36.4,94.7,10.6
94,36.4,97,4.2
88,36.5,95.6,7.2
83,36.6,99.2,0.5
79,36,98.5,0
81,36.5,96.7,2.9
87,36.7,95.1,11.9
86,36.3,96.4,1
86,36.6,99.2,1.4
86,36.3,95.6,2.6
86,36.5,95.8,6.2
92,36.7,96.5,10.6
102,36.9,95.1,20.4
107,34.9,97.7,0
106,36.5,96.3,11.2
96,37,96.8,17.2
92,36.5,98.5,2.6
104,36,98.5,0
107,36.7,95.7,16.7
105,36,99.7,0
96,36.8,97.5,11.8
82,36.7,98.5,3.6
79,36.8,95.4,10.9
68,36.9,96.7,7
55,36.4,99.5,0
62,36.4,99.5,0
63,36.6,98.3,0
69,36.9,96.1,8.5
76,36.3,95.5,0
81,36.7,99.9,0.5
77,36.2,99.1,0
92,36,95.7,0
90,36.6,95.2,10.6
87,36.7,95.4,11.3
86,36.8,96.4,11
86,36.4,96.3,3.2
92,36,92.4,4.8
82,36.4,85.6,23.4
81,36.9,96.2,11.9
77,36.7,93.4,12.3
93,36.6,98.1,5.7
84,37,99.3,8.6
80,36.6,98.9,0.2
95,36.9,98.2,12.1
91,36.7,98.3,6.7
92,36.5,95.5,8.6
88,36.6,92.2,16
93,36.4,98.4,1.1
94,36.7,99.8,4.6
91,36.7,98.9,5.5
81,37,99.9,6.5
79,34,97,0
92,36.7,98,7.6
99,36.2,98,0
96,36.6,96,10.8
94,36.7,98.5,7.2
99,36.7,99.5,6.7
103,36.4,95.3,10.3
97,36.2,94.9,5.3
80,36.4,96.9,0.2
79,36.7,96.4,6.9
87,36.4,98.3,0
90,36,99.5,0
92,36.7,98.1,7.4
85,36.2,98.6,0
89,36.5,98.3,2.1
83,36,95.4,0
82,36.1,96.7,0
83,36.7,97.7,5.5
91,36.5,99.3,0.7
95,36.5,97.4,5.7
99,36.1,95.6,2.5
100,36.5,98.8,4.4
93,36.3,95.4,5.1
96,36.3,99.1,0
97,36.5,96.8,7.5
96,36.5,99.9,1
103,36.9,96.1,18.7
101,36.7,98.6,9.1
99,36.6,99.6,4.5
96,36.8,97.3,12.2
100,36.5,90.7,20.6
113,36.4,97.5,8.9
116,36.5,95.5,15.8
97,36.7,95.3,14.5
98,36.7,96.2,13
93,37,98.8,12.3
97,36.8,98.2,10.7
109,36.4,98.4,5.9
107,36.4,95.8,10.5
98,36.6,99.6,4.2
84,34.5,99.3,0
82,36.8,96.5,9.6
87,36.1,99.9,0
92,36.5,98.7,2.2
87,36.5,95.3,7.5
87,36.9,95.3,15.5
86,36.5,99.5,0
84,36.7,98,5.2
88,36.1,99.4,0
84,37,96.1,15
90,36.6,98,5
88,36.5,98.7,1
94,36.3,98.7,0
98,37,97.4,16.6
100,36.3,98.1,1.8
92,37.2,99.6,14.4
94,36.5,99.4,1.4
94,36.4,93.2,11.8
98,36.3,96.1,5.2
98,36.9,98.8,11.8
94,37,99,12.2
93,36.9,95.9,16.1
95,36.7,100,4.5
94,36.5,91.4,17.4
84,36.7,97.8,5.6
91,36.7,96.5,10.3
94,36.8,95.3,15.6
87,37.2,98.8,14.5
93,36.9,96.9,14.1
83,36.6,95.4,8.1
85,35.9,99.8,0
92,36.5,95.5,8.6
94,36.8,99.8,6.6
97,36.9,96.5,16.1
85,37.1,98.5,12.5
92,36.4,98.6,0.4
101,38.3,98.4,41.5
100,37,91.7,28.6
98,36.2,95.3,4.8
100,36.4,97.3,5.4
96,36.7,96.6,11.6
89,36.4,100,0
71,36.2,98.6,0
78,36.6,96.8,3.8
81,36.6,97.7,2.9
91,36.7,97.3,8.7
84,36.3,91.9,9.4
72,36.5,97.2,0
79,36.6,98.3,1.1
92,36.4,94.5,8.6
85,36.4,95.6,4.3
78,36.3,96.1,0
90,37.1,97.6,15.8
83,36.4,99.4,0
94,36.5,96.3,7.6
69,36.3,95.3,0
72,36.4,99.8,0
95,36.5,96.2,8.1
85,36.6,98.5,2.5
86,36.4,98.6,0
81,36.3,96.6,0
91,36.6,95.9,9.5
84,36.9,96.7,11.8
91,36.9,96.8,13.7
84,35.9,95,0
85,36.1,99.7,0
92,36.7,95.2,13.2
94,36.7,99.6,5
84,36.8,97.1,9
92,36.8,99.6,6.4
88,36.6,98.1,4.2
83,36.1,99,0
81,36.8,98.8,4.7
81,36.3,98.5,0
85,36.6,96,7.5
92,36.2,96.8,6.22E-14
87,36.4,97.5,1.1
93,36.7,99,5.9
81,36.8,98.8,4.7
73,36.6,98,0
95,36.7,95,14.5
95,36.4,97.1,4.3
95,36.4,97.8,2.9
80,36.8,95.7,10.6
79,37,99.9,5.9
80,36.6,98.1,1.8
81,36.8,99.1,4.1
79,36.4,97.2,0
78,35.8,97.7,0
80,37.1,98.5,11
81,36.4,95.3,3.7
91,36.4,97.2,2.9
93,36.8,97.6,10.7
84,36.1,99.4,0
92,36.9,95.3,17
84,36.5,96,5.2
78,36.6,98,1.4
76,36.2,97,0
72,36.7,96.3,5
78,37,99.6,6.2
94,36.8,99.2,7.8
89,36.4,98.3,0.1
92,36.7,98,7.6
94,36.4,98.6,1
84,36.2,98.8,0
85,36.5,95.5,6.5
92,36.3,98.9,0
93,36.6,99.2,3.5
81,36.3,99.8,0
81,36.5,98.3,0
81,36.3,97,0
80,34.4,97.2,0
81,36.5,95.8,4.7
91,36.5,98.8,1.7
79,36.4,99.4,0
81,36.5,96.2,3.9
84,36.4,98.9,0
78,36.9,99.1,5.2
77,36.4,97.6,0
79,36.5,91.3,13.1
84,36.3,98.5,0
91,35.8,95,0
93,36.2,97.7,0
82,36.4,99,0
91,36.4,98.2,0.9
94,36.7,95.6,13
87,36.5,98.5,1.1
92,35.7,96.5,0
81,36.4,99.2,0
77,36.6,98.2,0.7
80,35.9,96.9,0
90,36.5,98.8,1.4
94,36.8,99,8.2
88,36.2,92.4,7.6
81,36.6,96.1,6.1
80,36.4,98.9,0
83,36.5,96.8,3.3
79,36.7,97,5.7
84,36.1,95.1,0
91,36.5,98,3.3
93,36.4,97.2,3.5
94,36.6,96.3,9.6
84,36.4,98.7,0
92,37,98.6,12.4
77,35.9,95.5,0
80,36.5,96.7,2.6
81,36.2,96,0
90,35.6,96.7,0
76,36.7,97.5,3.8
61,37.1,96.7,8.9
76,36.6,95,6.8
85,36.9,98.7,8.1
86,36.2,99.4,0
92,36.5,96.9,5.8
85,35.8,94,0
92,36.4,97.9,1.8
79,36.6,91.7,14.3
81,36.5,97,2.3
85,36.8,97.5,8.5
83,36.2,96.2,0
79,36.4,96,1.7
78,36.4,85.3,22.8
83,36.3,99.3,0
89,36.6,99.7,1.3
81,36.8,99,4.3
84,35.7,94.2,0
74,36.4,96.7,0
75,36.2,95.1,0
79,36.6,96.7,4.3
79,36.3,96.8,0
79,36.1,97.2,0
78,37.1,95.6,16.2
77,35.8,98.2,0
79,36,96.1,0
79,36.8,89.7,22.3
77,36.3,97.1,0
77,36.9,96.9,9.3
78,36.5,97.8,0
79,36.2,97.7,0
78,34.3,99.9,0
78,37.1,98.7,10
78,36.6,98.6,0.2
75,36.4,96.6,0
76,36.5,99.7,0
72,36.9,87.9,25.8
81,36.3,96.7,0
81,36.6,91.1,16.1
91,36.5,99.5,0.3
81,36.5,91.2,13.9
80,36.2,97.6,0
78,36.3,97.1,0
96,36.3,91.7,13.4
83,36.6,98.2,2.5
79,36.5,94.4,6.9
78,36.4,97.2,0
76,36.6,98.7,0
89,36.9,96.9,12.9
81,36.3,96.2,0
81,36.4,98.2,0
62,36.7,86.2,22.2
86,36.2,98.2,0
82,36.6,98.5,1.6
80,34.4,95.9,0
62,36.8,96.2,4.2
85,36.5,99.1,0
86,36.5,90.1,17.6
68,37.1,98.6,7.2
77,34.6,98.1,0
76,36.8,99.8,1.2
72,36.6,97,1.6
74,36.7,95.1,8
76,36.4,96.9,0
55,37.1,99.2,2.1
66,35.9,99.4,0
76,36.4,98.8,0
80,36.6,94.2,9.6
51,36.1,99.5,0
77,36.5,97.7,0
56,36.5,98.1,0
73,36.8,96.1,7.7
62,36.5,97.7,0
74,36.4,95.2,1.8
97,36.2,98.5,0
66,37,98.9,4
81,36.7,96,8.3
92,36.4,97.4,2.8
82,36.3,99.1,0
77,36.9,93.1,16.9
67,36.9,94.7,10.7
73,36.3,97.4,0
75,36.9,98.2,6.1
77,36.4,98.2,0
57,37,97.1,4.9
75,36.6,93.3,9.9
55,34.4,96,0
73,36,96.9,0
75,36.7,98.2,2.1
70,36.3,95.8,0
88,36.7,95.9,10.6
80,36.4,96.3,1.4
76,36.7,96.6,5.6
75,36.4,96.8,0
86,34.6,98.9,0
92,36.7,95.8,12
79,36.5,96,3.7
90,36.8,97.1,10.8
96,36.2,96.9,1
61,36.8,96.5,3.3
98,37.1,99.4,14.6
109,36.4,97.9,6.9
106,36.4,97.2,7.4
108,36.7,91.8,24.8
83,36.3,96,0.9
85,36.7,96.9,7.7
94,36.4,98.6,1
106,36.8,99.2,11.4
113,36.4,99.2,5.5
115,36.6,99.2,10.1
110,36.3,99.8,1.4
102,36.5,98.3,6
77,36.4,98.5,0
73,36.2,97.6,0
77,37,99.1,6.9
73,35.9,96.1,0
79,36.3,97.8,0
68,36.4,95.8,0
70,36.2,96.8,0
82,36.4,95.6,3.4
74,36.5,99.5,0
78,36.1,95.8,0
84,36.8,96.3,10.6
80,36.3,99.2,0
78,36.9,99.4,4.6
76,34.1,90.7,0
76,37.2,98.2,12.4
77,36.7,93,13.1
78,36.7,98.4,2.6
78,36.4,91.4,10.6
79,36.6,98.9,0
78,36.6,95.2,7
68,36.8,95.8,6.8
72,36.7,95.3,7
71,36.8,99.4,0.5
88,36.3,98.3,0
76,36.5,99,0
89,36.1,99.9,0
82,36.1,98.6,0
74,36.3,95,0.2
78,36.1,98.3,0
76,36.1,95.5,0
75,36.1,96.5,0
77,36.1,97.4,0
77,36.1,98.7,0
72,36.8,97.3,5
78,37,99.8,5.8
79,36.1,98.5,0
83,36.9,95.5,13.9
77,36.2,95.6,0
77,38.9,99.6,43.9
80,36.6,98.5,1
81,36.5,95.8,4.7
79,36.7,97.3,5.1
79,36.1,96.2,0
73,36.6,96.9,2.1
76,36.7,98.2,2.4
80,36.8,98,6
81,37,95.8,14.7
75,36.6,99.2,0
80,36.4,97.4,0
90,36.3,97.2,0.6
59,36.7,97.5,0
85,36.5,97.3,2.9
86,36.7,97.2,7.4
86,36.3,98.4,0
92,36.7,95.6,12.4
88,37,91.2,26
83,36.7,99,2.9
57,36.8,96.3,2.5
78,36.7,96.4,6.6
80,36.5,98.7,0
81,36.6,98.7,0.9
87,36.1,99.6,0
92,36.4,99.3,0
65,36.7,95.9,3.7
87,36.7,97.1,7.9
92,36.5,92.7,14.2
94,36.9,95.5,17.2
92,36,91.5,6.6
93,36.3,97.3,1.3
94,36.2,96.2,1.8
94,36.4,99.9,0
80,36.2,96.8,0
90,36.6,99.5,2
82,36.3,97.8,0
83,36.5,99.1,0
79,36.6,97.2,3.3
79,36.7,95.2,9.3
90,36.7,97.2,8.6
93,36.5,99.2,1.5
89,36.5,97.8,3.1
86,36.7,97,7.8
85,36.1,96.7,0
86,36.5,95.3,7.2
85,36.3,97.9,0
92,36.5,96.7,6.2
94,36.2,95.4,3.4
94,36.5,96.5,7.2
92,36.1,99.4,0
83,36.3,97.3,0
82,36.8,96.4,9.8
85,36.6,97.7,4.1
86,36.8,99.4,5
86,37,95.9,16
80,36.5,97,2
87,36.2,97.8,0
82,36.3,96.8,0
85,36.5,99.5,0
86,36.7,98.1,5.6
62,36,99.5,0
85,36.5,99.1,0
86,36.7,95.7,10.4
80,36.2,95.6,0
79,36.3,96.4,0
86,36,91.6,4.6
85,36.9,98,9.5
92,36.2,96.8,6.22E-14
87,36.7,95.3,11.5
86,36.2,95.1,1.6
91,36.4,95.6,6.1
93,36.4,99.3,0
83,36.9,96.9,11.1
69,37,97.3,8.1
82,36.1,97.1,0
91,36.1,95.5,0.3
93,36.8,99.2,7.5
99,36.5,99.6,2.5
81,36.6,94.1,10.1
76,36.4,97.1,0
82,36.7,98.6,3.4
79,36.8,95.8,10.1
78,37.1,96.9,13.6
78,36.4,95.7,2
76,36.3,97.6,0
76,38.7,96.1,46.6
83,36.4,97.1,0.7
79,36.7,96.2,7.3
79,35.8,93.2,0
80,36.8,96,10
82,36.2,98.2,0
91,36.5,97.2,4.9
84,36.3,96.8,0
81,36.3,96.1,0.1
91,36.7,93.8,15.7
79,36.8,93.9,13.9
84,36.1,99.8,0
85,36.4,99.5,0
92,37.2,96.6,20.4
93,37.2,98.5,16.9
80,37.1,99.7,8.6
78,36.9,96.7,10
83,36.5,85.8,25.3
80,36.1,99.4,0
84,36.1,99.9,0
91,36.2,95.6,2.1
84,36.7,99.4,2.4
80,37.1,96.6,14.8
79,36.7,98.5,2.7
61,36.3,97.1,0
56,36.7,98.6,0
73,36.8,92.4,15.1
88,36.5,95.9,6.6
76,36.6,96.4,4
89,36.7,95.1,12.5
93,37.1,98,15.9
67,36.4,90.7,8.7
87,36.3,95.7,2.7
75,36.8,95.2,10.1
55,36.5,95.5,0
78,36.6,98.5,0.4
71,36.7,99.2,0
94,36.6,99.1,4
84,36.3,94.9,3.4
80,36.9,97.9,8.2
57,36.5,99.9,0
81,36.8,96.7,8.9
96,36.2,98.1,0
95,36.4,92.1,14.3
94,36.5,97.7,4.8
94,36.3,95.2,5.8
95,36.5,99.1,2.3
83,36.4,98.5,0
77,36.8,96.8,7.5
90,36.3,98.3,0
94,36.6,95.9,10.4
101,36.3,95.5,7.3
96,36.1,96.2,0.4
83,37,95.8,15.3
85,36.7,95,11.5
85,36.2,95.9,0
86,36.6,97,5.8
92,36.5,98.8,2
84,36.2,99.4,0
57,36.6,98,0
50,36.1,95.6,0
82,36.8,98.8,5
62,36.5,96.6,0
91,36.4,96.1,5.1
78,36.6,92.4,12.6
90,36.7,99.2,4.6
81,36.5,96.5,3.3
91,36.6,99.1,3.1
87,36.8,96.3,11.5
90,36.3,99.7,0
99,36.8,95.8,16.1
101,36.5,99.8,2.7
96,36.8,95.9,15
94,36.2,95.4,3.4
96,36.1,99,0
81,36.9,97.3,9.7
81,36.3,95.5,1.3
90,36.8,98.1,8.8
59,36.9,98.3,1.1
69,36.8,96.2,6.3
87,36.7,97.5,7.1
83,36.5,99.1,0
91,36.4,95.2,6.9
93,36.5,97.4,5.1
90,36.4,98.8,0
83,36.9,96.8,11.3
91,36.4,97.3,2.7
84,36.4,98.5,0
80,36.2,96.6,0
85,36.5,99.9,0
92,36.4,97.8,2
93,36.3,99.4,0
84,36.6,90.5,18.2
86,36.1,91.5,6.8
84,36.8,100,3.2
86,36.3,99.3,0
92,37.1,96.5,18.6
88,36.4,98.1,0.2
86,36.7,99.5,2.8
82,36.5,95.3,6
91,36.7,95.7,11.9
93,37,90.5,28.9
88,36.4,99.9,0
87,36.3,98.6,0
92,36.6,95.1,11.4
77,35.9,98.6,0
78,36.7,96.6,6.2
84,36.3,95.7,1.8
77,36.7,95.3,8.5
84,37.1,98.3,12.6
57,37.2,99,5.1
84,36.1,98.9,0
82,36.5,98.9,0
86,37,97.2,13.4
85,36.8,95.1,13.3
92,36.8,85.1,35.4
87,36.5,96.8,4.5
83,36.6,97.5,3.9
88,36.7,97.9,6.6
70,36.6,96.9,1.2
81,36.6,99.6,0
52,36.2,99.6,0
72,36.5,97.5,0
77,36.6,97.4,2.3
84,36.7,98.9,3.4
91,36.2,97.7,0
93,36.3,95.1,5.7
77,36.7,97.7,3.7
82,38.8,93.9,54.8
74,36.5,95.5,3.2
83,36.5,97.5,1.9
69,36.6,93.9,6.9
82,36.3,98.6,0
80,36.6,98.8,0.4
77,36,99.3,0
78,36.1,95.7,0
90,36.1,97.3,0
83,36.7,99.4,2.1
85,36.9,96.8,11.9
86,36.6,96.2,7.4
86,36.9,98.2,9.4
82,36,97.5,0
79,36.6,93.8,10.1
89,36,98.1,0
83,37.2,98,14.9
62,36.5,99.7,0
86,36.6,96.7,6.4
87,36.6,95.7,8.7
80,36.9,97,10
91,36.3,96.7,1.9
93,36.5,99.4,1.1
88,36.6,96.8,6.8
64,37.1,98.8,5.6
80,36.8,97,8
85,36.4,96,3.5
82,35.8,96.3,0
85,36.7,95.9,9.7
78,36.8,96.2,9
79,36.3,96.1,0
79,36.5,98.9,0
90,36.2,99,0
92,36.6,95.5,10.6
88,36.3,99.9,0
91,36.3,99.8,0
90,36.1,96.1,0
83,36.7,98.5,3.9
85,36.6,97.8,3.9
92,36.6,97.9,5.8
87,36.7,97.6,6.9
84,36.6,95.7,7.8
80,36.9,96.3,11.4
84,36.1,95.2,0
77,36.8,98.5,4.1
77,36.5,96.8,1.5
79,36.4,99.5,0
77,36.6,99.9,0
89,36.6,99,2.7
87,36.6,95.3,9.5
58,36.2,96.2,0
77,36.1,92.2,2.7
78,36.1,99.1,0
76,36.5,99.5,0
72,36,96,0
71,36.6,95.3,4.7
71,36.5,95.5,2.3
76,36.6,91.1,14.6
75,36.5,97.9,0
79,36.7,91.5,16.7
80,36.5,96.8,2.4
79,36.6,98,1.7
81,35.9,95.3,0
83,36.9,97,10.9
74,36.5,98.6,0
78,36.9,97.1,9.2
76,36.2,95.7,0
74,36.2,92.8,2.6
76,36.5,97,0.8
75,36.3,90.5,9.5
89,36.8,95.4,13.9
82,36.4,99.2,0
85,36.5,96.7,4.1
82,36,97.1,0
85,36,95.8,0
82,36.7,96.4,7.8
86,36.2,96.6,0
78,36.8,96.4,8.6
73,36.3,98.6,0
88,36.1,99.3,0
82,36.9,96.9,10.8
81,36.3,100,0
79,37.1,96.1,15.5
73,36.3,97.8,0
88,36.4,95.4,5.6
83,36.2,96.8,0
82,36.3,99.9,0
91,36.3,95.5,4.3
71,36.5,96.9,0
78,36.4,96.8,0
79,36.9,99.8,4.1
80,36.5,99,0
77,36.4,95.3,2.5
90,36.6,97.5,6
86,36.2,97.1,0
81,36.3,98.9,0
89,37,96.6,15.5
64,36.9,98,3.2
77,36.5,99.5,0
100,36.3,99.9,0
90,36.5,97,5
82,36.3,97.9,0
80,36.1,96.3,0
75,36.4,98.2,0
78,36.3,96.7,0
90,36.8,95,15
91,36.8,92.6,20.1
82,36.7,95,10.6
79,36.9,97.3,9.1
73,36.1,95.3,0
77,37.1,97.3,12.5
75,36.5,99.3,0
89,36.1,96.2,0
81,36.9,99.2,5.9
85,36.4,96.9,1.7
87,36.5,98,2.1
77,36.8,98.6,3.9
78,35.7,97.3,0
78,36.4,87.7,18
78,36.6,93.5,10.4
79,36.7,98.4,2.9
77,36.2,99.2,0
78,36.3,98.4,0
78,37,98.4,8.6
77,36.8,97.8,5.5
75,36.2,95.1,0
79,36.5,99.3,0
73,36.4,97.3,0
77,36.9,98.8,5.5
76,36.6,98.9,0
79,36.5,99,0
78,36.7,96.8,5.8
77,36.6,96.5,4.1
89,36.1,95.7,0
93,36.9,98.3,11.3
84,36.5,98.6,1.07E-14
76,36.5,96.4,2
77,36.8,97,7.1
83,36.8,96.5,9.9
85,36,95.6,0
79,36.3,98.9,0
73,36.7,99.4,0
72,36.1,99.8,0
72,36.5,95.6,2.4
76,36.6,99.7,0
77,36.3,97.4,0
73,36.1,99.8,0
82,36.7,93.5,13.6
73,36.6,95.3,5.3
74,36.5,96.9,0.4
77,36.5,99.9,0
77,37.2,96,17.1
78,36.7,91,17.4
79,36.8,95.1,11.5
79,36.1,97.9,0
78,36.3,99.9,0
78,34.4,98.4,0
77,36.9,96,11.1
78,36.8,95.6,10.2
78,36.4,96.5,0.4
74,36.6,95.9,4.4
76,36.8,95.2,10.4
77,36.7,99.8,0
78,36.4,99,0
78,36.4,97.5,0
90,36.7,98.3,6.4
75,36.5,88.8,16.9
74,37,98.1,8
78,36.6,99.6,0
74,36.1,100,0
79,36.7,97,5.7
84,36.7,98.1,5
84,36.9,98.9,7.4
91,36.7,96.4,10.5
82,36.8,96.1,10.4
77,35.8,99,0
73,36.8,98.1,3.7
77,36.8,98.9,3.3
89,36.5,99.9,0
76,36.2,90.5,7.8
77,36.4,96.9,0
84,36.4,97.5,0.2
77,36.6,99.1,0
75,36.4,94.6,3.3
76,36.7,90.7,17.4
74,37,97.2,9.8
74,37,96.9,10.4
73,36.5,98,0
77,36.4,90.6,11.9
78,36,96.4,0
73,36.8,99.8,0.3
71,37,97.4,8.5
70,36.4,95.8,0
69,36.4,95.3,0.1
76,36.4,98.9,0
76,36.8,96.7,7.4
72,36.4,96.7,0
51,36,99.6,0
71,37.1,95.3,14.7
70,36.5,96.7,0
71,36.8,95.9,7.5
77,36.4,98.3,0
73,36.4,99.8,0
89,36.5,98.1,2.5
76,36.5,95.9,3
71,36.2,97.9,0
73,35.6,99.9,0
74,36.4,98.3,0
83,36.8,95.6,11.7
79,36.1,98.9,0
96,36.8,95.9,15
84,36.1,99.4,0
88,36.8,99.6,5.2
70,37.2,94,19
78,36.1,99.5,0
89,36,97.3,0
79,36.8,91.6,18.5
77,36,96.6,0
73,36.6,98.3,0
77,36.5,99.7,0
73,36.6,96.1,3.7
72,36.2,95.4,0
76,36.6,99.5,0
75,36.2,98.9,0
83,36.2,98.2,0
76,36.4,98.4,0
83,36.1,96.7,0
82,36.3,99.3,0
81,36.3,98.8,0
77,36.5,99.6,0
89,36.6,97.3,6.1
80,36.4,96,2
90,36.3,99.5,0
93,36.7,95.6,12.7
74,36.5,97.8,0
89,36.3,97.4,0
93,36.6,98.2,5.5
102,36.9,96.6,17.4
67,36.1,95.9,0
81,36.5,92.1,12.1
91,36.8,99.1,7.1
93,36.7,93,17.9
97,36.6,94.1,14.9
95,37.2,95.4,23.7
94,36.4,95.5,7.2
84,36.4,95.8,3.6
80,36.7,98.1,3.8
93,36.8,97.5,10.9
95,36.2,99.7,0
94,36.3,99.7,0
81,36.9,97.3,9.7
85,37.1,95.8,17.9
78,36.1,97,0
90,36.2,98.1,0
79,36.4,98.9,0
91,36.9,95.6,16.1
93,36.5,94.9,10.1
74,36.3,97.5,0
89,36.3,95.4,3.9
93,36.3,98.7,0
94,36.4,96.1,6
94,36,97.8,0
98,36.7,95.9,13.6
84,36.1,95.8,0
91,35.9,96.4,0
79,36.4,99.5,0
96,36,90.4,10
97,36.6,96.2,10.7
95,36.7,98.5,7.5
94,36.4,95.2,7.8
94,36.5,97,6.2
95,36.5,97,6.5
93,36.3,97.8,0.3
100,36.2,98.7,0
96,36.8,96.8,13.2
81,36.6,97.4,3.5
91,36.5,98,3.3
95,35.9,90.8,6.9
85,36.9,97.1,11.3
86,36.3,98.3,0
92,36.5,96.8,6
93,36.4,95.5,6.9
72,36.7,95,7.6
88,36,97.8,0
83,36.2,98.9,0
81,36.7,95.8,8.7
85,36.1,98.6,0
92,36.7,97.5,8.6
99,36.4,98.3,3.1
95,36.1,97.8,0
82,36.1,99.9,0
80,36.5,95,6
84,36.5,97.3,2.6
86,36.5,99.5,0
80,36.4,96.6,0.8
84,36.1,98,0
79,36.5,96.4,2.9
78,36.9,95.2,13
74,36.2,99.4,0
77,36.3,99.4,0
78,36.1,97.8,0
79,36,95.7,0
90,36.3,97.3,0.4
82,36.4,99.5,0
73,34.1,95.8,0
77,36.4,96.1,0.9
73,36.9,98.5,4.9
89,36.5,97.2,4.3
81,36.6,98.6,1.1
77,36.3,99.8,0
78,35.7,95.3,0
79,35.9,99.5,0
84,37.1,96,17.2
82,36.8,95.7,11.2
81,36.7,96.6,7.1
81,36.2,97.3,0
81,36.4,98,0
88,36.9,95,16.4
92,36.4,96.5,4.6
71,37.1,97.4,10.5
64,37.1,99.7,3.8
57,36.5,93,3.1
75,36.3,96.5,0
75,36.2,98.5,0
76,36.2,98.4,0
72,36.4,99.7,0
82,36.6,98.9,0.8
75,36.4,96.9,0
77,36.3,99.9,0
78,36.7,99.3,0.8
81,36.5,96.2,3.9
78,36.8,95,11.4
79,36.2,97.3,0
70,36.6,99.8,0
77,38.7,99,41.1
79,36.7,98.2,3.3
60,36.9,97.8,2.4
75,36.4,99.4,0
90,36.4,96.7,3.6
80,36.3,99.9,0
85,36.5,97.6,2.3
86,36,97.4,0
58,37,96.3,6.8
85,36.7,96.5,8.5
78,36.4,98.1,0
80,36.6,98.4,1.2
77,36.5,87.6,19.9
72,36.7,96.9,3.8
69,36.9,97.9,4.9
87,36.1,91.8,6.5
92,36.6,97.1,7.4
91,36.9,99.4,8.5
64,36.4,97.3,0
69,36.5,97.2,0
76,36.3,95.7,0
89,36.3,91.8,11.1
84,36.5,95,7.2
91,36.3,98,0
79,36.4,95.5,2.7
90,36.5,99,1
71,36.2,99.5,0
82,34.7,99.4,0
90,36.4,97.9,1.2
94,36.2,95.1,4
84,36.8,95.7,11.8
91,36.2,97.7,0
84,36.4,96.4,2.4
81,36.5,96.6,3.1
101,35.9,96.8,0
90,36.6,96.6,7.8
94,37.2,99.6,15
84,36.4,97.8,0
85,36.7,96.7,8.1
82,36.6,97,4.6
86,36.8,99.1,5.6
85,36.7,98.8,3.9
80,36.8,99,4
78,36.3,95.8,0
79,37,97.9,9.9
77,36.1,97.9,0
89,39,99,50.7
83,36.2,93.1,4.7
91,36.6,95.8,9.7
94,36.2,97,0.2
88,36.4,96.4,3.6
82,36.2,98,0
91,36.7,96.4,10.5
93,36.9,97.7,12.5
88,36.5,97.9,2.6
86,36.4,96.3,3.2
91,36.1,96.2,0
59,36.5,98.2,0
79,36.3,96.7,0
76,36.8,98.6,3.6
89,36.7,95.6,11.5
87,36,89.9,8.3
81,36.8,97.3,7.7
91,36.1,96.6,0
87,36.8,97.1,9.9
63,36.8,99.2,0
80,36.7,96.1,7.8
84,36.5,98.8,0
85,36.2,93.5,4.5
78,36.6,96.3,4.8
85,36.3,99.3,0
92,36.2,98.2,0
82,37,98.9,8.8
85,36.4,97.3,0.9
80,36.3,97.7,0
84,37,96.9,13.4
85,35.8,96.8,0
80,36.6,96.8,4.4
79,36.2,99.9,0
83,36.6,98,2.9
79,36.5,97.3,1.1
78,36.4,95.4,2.6
84,36.6,97,5.2
56,36.6,99.5,0
77,36.3,98.9,0
80,36.6,97.8,2.4
73,36.4,99.1,0
60,36.6,99.8,0
75,36.2,96.2,0
79,34.6,99.4,0
78,36.4,99.6,0
83,36.9,97.3,10.3
77,36.4,96,1.1
84,36.8,95.6,12
80,36.6,99.6,0
91,36.7,96,11.3
81,36.5,97.8,0.7
79,36.2,97.1,0
90,36.1,96.8,0
94,36.4,98.9,0.4
88,36.6,95.3,9.8
93,37.1,96.4,19.1
94,36.3,98.5,0
95,36.6,97.7,7.1
94,36.2,99.7,0
80,36.2,98.5,0
83,36.5,98.3,0.3
78,36.8,99.3,2.8
85,36.4,97.2,1.1
86,36.3,97.6,0
86,37,95.3,17.2
93,36.7,95.9,12.1
94,36.3,90.6,15
95,36.2,97.6,0
94,36.7,98.3,7.6
94,36.5,98.5,3.2
84,36.6,90.4,18.4
91,36.2,99.3,0
87,36.2,95.3,1.5
83,36.8,95.8,11.3
97,36.7,95.3,14.5
82,36.1,92.6,3.4
92,36.6,92.7,16.2
93,36.4,91.1,15.7
94,36.7,98.2,7.8
99,36.8,97.5,12.7
89,36.5,96.1,6.5
83,36.7,95.8,9.3
85,36.6,95.5,8.5
92,36.3,95.9,3.8
88,36.4,98.7,0
78,36.4,97.6,0
80,36.4,99.9,0
90,36.4,97.6,1.8
93,36.4,97.7,2.5
94,36.4,96.3,5.6
94,36.4,99.3,0
88,36.1,87.8,14.8
79,36.2,98.4,0
81,36.2,95.8,0
81,35.9,98.8,0
74,36.7,97.8,2.6
95,36.6,91.9,18.7
88,36.3,98.3,0
93,36.5,97.8,4.3
84,36.3,96.1,1
82,36.7,95.1,10.4
91,36.5,96.3,6.7
93,36.5,96.4,7.1
94,36.5,97.6,5
88,36.7,95.6,11.2
83,36.8,98.1,6.7
92,36.1,98.7,0
84,36.4,97,1.2
91,36.4,98.3,0.7
87,35.9,97.1,0
92,36.4,90.5,16.6
60,36.5,96,0
85,35.9,95,0
86,36.7,92.4,17
92,35.9,99.7,0
88,36.6,99.7,1
92,36.4,98.3,1
84,36.7,97.8,5.6
91,37.1,96.6,18.1
93,36.5,98.3,3.3
95,36.3,96.4,3.7
94,36.4,98,2.2
94,36.4,97.1,4
95,36.8,98.7,9.1
95,38.5,92.4,55.7
83,36.7,99.7,1.5
85,36.7,98.2,5.1
92,36.7,98.5,6.6
71,36.7,96.4,4.5
78,35.9,96.7,0
91,36.4,98.2,0.9
87,36.1,96.4,0
82,36,96.9,0
81,36.1,95.6,0
81,36.3,99.7,0
91,36.3,98.9,0
84,36.4,97.3,0.6
82,36.3,95.1,2.4
84,36.6,99.4,0.4
80,36.9,98.3,7.4
73,36.9,97.1,7.7
72,36.6,95.8,4
75,36.6,95.5,5.5
77,36.3,95.9,0
73,36.5,96,1.9
67,36.4,96.4,0
68,36.7,95.3,5.8
69,36.5,95,2.7
66,36.7,97.1,1.6
73,37,97.7,8.5
69,36.4,99.7,0
65,36.1,97.9,0
66,36.6,98.7,0
69,37,95.2,12.3
66,36.7,98.2,0
64,37,98.7,3.8
65,36.2,100,0
69,36.2,97,0
65,36.6,98.6,0
66,36.8,95.1,7.6
65,36.6,97.9,0
62,36.2,95.4,0
66,36.8,91.1,15.6
70,36.1,99.3,0
65,36.1,98.3,0
67,36.5,98,0
66,37,95.6,10.6
64,36.9,98.1,3
62,36.6,97.2,0
67,36.4,88.8,12.5
67,36.8,97.4,3.3
68,36.2,95.1,0
72,36.4,99.9,0
88,35.9,99,0
76,36.9,95.9,11
74,36.1,98.6,0
89,36.6,99.6,1.5
92,36.1,96,0
93,35.7,97.2,0
81,36.7,94.6,11.1
81,36.4,97.1,0.1
91,36.8,98.8,7.7
84,36.7,97.2,6.8
82,36.7,97.2,6.2
81,36.6,99.5,0
91,36.7,95.7,11.9
93,36.3,99.5,0
84,36.1,96,0
86,35.8,97.6,0
82,36.3,95.7,1.2
91,37.2,97.7,17.9
93,36.7,98.2,7.5
81,36.3,98.7,0
85,36.3,99.9,0
80,36.8,99.7,2.6
85,36.5,95.2,7.1
86,36.5,95.5,6.8
86,35.9,99.7,0
92,36.6,96,9.6
88,36.2,98.5,0
86,37.1,95.5,18.8
80,36.8,98.9,4.2
84,36.4,97.2,0.8
114,36.3,95.1,12
99,36.6,99.6,4.5
84,36,99.3,0
84,36,90.7,5.8
82,36.8,97.1,8.4
84,37,95.8,15.6
85,36.5,91.5,14.5
78,36.4,99.5,0
94,36.5,95.5,9.2
80,36.6,99,2.84E-14
90,36.2,89.2,14.6
93,36.2,98.5,0
94,36.7,99.5,5.2
85,36.2,95.6,0.3
92,36.4,95.3,7
84,36.9,97.3,10.6
85,35.9,96.9,0
78,36.7,97.9,3.6
80,36.6,99.9,0
90,36.9,96.8,13.4
83,36.3,95.7,1.5
91,36.5,97.8,3.7
81,36.3,99.1,0
91,36.1,96.3,0
93,36.6,95.7,10.5
93,36.7,99.4,5.1
84,36.3,96.5,0.2
91,36.5,96,7.3
92,36.6,99.9,1.8
88,36.5,95.7,7
92,36.4,95.8,6
93,36.2,99.4,0
95,37,95.2,20.1
94,36.6,98.5,5.2
95,36.3,99.5,0
95,36.2,98,0
76,36.3,97.7,0
80,35.7,98.1,0
81,38.5,97.9,40.5
84,36.4,98.1,0
91,36.9,99.7,7.9
81,36.3,96,0.3
84,36.3,96.6,0
80,36.2,99.9,0
91,36.3,96.3,2.7
93,36.7,97.8,8.3
88,37.3,99,16.4
83,35.9,99.3,0
81,36.7,99.1,2.1
77,36.2,99.9,0
84,36,99.4,0
91,36.9,98.1,11.1
94,36.6,98,6.2
94,38.3,96.3,43.6
84,36.3,92.5,8.2
74,36.7,95.1,8
79,36.3,98.9,0
81,36.4,92.5,9.3
91,36.5,95.3,8.7
87,36.5,97.8,2.5
83,36,95.6,0
81,36.4,98.3,0
77,36.6,96.2,4.7
84,36.2,96,0
85,36.5,98.9,0
92,36.3,98.1,0
76,36.5,98,0
88,36.6,96.2,8
93,36.2,96.5,0.9
94,36.6,98.4,5.4
95,36.2,96.6,1.3
100,36.6,97.7,8.6
96,36.5,99.9,1
89,36.9,99.2,8.3
93,36.6,98.4,5.1
94,36.3,98.2,0
77,35.9,97.3,0
90,36.7,95,13
93,36.5,96,7.9
76,36.5,96.4,2
80,36.8,95.3,11.4
81,37.1,98.7,10.9
81,37,91.7,22.9
74,36.6,98.7,0
75,36.5,96.7,1.1
64,36.9,97.7,3.8
65,36.8,95.8,5.9
83,36.6,95.7,7.5
66,36.5,99.3,0
62,36.1,97.2,0
63,36.4,97.1,0
63,36.2,98.7,0
66,36.6,96.1,1.6
66,37,98.3,5.2
65,36.8,98.9,0
72,36.9,96.8,8
65,36.1,99.9,0
74,35.8,92.5,0
70,36.9,97.8,5.4
67,36.4,96,0
66,36.2,99,0
67,36.7,94.7,6.7
67,36.3,99,0
74,36.8,96.3,7.6
69,36.9,96.1,8.5
70,36.5,97.8,0
68,36.4,96.4,0
68,36.6,99.6,0
70,36.3,96,0
60,36.7,98.5,0
56,36.7,99.9,0
64,36.6,97.3,0
68,36.6,90.9,12.6
69,36.3,95.4,0
88,36.8,95.8,12.8
75,36.6,97.5,1.5
89,36.3,99.9,0
90,36.3,96.7,1.6
73,36.5,91.5,10.9
68,36.6,96.7,1
68,36.7,99.5,0
69,36.4,97,0
69,36.5,96.1,0.5
69,36.7,97.1,2.5
68,36.8,97.9,2.6
68,36.5,96.1,0.2
68,36.2,88.8,8.8
69,36.6,95.6,3.5
94,38.8,95.1,56
94,36.2,95.3,3.6
87,36.6,97.5,5.1
97,36.2,95,5.1
95,36.4,98.6,1.3
95,36.8,98,10.5
80,36.2,97.6,0
90,35.9,97.2,0
86,36.3,99.6,0
82,36.3,97.4,0
91,37,97.1,15.1
71,36.3,99.1,0
71,36.6,96.5,2.3
88,36.9,96.1,14.2
109,36.6,97.1,12.5
87,36.6,91.1,17.9
79,36.8,95,11.7
90,37.2,98.8,15.4
93,36.7,95.6,12.7
80,37,92.2,21.6
90,36.6,99.8,1.4
93,36.2,95.9,2.1
111,36.4,98.1,7.1
99,36.2,97.1,1.5
85,36.3,98.6,0
109,36.1,91.5,13.7
98,36.9,95.2,19
96,36.6,95.2,12.4
95,36.6,95.2,12.1
94,36.5,99.6,1
103,36.9,98.2,14.5
119,36.4,97.1,11.5
101,36.6,98.6,7.1
96,36.3,97.6,1.6
91,36.4,95.3,6.7
93,36.7,92.3,19.3
65,35.8,94.4,0
86,37.1,98,13.8
82,36.9,99.2,6.2
81,36.5,96.3,3.7
77,36.4,95.6,1.9
80,36.6,98.5,1
81,36.3,99.5,0
81,36.6,95.2,7.9
83,37.3,96.3,20.3
92,36.4,96.6,4.4
84,36.1,97.3,0
82,36.8,90.3,22
79,36.4,98,0
80,36.5,98.5,0
79,36.6,97.7,2.3
80,36.3,95.4,1.2
81,36.9,97.9,8.5
91,36.5,96.7,5.9
84,36.7,95.6,10
85,36.8,96.2,11.1
82,36.6,99.9,0
81,38.7,99,42.3
81,36.5,95.3,5.7
81,36.1,97.2,0
81,36.5,97.7,0.9
81,36.1,95.9,0
79,36.3,96,0
76,36.9,96.7,9.4
80,36.1,99.1,0
81,36,96.2,0
80,36.7,99.4,1.2
82,36.6,97.7,3.2
86,36.9,96.8,12.2
79,36.7,99.2,1.3
75,36.5,97.5,0
76,35.8,97.4,0
80,36.9,95.6,12.8
73,36.5,95.4,3.1
89,37,98,12.7
79,36.5,96.3,3.1
77,36.6,100,0
95,36.6,96.6,9.3
76,36.4,99.7,0
90,36.5,98.2,2.6
79,35.9,97.9,0
83,36.7,99.4,2.1
80,36.1,95.8,0
90,36.2,97.1,0
82,36.1,96.8,0
80,36.4,98,0
77,36.8,96.4,8.3
80,35.7,99.5,0
78,35.9,97.3,0
85,36.2,96.9,0
89,36.8,99.4,5.9
81,37.1,97.7,12.9
74,36.2,95.4,0
78,36.8,95.1,11.2
82,36.4,98,0
91,36.6,95,11.3
83,36.9,98.1,8.7
79,36.4,95.2,3.3
78,36.6,95.8,5.8
77,36.6,98.6,0
80,36.5,95.5,5
78,36.5,90.7,14
82,36.4,94.3,6
79,36.7,97.3,5.1
90,36.3,98.7,0
80,36.7,97.2,5.6
78,36.4,97.2,0
76,36.4,98.5,0
74,36.3,96.5,0
83,36.3,93.5,5.9
91,36,96.2,0
93,36.5,95.4,9.1
82,36.5,95.2,6.2
78,37.3,99.6,12.2
77,36.5,99.7,0
79,36.2,96.2,0
72,36.3,96.2,0
75,36.1,95.3,0
79,36.3,99.2,0
61,36.3,98.5,0
68,36.6,90.2,14
75,36.9,97,8.5
77,36.1,95.5,0
80,36.3,98.9,0
90,36.8,96.9,11.2
95,36.6,95.3,11.9
100,36.7,98.4,9.2
100,36.7,97,12
103,36.5,100,2.9
88,36.4,91,14.4
87,35.9,97.5,0
80,36,98.2,0
96,36.2,98.2,0
103,36.7,99.9,7.1
105,36.5,96.3,10.9
104,36.7,97.1,13
97,36.5,99.6,1.9
113,36.3,94.7,12.5
82,36.7,95.7,9.2
93,36.5,94.5,10.9
94,36.8,98.2,9.8
84,36.1,89.2,10.8
103,34.8,94.3,0
84,35.9,99.4,0
91,37.2,97.2,18.9
104,36.1,98.3,0
106,34.6,99.5,0
88,34.2,97.5,0
110,36.5,98.3,8.4
99,36.5,96.5,8.7
95,36.3,99.5,0
85,36.3,99.6,0
82,36.2,98.1,0
91,36.4,99.9,0
99,36.1,96.3,1.1
86,36.6,95.3,9.2
92,36.7,96,11.6
93,36.7,95.7,12.5
105,36.6,95.4,14.7
87,36.3,98.9,0
97,36.6,97.3,8.5
61,36.5,95.4,0
90,36.8,97.7,9.6
104,36.7,98.4,10.4
97,36.3,98.6,0
95,36.7,98.5,7.5
85,36.7,95,11.5
91,36.7,99.1,5.1
93,36.5,99.8,0.3
84,36.7,97.4,6.4
82,36.8,95.6,11.4
91,36.4,95.3,6.7
81,36.3,95.9,0.5
91,36.6,99.8,1.7
93,36.8,99.6,6.7
84,34.9,96.9,0
82,36.4,95.7,3.2
81,36.6,97.7,2.9
81,36.7,99.9,0.5
102,36.4,99.4,1.8
86,36.3,99.4,0
82,36.5,98.2,0.2
81,36.5,96,4.3
71,36.2,95.3,0
76,36.8,99.3,2.2
80,36.5,95.6,4.8
88,36.7,94.2,14
84,36.6,95.7,7.8
92,36.2,97.9,0
92,36.8,98,9.6
84,36.8,96.6,10
81,37,97.2,11.9
74,36.1,91.5,3.2
77,36.3,97.2,0
89,37,99.9,8.9
83,36.9,98.3,8.3
92,36.7,98,7.6
96,36.7,96.5,11.8
85,36.4,96,3.5
78,36.5,98,0
90,36.5,95.4,8.2
83,36.2,97.6,0
74,36.5,97.2,0
71,37,97.7,7.9
71,36.7,91.7,13.9
79,36.8,96,9.7
89,35.9,99.7,0
84,35.7,97.6,0
83,36.6,96.5,5.9
79,36.3,98.9,0
80,36.8,96.3,9.4
81,36.5,99,0
85,36,96.3,0
78,36.8,99.9,1.6
80,36.6,97.8,2.4
86,36.2,99.1,0
92,36.9,96.5,14.6
99,36.3,98.5,0.7
106,36.1,98.5,0
103,36.8,98.4,12.1
99,36.7,97.3,11.1
90,36.5,99.9,0
99,36.2,99.7,0
78,36.5,97,1.4
78,36.6,96.3,4.8
73,36.3,98.5,0
89,36.4,95.8,5.1
79,36.3,99.1,0
79,36.6,98.9,0
78,36.1,96.2,0
78,36.9,95.6,12.2
71,36.4,96.7,0
74,36.7,95.1,8
83,36.6,97.4,4.1
74,36.3,95.6,0
75,36.1,99.7,0
72,36.6,97.6,0.4
88,36.5,96.9,4.6
92,37,98.8,12
84,36.1,99.1,0
91,36.3,99.7,0
84,36.9,92.4,20.4
91,36.5,97.4,4.5
87,36.7,95.3,11.5
97,36.3,97,3.1
96,36.7,91.6,21.6
95,36.3,99.5,0
100,36.5,98,6
96,35.8,99.4,0
94,36.3,96.2,3.8
87,36.6,99.3,1.5
91,36.5,96.1,7.1
79,36.9,97.5,8.7
78,36.7,98.9,1.6
90,36.4,98,1
81,36,99.8,0
84,36.9,99.4,6.4
91,36.7,95.3,12.7
87,36.4,97.8,0.5
81,36.5,95.1,6.1
79,36.6,96,5.7
80,37.1,97.1,13.8
84,36.5,98.4,0.4
86,36.6,97.8,4.2
81,36.8,97.5,7.3
102,36.3,97.4,3.8
115,36.1,97.3,3.9
101,36.4,98.1,4.1
106,36.1,99.5,0
102,36.4,99.4,1.8
81,36.3,98,0
81,36.4,98,0
95,36.6,98.1,6.3
103,36.7,98.8,9.3
107,36,90.3,13.5
81,36.5,90.9,14.5
90,36.4,95.6,5.8
94,36.9,96.2,15.8
82,36.5,98.3,5.33E-15
81,36.7,96.8,6.7
77,36.1,95.7,0
90,36.6,99,3
82,36.7,96.7,7.2
85,36.2,98.5,0
82,36.6,97.8,3
91,36.7,95.4,12.5
93,36.5,99.1,1.7
84,36.5,97.4,2.4
82,36.2,97.9,0
91,36.7,97.2,8.9
80,36.6,97.2,3.6
90,35.5,96,0
94,36.2,98.6,0
91,36.5,98.8,1.7
84,36.9,98.8,7.6
91,36.3,96.8,1.7
84,36.7,97.4,6.4
91,37,95.5,18.3
80,36.6,96.2,5.6
89,36.4,97,2.7
82,36.5,96.1,4.4
90,37.3,96.2,22.6
83,38,100,26.9
95,35.8,97.5,0
95,36,99.3,0
78,36.3,97.9,0
73,36.6,95.7,4.5
88,36.6,97.8,4.8
87,37,95.7,16.7
82,36.1,96.6,0
81,36.3,93.3,5.7
91,36.8,96.2,12.9
75,36.8,96.4,7.7
81,36.4,97.6,0
86,36.4,96.5,2.8
92,36.6,97.3,7
82,36.6,95.1,8.4
80,36.6,95.9,6.2
81,36.3,96.1,0.1
100,36.5,96.9,8.2
90,36.7,97.7,7.6
93,37.2,99.5,14.9
77,36.9,96.3,10.5
78,36.3,96.7,0
80,36.8,96.6,8.8
84,36,96.3,0
85,36.5,96.2,5.1
86,36.2,99.4,0
85,37.2,98.6,14.3
85,36.3,98.9,0
92,36.5,98.6,2.4
84,36.6,98.4,2.4
82,36.4,99.7,0
80,36.4,99.1,0
85,36.2,98.8,0
80,36.2,97.2,0
84,36.5,95.4,6.4
84,36.6,98,3.2
80,36.2,97.7,0
81,36.2,95.1,0.1
79,36.6,99.4,0
84,36.3,95.8,1.6
79,36.4,99.9,0
80,36.9,97.8,8.4
79,36.9,95.6,12.5
78,36.7,95.7,8
76,36.5,98.4,0
75,36.2,95.9,0
83,36.7,98.2,4.5
84,36.7,95.4,10.4
80,36.2,92.5,5
84,36.5,97.6,2
80,36,98.8,0
77,36.6,98.6,0
77,36.9,99.1,4.9
95,36.6,98.3,5.9
77,36.5,97,1.1
84,36.2,98.6,0
81,36.5,99,0
82,36,96.3,0
79,36.5,98.7,0
84,36.4,99.4,0
80,36.8,99.6,2.8
77,36.6,97.2,2.7
73,36.5,96.1,1.7
75,36.8,98.9,2.7
77,36.7,96.1,6.9
78,36.7,95.9,7.6
77,36.7,99.3,0.5
78,36.4,99.6,0
77,36.9,98.8,5.5
78,36.5,95.1,5.2
80,36.3,97.2,0
79,36.7,98,3.7
94,36.4,96.7,4.8
81,36.6,99.6,0
74,36.5,98,0
84,37.1,99.4,10.4
78,36.7,98.7,2
79,36.7,96.2,7.3
95,36.2,97,0.5
99,36.2,86.6,22.5
86,36.5,96.8,4.2
82,36.2,99.1,0
91,36.7,98.8,5.7
84,36.3,98.5,0
91,36.7,96.2,10.9
87,36.7,98.8,4.5
81,34.6,95.6,0
91,36.5,96.9,5.5
87,36.3,95,4.1
92,36.7,95.6,12.4
94,36.3,97.7,0.8
94,36.3,99.6,0
88,36.4,95.9,4.6
86,36.7,96.3,9.2
92,36.8,99.2,7.2
94,36.5,96.9,6.4
100,36.6,95.3,13.4
89,36.3,95,4.7
115,36.8,95.8,20.9
117,37,97.5,22.1
91,36.7,96.1,11.1
94,36.5,95.1,10
105,36.7,95.4,16.7
98,36.4,96.9,5.6
95,36.6,97.3,7.9
117,36,96.7,3.7
101,36.8,98.9,10.5
96,36.5,97.5,5.8
117,36.6,98.5,12.1
100,36.7,99,8
96,36.7,99.7,5.4
117,36.5,98.3,10.5
91,36.4,96.3,4.7
94,36.5,97.3,5.6
87,36.5,95.2,7.7
93,36.7,95.6,12.7
60,36.2,96.2,0
86,36.7,95.2,11.4
82,36.1,98.9,0
57,36.5,94.5,0.1
62,36.6,97.2,0
57,35.9,98.3,0
67,36.6,95.8,2.5
53,36.5,96,0
54,36.4,97.1,0
60,36.3,98.5,0
62,36.7,99.4,0
69,36.6,95.8,3.1
53,36.3,98.2,0
49,36.5,98.5,0
59,36.6,96.4,0
68,36.3,99.5,0
78,36.7,97,5.4
68,36.5,96.1,0.2
77,36.4,96.2,0.7
84,36.4,98,0
82,36.8,99,4.6
81,36,96.7,0
171,36.4,97.3,26.7
104,36,99.7,0
87,36.4,98.3,0
86,36.3,97,0
92,36.2,95.1,3.4
84,36.6,97.4,4.4
91,35.9,99.9,0
70,35.9,99.2,0
90,36.2,99.8,0
81,34.9,96,0
80,36,100,0
78,36.1,97.2,0
78,36,95.5,0
75,36.3,98.6,0
76,36.8,99.1,2.6
92,36.3,98.1,0
92,36.5,95.1,9.4
71,36.4,97.2,0
54,36.7,97.7,0
83,36.4,98.5,0
94,36.4,98.2,1.8
88,36.3,99.1,0
84,36.7,98.6,4
83,36.3,96.8,0
85,36.5,97.8,1.9
91,36.6,97.4,6.5
87,35.6,99.3,0
80,34.6,94.6,0
89,36.6,95.7,9.3
81,36.3,99.4,0
85,36.7,99.5,2.5
79,36.1,99.6,0
84,36.5,95.3,6.6
91,38.4,99.1,39.1
84,36.6,92.1,15
84,36.9,98.3,8.6
69,36.4,95.3,0.1
71,37,97.6,8.1
66,36.5,99.7,0
53,36.7,96.6,0
71,36.4,99.4,0
59,36.3,98.5,0
86,36.7,98.5,4.8
92,36.4,98.7,0.2
82,36.4,95.6,3.4
74,36.6,96.2,3.8
89,36.4,98.6,0
93,36.2,98.9,0
72,36.6,98.1,0
66,36.5,97.2,0
87,36.4,98.5,0
92,36.7,99.4,4.8
77,36.3,95.8,0
89,36.6,99.3,2.1
71,36.2,95.9,0
78,36.9,97.2,9
68,36.2,95.2,0
70,36.2,96.6,0
54,36.9,99.8,0
83,36.9,99.3,6.3
91,36.7,85.6,32.1
84,36.5,98.8,0
91,36.2,97.8,0
83,36.2,97.7,0
57,36.9,99.3,0
78,36.4,97.5,0
79,36.3,98.4,0
84,34,93.5,0
58,36.8,94.8,5.8
67,36.3,95,0
76,36.2,96.3,0
67,36.2,97.8,0
53,36.2,90.8,0.3
72,36.9,99.5,2.6
82,36.9,98.7,7.2
69,36.4,95.3,0.1
77,36.5,97.5,0.1
56,36.6,96.6,0
91,36.4,95.5,6.3
71,36.5,95.2,2.9
78,36.5,97.3,0.8
73,36.4,97.5,0
55,36.3,88.5,7.5
50,36,99.8,0
73,36.9,96.1,9.7
66,36.7,97.7,0.4
75,36.6,95.4,5.7
79,36.7,97.5,4.7
91,36.7,96.7,9.9
71,36.4,97,0
66,36.4,96.6,0
58,36.3,97.5,0
75,37.2,98.5,11.5
75,36.4,95.2,2.1
67,37,96.8,8.5
77,36.4,95.2,2.7
80,36.7,95.3,9.4
68,36.5,97.5,0
78,36.7,99.6,0.2
76,36.9,99.7,3.4
89,36.4,94.2,8.3
83,36.3,96.4,0.1
85,36.7,99.8,1.9
78,36.6,98.1,1.2
90,36.1,97.7,0
83,36.4,92.1,10.7
81,36.4,96.7,0.9
81,36.5,98.6,0
81,36.8,98.1,6.1
52,36.7,95.8,6.26E-14
73,36.7,96.7,4.5
78,36.8,99.5,2.4
80,35.9,98.6,0
82,36.8,97.1,8.4
84,37,96,15.2
82,38.6,97.9,42.8
91,35.9,98.4,0
88,36.4,96.5,3.4
93,36.1,98,0
84,36.9,97.5,10.2
97,36.4,99.4,0.3
95,36.3,96.7,3.1
94,36.6,96.9,8.4
82,36.5,97.2,2.2
94,36.4,95.6,7
99,36.7,96.5,12.7
95,36.3,98.6,0
94,36.5,98.3,3.6
94,36.7,95,14.2
72,36.8,93.9,11.8
89,37,98.2,12.3
93,36.4,99.6,0
77,35.7,96,0
89,36.4,98.9,0
87,37.1,95.2,19.7
63,36.1,96.5,0
94,36.5,97.7,4.8
95,36.4,96.3,5.9
94,36,96.5,0
82,36.2,98.8,0
91,36.4,95.3,6.7
84,36.6,98,3.2
91,36.1,99.8,0
84,36.6,96,7.2
90,36.6,94.8,11.4
76,36.6,92.8,11.2
80,36.6,99,2.84E-14
90,36.7,96.9,9.2
59,36.6,98.8,0
73,37.1,100,5.9
77,36.5,97.3,0.5
78,36.6,97.1,3.2
90,36.6,95.9,9.2
87,36.2,97.1,0
83,36.1,96.3,0
85,36.6,95.6,8.3
82,36.5,95.8,5
81,36.3,97.6,0
81,36,97.5,0
85,36.8,98.5,6.5
81,36.8,99.8,2.7
79,36.3,99.6,0
90,36.7,95.6,11.8
79,36.3,98.7,0
80,36.6,96.2,5.6
79,36.7,96.2,7.3
84,36.3,96.5,0.2
91,36.3,99.5,0
80,36.5,99.2,0
81,36.2,99.9,0
85,36.5,91.2,15.1
79,36.2,98.7,0
84,36.1,97.5,0
82,36.6,97.6,3.4
91,35.9,97.8,0
87,36.4,98.6,0
103,36.4,96.5,7.9
82,35.6,95.5,0
78,36.4,95.7,2
90,36.1,97.4,0
93,36.5,95.1,9.7
84,36.6,99.2,0.8
82,36.4,95.5,3.6
77,36.7,95.1,8.9
84,36.2,97.2,0
97,36.9,95.7,17.7
106,36.4,96.8,8.2
97,36.8,93.3,20.5
78,36.2,95,0
99,37.1,96,21.7
96,36.1,96.7,0
95,36.1,91.2,10.1
94,36.1,96.1,3.91E-14
80,36.7,99.6,0.8
91,36.6,96.7,7.9
65,36.8,98.1,1.3
74,36.1,98.3,0
79,36.8,92.8,16.1
90,36.4,96.2,4.6
87,36.5,96.3,5.5
86,36.5,99.5,0
75,37.2,99.9,8.7
83,36.8,99.8,3.3
91,36.2,96,1.3
87,36.4,98.6,0
79,36.7,99.1,1.5
90,36.3,96.6,1.8
75,36.6,99.7,0
90,34.6,97.7,0
86,36.6,98.3,3.2
86,36.1,99.8,0
86,36.6,97.7,4.4
82,36.4,98.4,0
81,36.6,99.1,0.1
74,36.5,93.9,6.4
92,36.4,95.8,6
84,36.3,95.3,2.6
91,35.8,96.6,0
81,36.3,97.1,0
81,36.5,97.6,1.1
80,36.5,96.6,2.8
90,37.1,99.5,12
93,36.6,95.3,11.3
88,36.9,97.6,11.2
82,36.8,95.2,12.2
97,36.4,97.8,3.5
95,36.8,98.8,8.9
88,36.5,91.4,15.6
83,36.9,95.5,13.9
89,37.1,97.2,16.3
84,36.7,99.4,2.4
80,36.5,97,2
91,36.7,98.7,5.9
84,36.6,99.9,0
81,36.3,99.6,0
86,36.8,97.8,8.2
92,36.7,98.7,6.2
82,37,96.5,13.6
81,36.1,98.5,0
81,36.7,97,6.3
74,36.6,98.8,0
72,36.5,100,0
71,36.5,97.2,0
66,36.4,97.4,0
70,36,95.6,0
65,36.5,98.1,0
69,36.7,99.7,0
67,35.9,99.4,0
64,36.2,97.7,0
69,36.1,99.2,0
71,36.5,95.4,2.5
66,36.1,96.1,0
73,36.6,95.4,5.1
88,36.4,98.8,0
79,36.3,99.3,0
73,37,99.9,4.1
66,36.5,99.1,0
64,36.8,96,5.2
66,36.1,94.9,0
67,36.5,96.2,0
64,36.9,93.3,12.6
66,36.5,98.4,0
62,36.8,99.8,0
65,36.5,95.4,0.7
60,36.7,96.2,1.6
62,36.6,95.5,1.6
65,36.4,96.1,0
65,36.5,99,0
64,36.3,96.6,0
68,36.5,97.7,0
70,36.5,100,0
61,36.6,96,0.3
63,36.3,95.4,0
72,36.9,98.9,3.8
88,36.5,99.6,0
71,36.3,95.7,0
65,36.4,97,0
65,36.3,95.2,0
62,37,99.7,1.2
63,36.3,90.3,6.3
64,36.9,99.7,0
64,36.5,99,0
65,36.4,99.1,0
63,36.5,95.7,0
62,36.1,96,0
60,36.2,97.1,0
63,36.8,93.2,10.5
60,36.9,99.2,0
62,36.4,98.8,0
61,36.6,96.9,0
73,36.9,98.4,5.1
66,36.1,98,0
68,36.9,99.1,2.2
61,36.3,99.7,0
72,36.8,98.5,2.6
76,36.6,96.5,3.8
69,36.7,98.6,0
65,36.5,96.1,0
60,36.7,96.2,1.6
71,36.2,98.6,0
71,36.6,94.4,6.5
67,36.3,97,0
68,36.2,95.6,0
70,36.5,97,0
82,36.8,96.3,10
91,36.5,95.4,8.5
87,36.2,95.8,0.5
79,36.3,99.1,0
77,36.6,99.2,0
89,35.9,98.5,0
93,36.3,95,5.9
84,36.4,96.8,1.6
82,36.3,99.5,0
92,36.5,99,1.6
111,36.5,97.3,10.7
89,36,95.7,0
83,36.4,96.3,2.3
91,36.1,99.8,0
57,36.1,92.5,0
75,37,96.3,11.9
80,36.6,97.7,2.6
81,37.1,94.5,19.3
90,36.5,97.9,3.2
93,36,95.7,0
87,36.4,100,0
83,36.9,99.4,6.1
92,36.4,97.6,2.4
93,36.3,96.1,3.7
94,36.3,87.5,21.2
88,36.4,99.5,0
92,35.9,95.5,0
80,37.2,98,14
81,36.9,95.4,13.5
81,36.3,95.9,0.5
79,36.5,98.7,0
90,36.1,96.2,0
83,36.6,97,4.9
82,36.5,99.6,0
74,36.4,96.7,0
89,36.6,96,8.7
86,36.5,96.6,4.6
79,36.7,95.5,8.7
90,36.1,98.9,0
79,36.3,95,1.7
84,36.2,95.6,6.75E-14
91,36.4,95.1,7.1
93,36.7,96,11.9
84,36.8,97.8,7.6
91,36.8,97.2,10.9
93,36.2,98.2,0
84,36.1,96.5,0
82,36.4,96.9,0.8
79,36.4,95.3,3.1
90,37.1,99,13
87,37.2,95.1,21.9
92,36.2,97.6,0
94,36.5,96.4,7.4
84,36.2,95.4,0.4
77,36.8,97,7.1
90,36.8,95.8,13.4
87,36.8,98.2,7.7
92,36.8,97,11.6
60,36.6,98.5,0
76,36.2,98.6,0
94,36.4,98.3,1.6
81,36.5,96.2,3.9
90,36.5,98.6,1.8
83,36.3,96.2,0.5
81,36.3,98.2,0
91,35.8,97.7,0
94,36.6,97,8.2
81,36,98.4,0
85,35.9,98.8,0
82,36.6,98.3,2
91,36.6,98.3,4.7
83,35.8,96.3,0
62,37,100,0.6
72,36.8,98.1,3.4
71,36.9,95.3,10.7
78,36.3,95.8,0
90,36.5,95.8,7.4
76,36.4,95.8,1.2
90,36.7,99.7,3.6
79,36.5,97.9,0
77,36.7,95.1,8.9
84,36.4,99,0
78,36.6,95.2,7
90,36.7,96.7,9.6
87,36.2,96.4,0
80,36.7,96.8,6.4
81,35.9,96.7,0
91,35.9,97.1,0
93,36.2,97,0
93,36.4,95.8,6.3
84,36.3,96.8,0
58,36.9,99.9,0
75,36.5,96.5,1.5
79,36.7,99,1.7
91,36.5,95.6,8.1
87,36.4,94.2,7.7
83,36.6,97.7,3.5
77,36.3,95.4,0.3
84,36.8,95.6,12
79,36.1,89.9,7.9
90,36.2,97,0
83,36.3,98.9,0
85,36.7,95.6,10.3
82,36.4,98.1,0
74,36.2,96.9,0
83,36.7,98.5,3.9
85,36.8,97.3,8.9
78,37,96.5,12.4
76,36.5,100,0
75,36.7,99.8,0
79,36.3,95.7,0.3
73,36,97.8,0
89,36.9,98.4,9.9
110,36.6,98.8,9.4
92,36.4,98.9,0
84,36.6,99.3,0.6
82,36.7,98.5,3.6
79,36.3,96.4,0
68,36.5,99.5,0
53,36.1,97.2,0
83,36.4,95,4.9
77,36.5,95,5.1
90,36.8,98.5,8
94,36.3,97.1,2
84,36.4,96.3,2.6
91,35.6,98.4,0
87,36.4,99.2,0
92,36.6,98.7,4.2
93,36.5,96.7,6.5
94,36.3,91.3,13.6
83,36.3,96.6,0
80,36.6,99.6,0
91,36.6,98.8,3.7
87,36.8,97.7,8.7
81,36.1,97.9,0
85,36.3,91.3,10.9
78,36.8,97.1,7.2
73,36.4,96.8,0
66,36.1,90.3,3.2
58,36.5,95.8,0
78,36.1,98.6,0
90,37,96.8,15.4
93,37.4,97.7,22.5
88,36,97.6,0
86,36.7,97.9,6
92,36,97.8,0
93,36.6,96.2,9.5
83,36.3,90.9,11.1
77,36.1,99.4,0
84,36.3,98,0
91,35.7,98.8,0
94,36.3,99.4,0
88,36.3,96.4,1.6
78,36.7,99.2,1
73,36.8,96,7.9
75,36.1,97.2,0
89,36.6,99.3,2.1
76,36.1,98.3,0
72,36.5,96.9,0
76,36.4,95.8,1.2
67,36.4,98.9,0
70,36.7,96.7,3.6
87,37,97,14.1
75,36.2,94.2,0.1
72,36.6,97.2,1.2
69,36.4,97.7,0
70,36.7,96.3,4.4
65,36.4,98,0
63,36.9,96.3,6.3
68,36.5,97.2,0
70,36.7,95.9,5.2
82,36,96.3,0
91,36,96,0
76,36,96.5,0
55,36.1,99.5,0
62,36.8,97,2.6
85,36.4,97.1,1.3
75,36.7,97,4.5
77,35.8,97.3,0
73,37,96,11.9
71,37.1,97.3,10.7
71,36.5,95.7,1.9
76,36,98,0
89,35.8,98.3,0
76,34.9,95.4,0
77,37,96.8,11.5
89,36.4,96.8,3.1
83,37,96.7,13.5
81,36,98,0
102,36.6,96.3,12
96,36.6,96.5,9.8
81,35.9,96.3,0
106,36.6,94.4,17
107,36.5,97.8,8.5
107,36.3,96,8.1
103,36.7,97.2,12.5
85,35.9,96.9,0
80,36.6,96.7,4.6
100,36.8,92.2,23.6
91,36.4,95.3,6.7
84,36.4,98.4,0
91,36.5,97.9,3.5
93,36.3,95.6,4.7
94,36.7,96.7,10.8
88,36.8,99.6,5.2
81,36.8,99.6,3.1
89,36.4,96.1,4.5
93,36,91.9,6.1
84,36.6,97,5.2
82,36.5,99.2,0
91,36.5,98.7,1.9
82,36.4,88.8,17
81,36.9,95.3,13.7
91,37.1,98.9,13.5
84,36.6,95.4,8.4
91,36.7,97.7,7.9
84,37,99.4,8.4
82,36.3,96.9,0
81,36.7,99.1,2.1
91,36.8,96.4,12.5
80,36.4,96.3,1.4
73,36.7,96,5.9
89,37.1,99.9,10.9
83,36.3,99.7,0
85,36.4,98.6,0
82,36.7,92,16.6
85,36.4,97.7,0.1
82,36.3,99.9,0
81,36.4,96.5,1.3
91,36.4,95.2,6.9
99,36.6,98.2,7.3
86,36.7,97.1,7.6
103,36.8,96.4,16.1
87,36.4,98,0.1
83,36.4,99,0
81,36.6,100,0
91,36,98.6,0
84,36.6,99.7,0
78,37.2,99.9,9.6
96,36.7,94.6,15.6
94,36.3,98.4,0
112,36.3,90.7,20.2
82,36.7,97.2,6.2
91,36.2,98,0
92,36.4,98.1,1.4
111,36.2,95.7,7.9
89,37.1,99.6,11.5
98,36.4,98.1,3.2
83,35.9,95.8,0
85,36.1,97.6,0
86,36.6,95.6,8.6
86,37.2,99.9,12
86,36.8,98.4,7
86,36.6,94.4,11
79,36.7,95.7,8.3
90,35.8,98.7,0
83,36.5,96.1,4.7
92,36.5,96.6,6.4
84,36.9,98.6,8
82,36.8,96.5,9.6
81,36.4,99.9,0
80,36.7,98.3,3.4
91,36.6,91.8,17.7
84,36.7,91.5,18.2
100,36.3,98.4,1.2
96,36.7,99.4,6
85,35.8,95,0
81,36.3,95,2.3
90,36.8,96.4,12.2
93,36.8,95.2,15.5
94,36.7,96.7,10.8
84,36.3,92,9.2
82,37,95.8,15
81,36.5,96.5,3.3
77,36.4,99.9,0
89,36.9,98.9,8.9
76,36.8,95.2,10.4
80,36,96.2,0
90,36.9,97.5,12
93,36.7,98.6,6.7
94,36.8,99.8,6.6
112,36.4,95.8,12
99,36.8,96.7,14.3
61,36.7,95.4,3.5
85,36.6,98.6,2.3
98,36.7,97,11.4
78,36.6,98.5,0.4
90,36.8,97.8,9.4
93,37,98.2,13.5
94,36.5,97.3,5.6
111,36.7,95.6,18.1
110,36.9,97.4,18.2
99,36.8,98.4,10.9
95,36.5,98.1,4.3
105,36,99,0
108,36.4,97,8.4
98,36.6,97.4,8.6
89,36.4,99.4,0
93,36.5,99.1,1.7
94,36.7,97.9,8.4
80,37,95.6,14.8
90,36.9,96.2,14.6
87,36.7,97.4,7.3
86,36.1,96.7,0
92,36.2,99.1,0
93,36.3,99.8,0
94,37.2,95.4,23.4
77,35.8,99.9,0
80,36.7,98,4
109,37.1,99.2,18.3
88,36.5,97.1,4.2
79,36.6,94.6,8.5
81,35.9,97.6,0
75,36.6,96.8,2.9
93,36.3,96.9,2.1
92,36.6,99.7,2.2
94,36.4,97.2,3.8
94,36.2,96.4,1.4
81,37,98.6,9.1
77,36.5,98.5,0
93,36.5,100,0
87,36.4,87.6,20.9
91,36.7,97.8,7.7
93,36.9,98.9,10.1
87,37,96.4,15.3
80,36.7,94.6,10.8
85,36,97.1,0
92,36.1,99.7,0
84,36.1,96.5,0
82,36.6,96.5,5.6
85,36.8,96.9,9.7
78,36.2,98.5,0
80,36.6,99.3,0
81,36.6,95.4,7.5
91,36.1,95.3,0.7
65,36,96.3,0
80,36.1,97.4,0
79,36.6,96.4,4.9
101,36.9,95.4,19.5
82,36.3,97.3,0
74,37.1,99.4,7.4
89,36.6,96.6,7.5
79,36.6,99.3,0
90,36.7,95.2,12.6
93,36.5,95.5,8.9
94,36.9,95.3,17.6
60,36.8,96,4
71,36.4,98.4,0
82,36.1,97.2,0
74,36.7,95.6,7
89,36.5,98.2,2.3
76,36.7,96.5,5.8
72,36.5,99.4,0
86,36.3,99.9,0
79,37.1,96.5,14.7
91,36.4,87.6,22.1
76,36.5,96,2.8
80,36.3,94.8,2.4
78,36.4,97.4,0
73,36.2,95.8,0
75,36,96.5,0
79,36,97.2,0
80,36,97,0
77,36.8,99.1,2.9
98,36.5,96.7,8
78,36,96.3,0
68,35.9,95.8,0
78,36.8,99.1,3.2
61,36.4,98.6,0
85,36.4,97.6,0.3
74,36,97.3,0
79,36.8,99.3,3.1
90,36.8,96.2,12.6
87,36.5,97.8,2.5
83,36.5,95.5,5.9
81,37,95.1,16.1
91,36.5,96.5,6.3
81,36,95.9,0
74,36.7,95.5,7.2
79,36.5,97,1.7
80,36.9,99.9,4.2
113,36.9,98,17.9
87,36.6,99.5,1.1
83,36.4,97.7,0
79,36.2,95.6,0
113,37.1,94.2,29.5
89,37.1,95.3,20.1
93,36.4,98.4,1.1
94,36.6,96.1,10
55,37.3,99.6,5.3
84,36.4,95.5,4.2
57,35.9,99.3,0
74,36.8,99,2.2
79,36.8,96,9.7
91,36.8,97.2,10.9
80,36.9,96.5,11
84,37,96.3,14.6
82,36.7,99.3,2
85,36.5,97.2,3.1
78,36.1,96.5,0
84,37,97.6,12
82,36.4,96.1,2.4
79,36.8,98.3,5.1
76,36.6,95.6,5.6
89,36.6,99.7,1.3
76,36.8,97.2,6.4
83,36.5,97,2.9
78,35.4,96.1,0
71,36.5,97.7,0
71,34.5,97.8,0
71,36.5,98.7,0
88,36.2,99.2,0
75,36.9,96.1,10.3
72,36.6,97.3,1
79,36.4,95.1,3.5
84,36.4,89.7,15.8
78,36.4,96.4,0.6
80,36.4,99.2,0
79,36.5,96.7,2.3
83,36.4,99.9,0
80,36.6,97.8,2.4
79,36.5,95.2,5.3
82,36.4,98.8,0
80,36.4,96.5,1
79,36.8,95.6,10.5
78,36.4,96.4,0.6
84,36.3,96.3,0.6
80,36.1,99.7,0
79,37.3,99.7,12.3
83,37,96.7,13.5
80,36.3,99.9,0
84,36.7,97.2,6.8
85,36.5,98,1.5
80,35.9,98.5,0
84,36.4,97.3,0.6
91,36.7,97.3,8.7
91,36.4,99.9,0
81,36,95.3,0
79,36.9,98.5,6.7
84,36.4,96.8,1.6
84,36.3,98.1,0
77,36.9,99.5,4.1
77,36.7,98.5,2.1
78,36.6,96,5.4
84,36.5,97.4,2.4
80,36.4,98.1,0
73,36.6,96,3.9
79,36.2,97.7,0
73,36.7,97,3.9
72,36.2,97,0
71,36.2,97.7,0
75,36.8,95.1,10.3
89,36.5,96,6.7
93,36.7,95.4,13.1
94,36.5,97.5,5.2
84,36.7,99.7,1.8
82,36.8,96.2,10.2
85,36.2,96.7,0
75,36.1,99.4,0
83,36.6,96.7,5.5
85,37,99.6,8.3
80,36.8,96.4,9.2
76,36.6,99.4,0
78,36.7,99.8,0
84,36.4,99.1,0
80,36.3,93.3,5.4
90,38.9,96.9,53.2
76,36.3,97.2,0
75,36,96.1,0
89,36.9,96.2,14.3
87,36.5,97.1,3.9
92,36.8,99.1,7.4
88,36.3,97.8,0
81,36.5,97.3,1.7
79,36.8,99,3.7
84,36.7,96.3,8.6
85,36.3,95.1,3.3
92,36.4,97.2,3.2
84,37.1,96.1,17
91,36.8,96,13.3
87,35.9,97.1,0
92,36,92.3,5
94,36.7,95,14.2
84,36.5,96.8,3.6
85,36.4,99.5,0
81,36.9,97.1,10.1
80,36.5,97.2,1.6
81,36.3,95.8,0.7
81,36.2,94.4,1.5
81,37.2,97.2,15.9
91,36.4,96.8,3.7
84,34.1,98.6,0
82,36.5,97.7,1.2
77,36.8,96.7,7.7
79,36.8,97.2,7.3
84,36.4,95.9,3.4
85,36.3,96.5,0.5
92,36.5,96.1,7.4
94,37,99.6,11
81,36.4,97.6,0
79,36.7,97.8,4.1
84,36.4,98.8,0
82,36.2,96.8,0
81,36.7,94.3,11.7
81,36.8,97.3,7.7
91,36.5,95.8,7.7
93,36.3,96.3,3.3
94,36.4,95.2,7.8
72,36.5,99.4,0
78,36,98.7,0
90,36.5,95.7,7.6
83,36.5,99.9,0
81,36.9,97,10.3
81,36.1,99.1,0
77,36,96,0
95,36.8,96.9,12.7
94,37.4,97.4,23.4
85,36.8,99,5.5
80,36.9,96.7,10.6
85,36.7,98,5.5
80,36,98.2,0
81,36.2,95.2,0
85,36.2,99.9,0
97,36.5,95.8,9.5
84,37,96.8,13.6
97,36.4,97.8,3.5
95,36.6,97.1,8.3
79,36.9,96.7,10.3
90,36.7,95.8,11.4
80,35.7,95.3,0
84,36.7,90.4,20.4
82,36.8,98.6,5.4
81,36.5,98.2,0
91,36.6,99.8,1.7
104,36.3,96.8,5.6
82,36,99.9,0
74,36.9,94.2,13.8
79,36.3,98.6,0
99,36.6,94,15.7
86,36.6,98.2,3.4
81,36,95.7,0
81,36.1,98.1,0
81,36.3,99.7,0
77,36.5,99.1,0
84,36.8,99.4,4.4
77,36.7,97.5,4.1
98,36.5,94,13.4
82,36.8,99.5,3.6
85,36.5,98.7,0.1
82,36.5,99.3,0
97,36.6,98.6,5.9
85,38.1,98.2,33.1
85,36.9,95.3,14.9
86,36.5,98.7,0.4
82,36.6,98.3,2
102,36.3,97.4,3.8
96,36.4,98.8,1.2
95,37,95.5,19.5
83,36.7,95.4,10.1
82,36.8,98.2,6.2
79,36.3,99.5,0
78,34.6,95.6,0
113,34.5,97.4,0
89,36.2,99.4,0
83,36.5,94.2,8.5
100,36.2,99.3,0
67,36.7,96.4,3.3
81,36.7,97.1,6.1
78,35.7,99.5,0
72,36.8,98.9,1.8
68,36,99.4,0
70,36.7,99.8,0
65,36.5,98.3,0
77,36.6,99.4,0
67,36.4,96,0
73,36.6,90.9,14.1
77,36.7,96.1,6.9
72,37.1,99.9,5.8
66,36.4,96.3,0
81,36.2,99.4,0
71,36.3,97.6,0
65,36.4,98.4,0
66,36.5,96.5,0
65,36.5,99.8,0
61,36,98.5,0
68,36.6,99.5,0
70,36.6,94.4,6.2
71,36.1,95.8,0
69,37.2,97.6,11.5
70,36.6,95.8,3.4
68,36.9,95.3,9.8
70,36,96.8,0
67,36.2,98.6,0
70,36.8,97.9,3.2
76,36.4,97.4,0
69,36.7,97.5,1.7
65,36.1,97.2,0
70,37,99.3,4.4
71,37,98.5,6.3
65,36.6,98.9,0
69,36.7,96.7,3.3
76,38.1,99.6,27.6
83,37,95.3,16.3
74,36,96.4,0
72,36.5,85.7,22.2
82,36.3,99,0
91,36.1,98.4,0
84,35.8,95.3,0
82,36.5,97.8,1
78,36.5,95.4,4.6
90,36.9,90.3,26.4
76,36.7,99.7,0
89,36.7,99.3,4.1
83,36.4,95.6,3.7
92,36.9,96,15.6
84,36.3,98.4,0
91,36.4,98.6,0.1
93,36.8,99.5,6.9
82,36.7,96.7,7.2
80,36.4,95.1,3.8
90,37.1,96.8,17.4
83,36.3,95.5,1.9
82,36.4,99.6,0
79,36.2,99.9,0
78,36.5,97.5,0.4
79,36.1,95.5,0
73,37.2,96.1,15.7
75,36.9,98.8,4.9
89,36.8,97.3,10.1
87,36,96.7,0
83,36.3,98.6,0
109,36.3,91.5,17.7
88,35,98.8,0
79,36,98.6,0
83,36.9,95.9,13.1
74,36.2,97.6,0
89,36.5,97.4,3.9
83,36.5,95.6,5.7
92,36.7,96.6,10.4
93,35.6,97.5,0
84,36.4,97.8,0
82,36.1,97.4,0
85,36.3,95.9,1.7
92,36.3,96.2,3.2
84,37.1,99,11.2
85,36.5,98.3,0.9
92,36.3,99,0
79,36.5,98.2,0
81,36.4,98.3,0
96,36.1,97.8,0
95,37,95.6,19.3
81,36.5,97.1,2.1
85,36.6,99.3,0.9
92,36.6,97.6,6.4
93,36.6,98.7,4.5
65,36.9,97.1,5.3
80,36.4,99.7,0
76,36.6,99.7,0
89,36.1,95.3,0.1
83,36.9,96.2,12.5
82,36.6,96.5,5.6
85,36.6,98.2,3.1
86,36.9,98.1,9.6
63,36.4,98.3,0
76,36.9,96.5,9.8
80,35.5,99.6,0
81,36.9,97.5,9.3
85,36.3,97.1,0
92,36.1,98.1,0
93,36.2,98.9,0
81,36.5,95.1,6.1
90,36.9,98.2,10.6
76,36.4,95.2,2.4
67,36.3,98.8,0
87,36.4,99.4,0
86,36.7,93.9,14
82,36.9,97.1,10.4
81,36.9,98.2,7.9
69,36.1,97,0
78,36.2,96,0
77,36,92.9,0
80,36.3,97,0
81,36.6,99.1,0.1
77,36.8,94.8,11.5
83,36.1,99.7,0
84,36,99.8,0
97,36.4,99.4,0.3
73,36.5,90,13.9
97,36.3,99.7,0
87,36.7,97.9,6.3
83,36.5,97,2.9
91,36.5,95.7,7.9
84,36.8,97.1,9
91,36.9,96,15.3
87,36.5,95.7,6.7
80,36.5,97.9,0.2
90,36.3,97.9,0
76,36.3,99,0
80,36.4,95,4
77,36.5,97.6,0
80,36.2,96.1,0
73,36.5,97.3,0
79,36.9,99.7,4.3
85,36.5,97,3.5
80,36.7,97.8,4.4
81,36.6,95.3,7.7
81,36.4,99.1,0
77,36.8,99.4,2.3
76,36.5,94.3,6.2
102,37,97.5,17.6
87,36.4,92.6,10.9
98,36.8,99.5,8.4
85,36.4,100,0
82,36.4,96.8,1
81,35.9,96.2,0
91,36.6,90,21.3
78,37,98.5,8.4
91,36.5,98.7,1.9
105,36.3,98.2,3.1
85,38.9,97,51.5
82,36.2,96.9,0
97,36.4,95.1,8.9
91,36.2,88.5,16.3
93,37.1,96,19.9
115,36.8,95.4,21.7
90,36.3,96.4,2.2
93,36.6,97.6,6.7
85,37.1,96.2,17.1
114,36.6,92.7,22.8
89,36.6,97.9,4.9
83,36.5,97.6,1.7
84,36.3,90.6,12
82,36.5,99.6,0
100,36.5,95.4,11.2
101,36.4,98.2,3.9
82,36.4,96.7,1.2
91,36.1,95.7,0
81,35.6,98.7,0
88,36.4,99.4,0
78,37.1,97.4,12.6
77,36,99.3,0
90,36.4,97.1,2.8
82,36.3,98.3,0
78,36.6,99.5,0
73,36,95.6,0
82,37,95.8,15
86,36.4,98.1,0
93,36.3,97.1,1.7
97,36.7,98.2,8.7
93,36.3,98.7,0
80,36.6,98.8,0.4
95,36.4,93.9,10.7
77,36.1,99.3,0
56,35.9,97.3,0
71,36.3,95,0
78,36.5,98.3,0
83,36.7,95.4,10.1
84,36.4,98.8,0
78,36.5,97.9,0
79,36.5,97.9,0
77,36.7,95.6,7.9
76,36.2,98,0
72,36.3,96.9,0
88,36.6,97.7,5
79,36.7,97.9,3.9
77,37.5,99.1,16.9
84,36,97.5,0
91,36.6,99.9,1.5
84,36.6,99.5,0.2
80,36.3,99.1,0
81,36.5,95.2,5.9
81,38.3,99.9,32.5
84,36.5,96.5,4.2
86,36.2,95.5,0.8
80,36.3,97.1,0
85,36.6,99.7,0.1
79,36.4,90.7,12.3
78,36.5,98.5,0
82,36.6,90.5,17.6
84,36.6,95.6,8
84,36.8,96.1,11
63,36.3,97.6,0
57,36.4,97.1,0
82,36.2,96.9,0
80,36.3,99.7,0
78,36.4,97.7,0
80,36.3,97.5,0
90,36.3,95.2,4.6
93,36.8,98.9,8.1
84,35.6,98.7,0
86,36.2,96.7,0
92,36.5,97.6,4.4
84,37,95.5,16.2
91,36.6,96.6,8.1
84,36.8,97.9,7.4
74,36.4,95.7,0.8
78,36.8,99.2,3
80,36.6,96.7,4.6
81,36.5,98.5,0
81,36.3,98.1,0
91,36.1,98.2,0
93,37.2,96.2,21.5
88,36.4,95.3,5.8
79,36.3,99.4,0
79,35.7,98.1,0
79,36.7,95.6,8.5
78,37.1,98.7,10
81,36.4,85.1,24.1
81,36.7,97,6.3
81,36.5,99.7,0
81,36.2,92.7,4.9
79,36.4,97.2,0
73,36.3,96.3,0
72,36.3,93,3.6
75,36.5,100,0
77,36.2,98.7,0
76,36.9,97.1,8.6
72,36.5,99.9,0
76,35.8,97,0
80,36.5,99.9,0
73,38.9,97.7,46.5
89,36.5,98.2,2.3
70,36.4,96.7,0
65,36.7,97.2,1.1
78,36.5,99.4,0
74,36.7,99.8,0
72,36.5,99.7,0
69,36.7,95.5,5.7
75,36.6,96.8,2.9
79,36.7,98.5,2.7
78,36.3,98.7,0
77,36.6,97.8,1.5
79,36.5,97.9,0
91,36.4,99.5,0
93,36.5,96.9,6.1
60,36.6,98.4,0
83,36,99.1,0
91,36.5,97.3,4.7
84,37.1,95.6,18
114,36.6,96.2,15.8
99,36.4,95.2,9.3
86,36.6,96,7.8
82,36.1,99.7,0
81,36.6,89.8,18.7
81,36.6,97.2,3.9
81,36.5,96.8,2.7
81,36.8,95.4,11.5
77,36.4,96.2,0.7
76,36.8,95.7,9.4
83,36.6,99.3,0.3
74,36.5,99,0
83,36.3,90.9,11.1
81,36.6,98.9,0.5
77,36.5,99.2,0
78,36.7,95.4,8.6
76,36.8,95.4,10
83,36.8,92.2,18.5
82,36.4,98.5,0
91,36.6,95.9,9.5
84,36.4,96.4,2.4
75,36.4,99.5,0
89,36.8,99.4,5.9
81,36.9,98.1,8.1
77,36.8,98.5,4.1
78,36.7,97.9,3.6
80,36.1,97.5,0
99,36.6,95.5,12.7
95,36.6,95.4,11.7
88,36.4,95.8,4.8
93,36.3,95.4,5.1
80,36.8,97.6,6.8
90,36.9,97.3,12.4
76,36.5,99.9,0
75,36.6,95.5,5.5
83,36,95.8,0
90,36.9,97.2,12.6
93,36.6,96.8,8.3
88,36.4,97.8,0.8
79,36.7,99.6,0.5
78,36.2,97.6,0
73,36.2,99,0
77,36.6,99.6,0
78,36.6,98.6,0.2
79,36.9,98.5,6.7
82,36.6,98.8,1
74,36.9,96.7,8.8
89,35.7,98.7,0
86,36.9,96.1,13.6
82,36.6,99.2,0.2
91,36.5,97.3,4.7
93,36,97.6,0
94,36.6,98.6,5
87,36.2,96.1,0
92,36.6,95.6,10.4
94,36,96.4,0
88,36.6,97,6.4
93,36.9,98.8,10.3
78,36.6,96.6,4.2
61,36.5,98.7,0
85,36.5,98.6,0.3
80,36.6,96.9,4.2
90,36.4,96.9,3.2
81,36.7,98.6,3.1
79,36.2,96.8,0
79,36.7,95.2,9.3
90,36.5,90.7,17.6
83,36,92.7,1.5
100,36.6,97.6,8.8
96,35.9,97.4,0
94,36.7,95.1,14
85,36.6,95.9,7.7
92,36.5,97.3,5
111,36.3,98.6,4.1
93,36.4,94.7,8.5
84,36.6,96.7,5.8
91,36.9,96.2,14.9
84,36.6,99.9,0
82,36.5,96.6,3.4
91,36.6,98.4,4.5
84,36,97.5,0
82,36.1,95.8,0
81,36.2,97.1,0
81,36.7,97.3,5.7
79,36.7,98.7,2.3
80,36,98.7,0
90,36.7,97.1,8.8
116,36.7,94.8,21.2
100,36.5,96.9,8.2
96,36.6,98.5,5.8
95,36.5,97.1,6.3
94,36.5,98.2,3.8
95,38.6,97.6,47.3
106,36.5,95.8,12.2
96,36.6,97.7,7.4
94,36.4,95.7,6.8
88,36.4,95.8,4.8
79,36.4,90.5,12.7
91,36.4,95.6,6.1
81,36.8,95.8,10.7
77,36.7,96.1,6.9
90,36.3,97.1,0.8
93,36.5,96.5,6.9
88,36.1,96.7,0
109,35.9,99.6,0
104,36.8,90.8,27.6
97,36.3,98.2,0.7
95,34.8,97.7,0
94,36.4,99.5,0
83,36.4,99.5,0
92,36.7,96.1,11.4
106,36.2,98.2,1.4
88,36.3,96.2,2
92,36.3,93.3,9
94,36.8,98.7,8.8
80,36.6,99.4,0
91,37,98.5,12.3
84,38.2,95.6,40
82,36.6,95.2,8.2
91,36.6,98.7,3.9
84,36.4,97,1.2
102,36.3,96.8,5
107,36.6,98.8,8.5
92,36.6,98.8,4
94,36.3,99.8,0
99,36.1,97.2,0
95,36.7,96.7,11.1
100,37.1,98.6,16.8
89,36.5,95.8,7.1
93,36.8,96,13.9
84,36.7,95.4,10.4
82,36.8,95.3,12
77,36.7,95.2,8.7
79,36.7,99.9,0
81,36,94.3,0
81,36.5,99.6,0
81,36.6,95,8.3
108,36.4,97.5,7.4
88,36.4,97.9,0.6
83,36.5,98.7,0
81,36.6,96.6,5.1
85,36.9,98.5,8.5
82,36.3,99.4,0
85,34.7,95.6,0
86,36.6,99,1.8
79,36.7,98.5,2.7
80,36,96.7,0
81,36.8,96.6,9.1
79,36.2,97.5,0
77,36.5,95,5.1
90,37.1,95.3,20.4
79,36.6,98.4,0.9
84,36,98.9,0
90,36.6,95.4,10.2
93,36.5,99.9,0.1
80,36.1,96.5,0
90,36.2,97.2,0
93,36.6,99.2,3.5
81,36.1,95.8,0
91,36.8,95,15.3
93,36.6,97.8,6.3
94,36.5,96.9,6.4
95,35.9,95.5,0
94,36.4,99.4,0
94,36.5,100,0.2
94,36.4,95.6,7
84,37.3,97.7,17.8
91,36.7,92.3,18.7
84,36.6,99,1.2
91,36.3,95.6,4.1
82,36.4,96.5,1.6
84,36.5,97.3,2.6
78,36.7,98.2,3
90,36.4,97.3,2.4
82,36.9,98.6,7.4
85,36.1,95.5,0
80,38.6,96.3,45.4
78,36.2,95.1,0
76,36.6,99,0
78,36.7,99.7,4.97E-14
72,36.5,98.8,0
82,36.3,98.3,0
79,36.3,98.4,0
76,36.6,93.5,9.8
89,35.6,95.1,0
93,39,95.2,59.5
83,36.7,97.7,5.5
81,37.1,96.8,14.7
85,36.4,95.7,4.1
83,36.9,96.8,11.3
91,36.3,95.8,3.7
82,35.8,98.5,0
92,36.3,96.1,3.4
65,36.8,93.1,11.3
77,36.6,95.3,6.5
78,36.6,94,9.4
90,36.4,94.3,8.4
80,36.3,95.4,1.2
73,36.2,98.2,0
60,36.8,97.7,0.6
56,36.7,96.7,0
62,36.8,96.6,3.4
86,36.4,94.4,7
93,35.7,98.1,0
72,36.8,99.8,0
79,36.7,96.7,6.3
90,36.3,97.9,0
76,36.6,99.4,0
89,36.4,97.1,2.5
83,36.5,98.5,0
77,37.1,100,7.1
90,36.6,96.9,7.2
88,36.6,98.5,3.4
81,36.6,96.4,5.5
81,36.6,98.3,1.7
81,36.4,90.1,14.1
91,36.5,95.9,7.5
93,36,96.6,0
84,35.8,96.5,0
78,36.5,98.7,0
77,36.7,97.7,3.7
92,36.6,92.6,16.4
94,35.9,99,0
94,36.2,100,0
94,36.4,95.1,8
97,36.4,95.2,8.7
103,36.2,96.2,4.5
83,36.5,99.9,0
91,36.9,97.8,11.7
84,36.6,100,0
91,36.8,99.7,5.9
99,36.4,96.9,5.9
81,36.5,99.7,0
81,36.8,99.4,3.5
77,36.2,99,0
83,36.4,98.4,0
85,37.1,96.2,17.1
82,36.4,94,6.6
76,36.2,97,0
89,36.4,99.1,0
93,36.9,99.8,8.3
83,36.9,91,22.9
85,36.2,97.3,0
92,36.8,97.4,10.8
87,36.6,98.6,2.9
81,36.8,95.3,11.7
82,36.2,96.1,0
81,36.6,96.2,5.9
85,37,97.2,13.1
92,36.6,97.3,7
84,36.5,99.2,0
80,36.4,98.4,0
84,36.3,99.5,0
86,36.7,93.1,15.6
84,36.5,99,0
85,36.1,95.8,0
58,36.5,99.8,0
71,36.6,96.5,2.3
88,36.3,92.4,9.6
83,36.7,95.9,9.1
85,36.3,96.8,0
58,36.6,96,0
71,36.4,98.2,0
76,36.7,95.9,7
80,36.4,96.1,1.8
84,36.5,96,5.2
91,36.5,97.4,4.5
81,35.9,90.7,2.9
74,36.4,99.1,0
74,38.7,96.7,44.8
77,37,97.7,9.7
73,36.3,99.9,0
77,36.5,85.4,24.3
76,36.3,97.9,0
78,36.8,97.5,6.4
70,36.7,95.4,6.2
74,37.3,95.9,18.4
77,36.8,96.6,7.9
75,36.4,98.6,0
88,36.6,98.3,3.8
79,36.6,99.5,0
76,36.7,95.2,8.4
89,36.6,95.2,10.3
102,36.8,93.2,22.2
86,36,96.9,0
85,36.5,96.7,4.1
92,36.6,97.9,5.8
74,36.7,96.4,5.4
83,36.4,97.8,0
91,37,97.1,15.1
82,36.9,95.1,14.4
79,36.7,98.1,3.5
73,36.2,97.2,0
75,36.3,95.2,0.1
83,36.2,96.1,0
91,36.2,96.1,1.1
79,35.8,99.8,0
78,36.3,99.4,0
84,37.6,94.3,30.6
85,36.9,97.2,11.1
82,36.5,96.2,4.2
90,36.1,99,0
76,38.8,96.4,48
72,38.5,97.7,38.2
79,36.4,98.1,0
80,36.3,95.5,1
85,36.4,99.1,0
92,37,96,17.6
84,36.3,99.6,0
85,36.6,95.4,8.7
92,36.5,91.8,16
84,36.8,98.4,6.4
82,36.7,99.8,1
72,36.9,96,9.6
71,37,95.4,12.5
70,36.6,97.1,0.8
78,36.6,96.9,3.6
90,36.5,96,7
82,36.4,98,0
78,37,91.1,23.2
73,36.7,96.8,4.3
79,36.1,95.4,0
89,36,98.4,0
93,36.8,99.7,6.5
85,36.6,98.8,1.9
81,35.9,97,0
79,36.3,97.3,0
80,36.9,94.1,15.8
91,36.4,96.4,4.5
93,36.5,95.4,9.1
94,36.3,99.2,0
103,36.7,96.8,13.3
96,35.9,95.3,0
61,36.6,99.6,0
79,36.2,98.3,0
73,36.7,98.9,0.1
60,36.6,95.4,1.2
76,36.6,97.2,2.4
72,36.2,94.1,0
79,36.6,98.8,0.1
61,36.7,99.8,0
74,36.7,95.8,6.6
77,36.4,99.3,0
75,36.9,96.8,8.9
75,35.9,98.3,0
83,36.4,98.5,0
79,36.3,95.8,0.1
83,36.6,96,6.9
80,36.9,97.5,9
81,36.8,98.8,4.7
81,36.5,96.8,2.7
81,36.5,99.5,0
91,36.4,95,7.3
76,36.9,95.1,12.6
90,36.3,99,0
83,37,98.1,10.7
82,36.9,95.7,13.2
79,36.4,98.4,0
90,36.5,98.5,2
76,36.5,96.6,1.6
72,36.9,91.8,18
74,36.7,95.7,6.8
77,36.3,85.7,19.7
72,36.8,99.8,0
71,36.8,95.4,8.5
71,36.3,93.1,3.1
71,36.6,98.1,0
71,36.5,97.5,0
71,36.8,99.6,0.1
78,36.4,99.2,0
72,37,99.3,5
71,36.6,95.1,5.1
78,36.8,95.2,11
77,36.6,99.9,0
99,36.5,95.8,10.1
75,37,95.9,12.7
72,37,98.4,6.8
66,36.2,98.3,0
65,36.3,97.2,0
64,36.3,95.7,0
52,36.7,94.6,2.4
54,36.6,97.8,0
66,36.3,96.5,0
70,36.8,97.9,3.2
65,36.9,95.6,8.3
77,36.4,95.8,1.5
78,36.6,96.2,5
73,36.3,99.3,0
71,36.3,95,0
74,36.8,98.9,2.4
83,37.3,99,14.9
80,36.4,95.5,3
90,36.6,99.7,1.6
93,36.6,98.1,5.7
65,36.5,96.4,0
80,36.6,97.7,2.6
81,36.2,97.6,0
91,36.1,97.8,0
93,36.1,96,0
94,36.5,97.5,5.2
76,36.1,95.8,0
78,36.8,96.1,9.2
78,36.5,99.7,0
83,36.7,95.1,10.7
82,36.9,96,12.6
79,36.5,96.1,3.5
80,36.7,95.3,9.4
72,36.8,99.9,0
79,36.4,98.9,0
73,36.3,97.5,0
75,37,97.2,10.1
78,36.2,97.8,0
84,36.5,95.1,7
78,37.4,96.3,20.8
79,37,97.9,9.9
90,36,99,0
87,36.3,96.7,0.7
79,36.3,97.6,0
90,36.4,96.3,4.4
76,36.6,95.3,6.2
89,36.2,99.5,0
93,36.8,99.6,6.7
77,36.1,94.3,0
80,36.2,96.4,0
81,36.9,96.4,11.5
90,36.4,99.6,0
94,36.2,97.9,0
87,36.2,98.9,0
79,36.7,95.9,7.9
90,36.3,99.7,0
59,36.7,91.9,9.9
85,36.7,95.3,10.9
84,36.6,99.4,0.4
85,35.9,99.2,0
86,37,99.5,8.8
97,38.5,98.3,44.5
83,36.6,96.6,5.7
92,36.2,99.8,0
93,36.2,95.2,3.5
94,36,96.5,0
81,36.3,95.5,1.3
90,36.6,95.9,9.2
80,36.9,96.1,11.8
73,36,95.7,0
75,36.9,98,6.5
77,36.6,98.4,0.3
90,38.9,98.8,49.4
94,36.9,99.2,9.8
94,36.8,95.5,15.2
94,36.8,97,12.2
94,36.6,98.1,6
60,36.5,98.4,0
51,36.1,95.6,0
69,36.6,92.7,9.3
65,36,97.8,0
86,35.9,99.1,0
97,36.6,86.8,29.5
96,36.7,99.8,5.2
85,36.4,99.9,0
86,36.6,99,1.8
90,36.6,97.7,5.6
93,36.9,95.3,17.3
88,36.7,99,4.4
85,37.1,97.4,14.7
92,36.7,97.5,8.6
88,37,92.5,23.4
85,35.9,98,0
86,36.2,96.1,0
78,36,98.7,0
78,36.4,97.5,0
83,36.7,96.8,7.3
79,36.4,98,0
86,36.3,91.4,11
86,37,98.2,11.4
79,36,99.9,0
90,36.8,99,7
79,36.4,98.2,0
90,36.5,98.2,2.6
80,36.3,95.6,0.8
83,36.3,95.1,2.7
91,36.9,98.9,9.5
111,36.9,99.9,13.5
89,36.6,96,8.7
93,36.5,97.8,4.3
86,37.1,98.3,13.2
86,36.4,97.4,1
101,36.8,98.9,10.5
95,36.6,99.4,3.7
82,36.6,98.6,1.4
91,36.9,99.8,7.7
94,36.8,95.9,14.4
72,36.3,98.4,0
88,36.8,95.5,13.4
79,36.4,99.3,0
90,36.4,99.2,0
93,36.6,99.3,3.3
80,36.3,97.6,0
79,36.7,98.3,3.1
90,36.6,96,9
93,36.1,96.6,0
83,36.7,98.3,4.3
81,34.1,98.1,0
79,37.2,99,11.7
84,37,99.4,8.4
91,36.5,99.6,0.1
87,36.7,96.9,8.3
86,36.7,98.4,5
97,36.5,97.9,5.3
96,36.8,99.5,7.8
85,36.5,97.3,2.9
81,36.5,98.8,0
81,36.4,98.3,0
79,37,99.6,6.5
79,36.5,96.9,1.9
73,36.5,95.3,3.3
77,36.5,96.8,1.5
78,38.6,97.1,43.2
79,36.6,97.9,1.9
84,36.3,99,0
80,36,95.7,0
80,36.3,95,2
91,36.7,99.9,3.5
94,35.9,99.1,0
84,36.4,98.8,0
80,36.3,96.2,0
85,36,95.1,0
86,36.6,99.1,1.6
79,37.2,95.2,19.3
78,36.6,98.2,1
76,36.5,95.2,4.4
75,38.8,95.2,50.1
89,37.1,97.5,15.7
81,34.7,98.6,0
81,37,98.6,9.1
85,36.3,97,0
82,36.6,95.4,7.8
92,36.9,97.1,13.4
82,36.9,96.9,10.8
81,36.7,98.8,2.7
79,36.8,97,7.7
79,36.6,98.6,0.5
81,36.3,96,0.3
84,35.9,95.9,0
80,36.2,96,0
84,35.9,96,0
92,36.8,96.6,12.4
99,36.6,97.3,9.1
89,36.4,95.4,5.9
87,36.2,96.5,0
110,36.5,96.9,11.2
89,36.4,97.5,1.7
76,36.8,98.8,3.2
89,36.3,96.9,0.9
93,36.3,99.3,0
94,36.1,99.9,0
94,36.4,95.6,7
82,37.4,85.8,43
74,36.4,99.7,0
81,36.6,97,4.3
77,37.1,99.1,8.9
76,36.3,96,0
100,36.5,95.7,10.6
86,36.1,96.7,0
85,36.9,96.4,12.7
82,36.2,95.6,0
81,35.8,98.2,0
62,36.6,99.9,0
80,37,99,8
90,36.9,96.8,13.4
93,36.2,96.5,0.9
84,36.3,97.4,0
85,36.7,98.5,4.5
92,36.8,95.8,14
83,36.7,96.7,7.5
81,37,99.7,6.9
91,37,98.4,12.5
93,36.6,99.2,3.5
84,36.5,99.1,0
91,36.8,97.8,9.7
84,36.8,98.8,5.6
85,37.1,99.4,10.7
81,36.3,98.7,0
81,36.7,98.2,3.9
77,36.6,96,5.1
76,36.5,97,0.8
72,36.9,97,7.6
89,36.2,95.4,1.9
87,36.7,99.5,3.1
79,36.3,98.3,0
90,37,99.4,10.2
79,37,95.7,14.3
77,36.4,99.6,0
78,38.4,96.8,39.8
90,36.8,95.8,13.4
86,36.4,97.6,0.6
86,36.2,98.8,0
79,36.8,92.3,17.1
79,36.5,99.1,0
79,36.5,98.7,0
78,36.7,97.9,3.6
79,36.3,97.4,0
78,36.9,98.1,7.2
80,36.7,95.8,8.4
68,36.4,98.3,0
74,36.3,99.9,0
79,36.4,98.1,0
68,36.4,93.7,3
74,36,99.4,0
77,36.3,97.3,0
80,36.2,99.2,0
73,36.5,99.9,0
72,36.7,96.8,4
79,36.7,95.9,7.9
79,36.1,97.1,0
73,36.1,95.4,0
76,36.8,98.5,3.8
76,36.5,97.1,0.6
72,36.5,98.1,0
54,36.6,99.2,0
77,36.6,92.6,11.9
90,36.6,95.2,10.6
86,36.2,99.5,0
81,36.6,98.4,1.5
74,36.9,95.4,11.4
72,36.5,96.4,0.8
82,36.8,90.5,21.6
79,36.2,95.7,0
73,36.4,96.2,0
66,36.2,99.5,0
77,36.7,96.7,5.7
80,36.4,95.3,3.4
90,36.7,92.2,18.6
79,36.6,95.6,6.5
76,36.6,95.8,5.2
77,37,99.8,5.5
90,36.4,98.8,0
83,36.3,98,0
77,36.2,97.7,0
90,36,99.5,0
81,36.6,98.1,2.1
85,36.7,92.6,16.3
79,36.5,95.3,5.1
76,36.6,95.5,5.8
77,36.4,96.5,0.1
90,36.8,95.2,14.6
80,36.1,96.4,0
73,36.6,98.8,0
78,36.4,95.5,2.4
90,36.5,97.6,3.8
76,36.9,99,4.8
77,36.8,91.7,17.7
70,36.9,99.3,2.4
88,36.4,90.1,16.2
83,36.7,98.5,3.9
79,36.6,97.4,2.9
78,36.6,95.1,7.2
79,36.1,98,0
80,36.8,95.9,10.2
90,36.3,98.1,0
87,36.8,97.3,9.5
75,36.3,96,0
90,36.7,94.3,14.4
79,36.6,98.8,0.1
84,36.5,96.8,3.6
82,36.3,97.8,0
81,36.3,98.2,0
91,36.2,96.1,1.1
94,36.1,95.9,0.4
84,36.5,97.4,2.4
91,36.6,99.3,2.7
83,36.4,96.5,1.9
85,36.1,95.1,0
74,36.2,99,0
72,36.8,98,3.6
82,36.8,98.5,5.6
74,36.3,96.2,0
85,36.5,96.2,5.1
78,36.6,92.9,11.6
72,36.4,98.1,0
88,36.3,97.9,0
80,36.6,96.8,4.4
79,35.7,95.1,0
77,36.5,95.8,3.5
61,38.7,99.9,34.5
57,36.2,96.1,0
75,37.1,96.7,13.1
75,36.7,95,8.5
77,36.8,98.6,3.9
76,35.8,97.6,0
55,36.1,96.5,0
74,36.7,97.6,3
78,37,95.2,15
79,36.5,95.9,3.9
78,36.8,98.5,4.4
78,36,96.1,0
77,36.8,96.4,8.3
56,36.6,97.8,0
71,36.5,95.8,1.7
82,36.4,98.6,0
78,36.7,96.3,6.8
81,36.6,98.3,1.7
82,36.6,99.7,0
78,36.9,98.5,6.4
78,37.2,98.8,11.8
72,36.4,99.7,0
75,36.8,98,4.5
78,36.5,98.4,0
56,35.8,95.4,0
84,36,99.7,0
80,36.7,98.6,2.8
79,36.4,95.9,1.9
90,36.4,99.6,0
93,36.5,98.2,3.5
94,36.4,98.9,0.4
88,36.5,98.5,1.4
70,36.3,99.2,0
70,36.3,97.5,0
74,36,96.5,0
83,36.8,97.2,8.5
74,36.1,96,0
60,36.6,95.8,0.4
68,36.6,96.3,1.8
74,36.4,97.9,0
75,36.4,99.1,0
83,36.9,97.9,9.1
74,35.8,99.3,0
77,36.5,95.7,3.7
95,36.6,96,10.5
89,36.3,93.8,7.1
79,36.4,96.4,0.9
81,36.5,95.2,5.9
85,36.3,96.7,0.1
92,37,96.2,17.2
84,36.1,99.4,0
82,36.9,96.4,11.8
86,36.5,98.8,0.2
58,36.5,99.5,0
85,36.1,99.6,0
82,36.9,95,14.6
85,36.7,96.3,8.9
82,34.3,96.1,0
81,36.3,97.9,0
81,36.8,97.4,7.5
84,36.7,96.7,7.8
91,34.9,95.7,0
94,36.6,98.6,5
94,36.7,97.1,10
85,35.9,99.5,0
82,36.5,95.1,6.4
81,36.3,96.9,0
81,36.5,98.3,0
81,36.7,98.5,3.3
91,35.9,97.5,0
74,36.4,97.9,0
66,36.8,100,0
75,36.3,96.9,0
76,35.9,98.3,0
75,36.8,99.5,1.5
77,36.7,97.7,3.7
84,35.9,95.7,0
80,38.9,94.4,55.2
77,36.7,95,9.1
90,36.9,95.8,15.4
80,36.4,98.2,0
79,36.8,100,1.7
56,36.7,99.9,0
70,36.4,96.1,0
82,36.6,96.3,6
91,36.6,97.9,5.5
71,36.3,93.2,2.9
81,36.3,95.5,1.3
91,36.7,96.8,9.7
93,36.7,96.2,11.5
77,36.3,96.7,0
73,36.4,98,0
89,36.9,97.6,11.5
85,36.8,96.5,10.5
86,36.2,92.9,6
86,36.4,96.8,2.2
92,38.1,95.2,41.2
102,37,90.6,31.4
114,36.5,96.4,13.4
90,36.3,97.8,0
93,36.3,96.2,3.5
84,36.2,99.5,0
82,36.3,95.7,1.2
81,36.8,99.2,3.9
86,36.6,96.9,6
93,36.6,98.7,4.5
84,36.3,96.7,0
94,36.6,97.8,6.6
78,36.1,97.9,0
56,36.5,99.9,0
71,36.6,95.7,3.9
78,36.6,95.1,7.2
80,36.5,96.6,2.8
81,36.3,96.5,0
81,36.2,98.1,0
85,36.1,95.4,0
82,36.1,97,0
91,36.8,97.9,9.5
84,37.1,96.1,17
85,36.7,96.2,9.1
92,36.3,96.9,1.8
93,36.3,95,5.9
94,36.3,99.6,0
80,36.5,98.6,0
81,36.3,95.4,1.5
81,36.4,95.5,3.3
91,36.5,95.1,9.1
99,36.1,95.4,2.9
81,36.9,99.5,5.3
81,36.9,98.1,8.1
77,36.6,99,0
85,36.8,95.7,12.1
82,36.5,97,2.6
91,36.1,98.1,0
87,36.5,96.1,5.9
92,37.2,97.5,18.6
94,36.5,97.6,5
93,36.4,97.4,3.1
84,36.4,95.2,4.8
91,37,96.6,16.1
76,36.2,95.4,0
80,36.4,98,0
90,37,96.6,15.8
93,36.1,93.9,4.1
91,36.1,85.2,20.9
84,35.9,98.7,0
91,36.2,97.6,0
76,36.1,99.9,0
80,36.4,95.1,3.8
91,36.7,97.7,7.9
81,36.4,98.4,0
91,36,98.8,0
84,36.8,98,7.2
78,36.5,96.2,3
76,36.6,95.2,6.4
86,36.6,95.6,8.6
82,36.4,96.7,1.2
92,36.6,95.1,11.4
93,36.1,96.3,0
95,36.9,95.2,18.1
94,36.5,99.9,0.4
84,36.5,95.5,6.2
82,36.4,98,0
84,36.1,99.7,0
91,36.5,95.7,7.9
98,36,99.7,0
85,36.2,96.3,0
82,36.1,97.4,0
81,36.6,97.2,3.9
81,36.5,97.7,0.9
91,36.7,98.1,7.1
84,36.8,95.1,13
91,35.8,99,0
93,36.3,96.1,3.7
95,36.2,98.1,0
100,36.8,95.7,16.6
107,36.8,97.5,15.1
98,36.3,98,1.4
81,36.7,96.9,6.5
85,36.5,97.2,3.1
92,36,99.4,0
84,36.5,99.9,0
82,36.2,99.7,0
79,36.6,97.6,2.5
92,36.9,95.8,16
82,36.8,98.8,5
78,36.7,99.9,0
90,36.1,99.9,0
93,36.6,94.7,12.5
80,36.9,97.8,8.4
91,36.1,91,9.3
86,36.5,85,27.8
80,36.9,96.3,11.4
80,36.2,99.8,0
101,36.7,96,14.3
86,36.6,99,1.8
100,36.4,98,4
101,36.3,98.4,1.5
96,36.7,98.5,7.8
66,36.8,95.4,7
87,36.7,90.5,21.1
92,37.1,99.2,13.2
87,36,99.1,0
83,36.6,95.5,7.9
92,36.3,98.8,0
93,37.1,99.4,13.1
87,36.5,95.2,7.7
92,36.4,97.4,2.8
83,35.9,92.1,0.7
62,36.5,100,0
64,36.7,96.1,3
80,36.3,97,0
81,36.1,99.3,0
91,36.4,97.4,2.5
84,37.1,98.1,13
93,36.5,99.5,0.9
95,36.7,98.9,6.7
104,36.4,92.5,16.2
91,36.8,96.9,11.5
86,36.8,95.4,13
75,36.6,95.8,4.9
79,36.7,96.3,7.1
99,36.5,95.7,10.3
78,36.7,97.6,4.2
80,36.8,96.8,8.4
90,35.9,97,0
83,36.5,96,4.9
78,36.5,97,1.4
84,36.9,97.1,11
83,36.5,95.4,6.1
91,36.5,96.5,6.3
93,36,95.4,0
84,36.3,91.8,9.6
80,36.6,97.9,2.2
76,36.5,98.4,0
80,36.1,98.3,0
90,36.6,99.1,2.8
87,36.3,98.6,0
83,36.1,96,0
79,36.2,99.5,0
89,36.8,98,8.7
82,36.6,97.7,3.2
80,36.6,97.7,2.6
85,36.6,98.6,2.3
82,36.3,97.6,0
74,36.6,96.1,4
67,36.7,98.9,0
77,36,97.2,0
80,37.3,96.2,19.6
90,36.7,99.9,3.2
86,36.7,96.1,9.6
80,36.3,97.2,0
81,36.4,98.1,0
81,37.1,96.2,15.9
85,36.7,95.8,9.9
92,36.4,96.5,4.6
84,35.9,96.1,0
92,36.5,95.6,8.4
60,36.4,95.6,0
72,36.6,96.6,2.4
88,36.9,98,10.4
83,36.1,97.2,0
91,36.1,96.8,0
84,36.4,95.4,4.4
82,36.3,99.3,0
81,36.8,94.4,13.5
91,36.3,96.2,2.9
83,36.7,96.2,8.5
91,36.8,99.1,7.1
84,37,98,11.2
77,36.1,98.4,0
90,36.9,95.1,16.8
93,36.7,97.4,9.1
84,36.5,99.8,0
100,36.8,96.1,15.8
86,36.2,98,0
81,36.9,96.4,11.5
74,36.3,95.8,0
79,38.4,96.5,40.7
80,37,95.6,14.8
81,36.7,97.6,5.1
81,36.5,99.8,0
91,38.8,95.6,54.1
84,36.2,97.5,0
79,36.6,97.5,2.7
84,36.4,96.7,1.8
85,36.4,97.9,0
91,36.3,98.4,0
87,36.5,97,4.1
92,36.3,97.4,0.8
82,36.8,91.7,19.2
76,36.8,95.1,10.6
83,36.7,96.5,7.9
77,36,95.2,0
76,36.3,98.3,0
80,36.7,95.1,9.8
81,36.6,95.3,7.7
81,36.4,98.5,0
81,36.9,97.2,9.9
77,35.8,98,0
90,36.3,97.1,0.8
93,37,95.6,18.7
80,36.5,98.9,0
78,36.4,91.6,10.2
77,37,97.7,9.7
77,36.2,95,0
84,36.7,96.5,8.2
85,36.5,96.5,4.5
86,36.8,98.8,6.2
81,36.4,95.2,3.9
81,36.9,97.3,9.7
79,36.3,99.1,0
75,36,95.3,0
89,36.4,91.9,12.9
87,36.1,98.7,0
86,36.7,98.8,4.2
85,36.7,96.8,7.9
86,36.9,96.6,12.6
75,36.2,95.4,0
89,36.9,95.3,16.1
93,36.7,98.2,7.5
94,36.6,95.9,10.4
84,36.6,100,0
91,36.3,96,3.3
89,36.8,96.1,12.5
87,36.5,95,8.1
92,36.8,96.4,12.8
102,36.5,97,8.6
96,36,95.4,0
85,36.4,97,1.5
100,36.3,95.9,6.2
89,36.2,97.1,0
79,36.4,95.7,2.3
90,36.5,96.9,5.2
83,36.1,98.3,0
91,36.8,96,13.3
94,36.4,97.5,3.2
95,36.7,96.1,12.3
94,36.4,99.1,0
84,36.5,95.2,6.8
84,36.8,95.9,11.4
102,36.3,98.1,2.4
87,36.1,96.4,0
82,36.1,99.2,0
81,36.6,95.9,6.5
99,36.5,98.1,5.5
90,36.1,97.8,0
93,36.4,98.3,1.3
103,36.1,98.3,0
87,36.8,97,10.1
92,34.1,99.3,0
102,36.8,92.2,24.2
96,36.4,95.1,8.6
61,36.7,98.9,0
73,36,97.1,0
77,36.3,97.5,0
78,36.3,97.7,0
78,36.6,93.4,10.6
99,36.2,96.2,3.3
95,36,93,4.5
85,37,96.3,14.9
92,36.4,99.1,0
93,36.7,97.5,8.9
84,35.9,94.3,0
88,36.6,95.7,9
81,36,95,0
62,36.4,98.5,0
79,36.1,98.1,0
72,36.8,95.1,9.4
79,36.1,95.6,0
90,36.4,98.2,0.6
83,36.5,96.3,4.3
69,36.3,96.5,0
71,36.5,99.4,0
81,36.4,96.3,1.7
91,36.3,98.7,0
84,37,98.9,9.4
69,36.7,92.5,11.7
76,36.4,96,0.8
75,36.8,97.5,5.5
83,36.3,95.3,2.3
91,36.7,96.1,11.1
65,36.6,95.6,2.3
79,36.3,99.5,0
80,37.2,96.3,17.4
82,35.7,98.7,0
92,34.5,99.5,0
87,36.3,95.9,2.3
84,36.6,97.3,4.6
91,36.3,95.2,4.9
93,36.8,96.2,13.5
92,36.3,95.3,5
96,35.6,98.9,0
89,36.4,96.1,4.5
79,37.1,98.9,9.9
73,36,96.1,0
77,36.7,99.9,0
62,36.5,90.6,9.4
57,36.4,96.3,0
70,36.5,96.4,0.2
88,36.4,98.7,0
92,36.5,95.8,8
59,36.8,95.6,4.5
71,35.9,99.3,0
71,36.2,99.6,0
88,36.8,99.8,4.8
59,36.7,95.2,3.3
83,37,98.5,9.9
85,36.7,96.6,8.3
92,37,99.7,10.2
88,37,96.1,16.2
86,36.1,91.3,7.2
77,36.6,98.9,0
83,36,98,0
83,36.3,95.1,2.7
77,36.6,96.3,4.5
80,36.5,99.8,0
90,37,98.5,12
79,36,96.4,0
79,36.5,96.2,3.3
91,36.6,96.9,7.5
76,35.9,97,0
55,37.1,95.2,10.1
74,36.6,97,2.2
95,36.6,99.3,3.9
94,36.6,93.7,14.8
84,36,95.5,0
88,36.3,95.3,3.8
79,37.2,99.6,10.5
79,36.2,99.6,0
89,36.3,99.4,0
93,36.4,99.8,0
94,36.6,97.7,6.8
92,36.7,99.5,4.6
84,36,90.4,6.4
85,36.4,100,0
82,35.9,93.1,0
81,37.1,95.8,16.7
70,36.6,95.5,4
88,36.7,98.3,5.8
82,36.3,95.9,0.8
94,37.1,96.7,18.8
88,36.7,95.5,11.4
81,37.3,97.1,18.1
81,36.2,98.5,0
57,36.7,98.6,0
70,36.8,97.5,4
82,36.7,98.8,3
91,36,96.1,0
84,36.8,99.4,4.4
92,36.4,99.2,0
60,36.4,99,0
75,36.4,92.8,6.9
88,36.5,99.6,0
92,36.1,96.9,0
84,36.7,94.3,12.6
80,36.4,98.7,0
92,36.7,99.8,4
93,36.8,99.5,6.9
94,36.3,96.8,2.6
88,36.3,98.3,0
76,36.7,99.1,0.6
80,36.4,95.1,3.8
81,36.9,96.6,11.1
91,36.5,99.2,0.9
93,36.9,99.3,9.3
88,34.6,96.3,0
86,36.5,95.8,6.2
87,36.3,99.8,0
80,37.1,96.2,15.6
90,36.6,98.8,3.4
83,36.3,100,0
80,36.5,96.1,3.8
57,36.6,95.9,0
75,36.8,97.1,6.3
82,36.3,99.3,0
91,36.6,97.2,6.9
80,36.4,98.1,0
90,36.8,99.6,5.8
80,36.9,99.1,5.8
84,36,96.9,0
80,36.4,97.3,0
84,36.8,97,9.2
91,36.1,97,0
87,36.7,98,6.1
81,36.5,96.5,3.3
86,36.6,96.2,7.4
85,36.1,96.9,0
78,36.2,97.8,0
56,36.8,98,0
69,36.4,95.2,0.3
54,36.4,96.6,0
78,36.7,97.5,4.4
76,36.8,96.2,8.4
67,36.4,97.1,0
70,36.8,99,1
76,36.6,95.6,5.6
79,36.3,97.8,0
56,36.6,97.9,0
84,36,99.6,0
74,36.3,96.1,0
78,36.2,97.5,0
84,36.9,95.2,14.8
80,36.7,98.3,3.4
77,36.6,91.9,13.3
78,36.3,99.9,0
74,36.7,98.4,1.4
72,36.3,99.4,0
82,36.3,99.3,0
85,36.4,96.5,2.5
78,36.6,94.9,7.6
89,36.7,90.9,20.9
76,36.5,96.8,1.2
75,36,95.3,0
84,36.2,99.8,0
82,36.9,98.5,7.6
81,36.5,97.6,1.1
91,36.6,98.6,4.1
82,36.2,95.9,0
91,36.4,99.4,0
84,35.9,86.5,12.2
81,36.9,96.4,11.5
91,36.8,99.5,6.3
76,36.5,98.3,0
61,36.2,97.6,0
75,36,98.8,0
55,36.6,97.7,0
50,37,95.8,5.4
60,36.9,98.6,0.8
63,36.5,99.6,0
62,36.6,99.9,0
76,36.2,96.4,0
61,35.9,95.7,0
79,36.5,96.1,3.5
73,36.9,95.1,11.7
75,36.4,98,0
67,36.3,97.9,0
73,36.9,97.9,6.1
55,36.1,99.4,0
69,36.2,99.8,0
87,36.9,96,14.1
93,36.8,97,11.9
94,36.5,98,4.2
81,36.8,96.8,8.7
67,37,95.8,10.5
65,36.4,97.6,0
86,36.3,95.9,2
63,36.2,95.5,0
72,36.7,99.7,0
54,35.9,97.4,0
83,34.5,98.9,0
79,36.4,95.5,2.7
56,36.5,97.4,0
71,36.5,95.7,1.9
75,36.3,96.4,0
89,36.7,98.4,5.9
93,37,97.3,15.3
91,36.4,99.2,0
75,36.4,97.5,0
67,35.9,97.3,0
81,36.5,95.9,4.5
62,34.6,99.8,0
63,36.9,95.7,7.5
82,36.3,95.4,1.8
81,36.6,96,6.3
69,37,95.6,11.5
87,36.7,99.4,3.3
80,36.5,95.8,4.4
79,36.5,96.1,3.5
84,36.5,99.9,0
85,36.1,95.1,0
82,36.7,97.9,4.8
91,36.6,97.3,6.7
87,36.3,95.7,2.7
78,36.7,95.5,8.4
76,36.4,99.6,0
80,35.9,98.4,0
73,36.3,96.9,0
87,36.8,98.8,6.5
92,36.9,96.4,14.8
94,36.5,100,0.2
83,36.7,99.6,1.7
91,36.9,97,13.3
86,36.8,97.6,8.6
82,36.2,98.9,0
90,36.7,92.3,18.4
83,36.5,98,0.9
85,36.1,96.4,0
82,36.7,95.4,9.8
81,36.2,98.9,0
77,36.7,100,0
72,36.3,95.8,0
86,36.7,96,9.8
92,36.4,95.2,7.2
77,36.5,98.2,0
78,36.6,99,0
100,36.2,97.3,1.4
88,36.5,95.7,7
83,36.4,98.3,0
69,37,95.9,10.9
84,36.6,99.6,3.91E-14
85,36.3,97.6,0
92,36.6,95.8,10
93,36,96.8,0
84,37.2,92.1,27
87,36.1,99.8,0
64,36.6,98.5,0
83,36.9,98.3,8.3
56,36.8,98.7,0
62,36.5,91.4,7.8
80,36.4,86.4,21.2
61,36.4,98.6,0
71,37,98.9,5.5
65,36.5,95.2,1.1
72,36.5,98,0
88,36.1,97.9,0
83,36.5,95.1,6.7
91,36.6,97.2,6.9
70,37.2,99.5,8
78,36.7,96.1,7.2
86,36.8,97.5,8.8
81,37,97.6,11.1
81,36.7,95.7,8.9
77,36.7,96.4,6.3
84,36,91.6,4
87,36.9,99.2,7.7
85,36.6,95.3,8.9
85,36.7,96.5,8.5
86,36.5,95.8,6.2
86,36.5,99.4,0
84,36.7,96.9,7.4
91,36.9,95.1,17.1
87,36.5,95.9,6.3
83,36.4,95.3,4.3
62,36.5,95.3,5.66E-15
69,36.8,95.1,8.5
78,34.7,95.9,0
90,36.7,97,9
93,36.4,99.6,0
80,36.7,95.5,9
89,36.6,97.9,4.9
83,36.1,97.8,0
91,36.8,95.7,13.9
79,36.3,98.8,0
81,36.7,88,24.3
74,36.7,90.3,17.6
72,36.4,97.8,0
88,36.3,97.4,0
78,37,93.8,17.8
76,36.4,97.1,0
65,36.2,97.9,0
69,36.4,98.7,0
88,36.3,98.2,0
79,37.2,95.6,18.5
90,36.1,99.6,0
81,36.6,98.6,1.1
80,36.5,95,6
78,37,95.7,14
80,36.1,99.1,0
90,36.1,96.3,0
81,36.1,99.7,0
57,37.3,95.1,14.9
55,36.4,98.4,0
78,36.3,97.1,0
84,36.9,98.7,7.8
88,36.6,96.2,8
64,36.6,95.1,3
86,36.7,99.6,2.6
77,36.6,99.1,0
78,36,98.8,0
79,36.4,98.4,0
79,36.8,97.1,7.5
80,36,97.8,0
90,36.1,95.7,0
94,36.7,93.1,18
77,36.5,97.2,0.7
61,36.3,96.2,0
51,36.5,95.7,0
67,36.2,98.6,0
70,36.1,95.3,0
66,36.4,96,0
53,36.6,97.3,0
55,36,96.8,0
56,37,95.5,7.8
47,36.3,96.9,0
49,36.6,98.5,0
53,36.5,95.4,0
64,37,97.5,6.2
83,36,97,0
84,36.2,91.7,7.8
77,36.4,97.5,0
57,34.3,95.6,0
60,37,97.3,5.4
56,36.7,94.2,4.4
47,36.5,96.7,0
63,36.5,96.1,0
82,36.8,97.9,6.8
132,36.8,95.4,26.8
133,36.9,98.9,22.1
104,36.6,91.2,22.8
87,36.8,99.7,4.7
83,36.2,99,0
81,36.8,97.2,7.9
193,36.5,96.5,36.9
78,36.7,97.6,4.2
89,36,95.6,0
98,36.2,97.3,0.8
112,36.9,99.1,15.4
89,37,99.1,10.5
83,36.4,90.4,14.1
74,36.4,97.4,0
84,36.9,96.8,11.6
91,36.6,96.8,7.7
59,36.6,96.2,0
75,38.9,96.1,50.3
80,36.5,96.4,3.2
81,36.5,97.1,2.1
77,36.1,96.5,0
91,36.3,99.5,0
93,36.2,96.6,0.7
94,36.9,95.7,16.8
80,36.3,96.9,0
90,36.3,99.2,0
83,36.1,95.6,0
92,36.7,100,3.6
84,36.4,94,7.2
81,36.3,99,0
90,36.7,100,3
82,36.5,99.4,0
81,36,95.6,0
81,36.6,98.8,0.7
91,36.2,99.3,0
93,37,95.2,19.5
94,36,95.7,0
77,36.4,90.1,12.9
78,36.7,100,0
76,36.5,93,8.8
75,36.2,95.7,0
81,36.7,95.3,9.7
79,36.7,97,5.7
73,36.1,99.2,0
77,36.4,97.7,0
73,36,98.5,0
79,36.4,96.9,0
83,36.9,98.6,7.7
69,37.1,98.1,8.5
78,36.2,95.3,0
73,36.2,96.6,0
66,36.5,99.3,0
77,36.8,96.9,7.3
56,36.7,99.9,0
72,37.1,95.9,13.8
50,36.4,95.1,0
60,36.6,99.3,0
85,36.5,99,0
80,36.6,96.4,5.2
78,36.7,95.8,7.8
85,37,95.2,17.1
81,36.4,97,0.3
74,36.8,98,4.2
78,36.1,97.1,0
73,36.2,97,0
87,36.2,96.2,0
92,36.1,95.8,3.38E-14
82,36.4,95.7,3.2
74,37,92.8,18.6
89,36.6,96.3,8.1
90,36.5,98.7,1.6
79,36.5,98.5,0
77,36.7,97,5.1
67,36.7,99.4,0
87,36.3,95.7,2.7
55,36.8,98.4,0
78,36.8,95.2,11
97,36.1,96.6,0
95,36.5,96.6,7.3
94,36.3,98.3,0
78,36.1,95.3,0
76,36.5,99.2,0
84,36.4,98.2,0
82,36.5,95.9,4.8
88,36.9,97.8,10.8
92,36.4,97.3,3
84,36.6,93.2,12.8
91,36.1,99.2,0
87,36.2,98.7,0
85,36.7,96.2,9.1
80,36.8,99.2,3.6
61,37.4,98,12.3
80,36.5,95.3,5.4
81,36.4,95.8,2.7
81,36.9,96.4,11.5
91,36.3,96,3.3
84,36.5,99.3,0
85,37,97.8,11.9
78,36.5,97,1.4
84,36.4,98.1,0
85,36.7,92.9,15.7
92,36.5,97.7,4.2
60,36.6,99.8,0
78,35.9,95.3,0
76,36.2,98.8,0
83,36.9,95.2,14.5
81,36.3,97.4,0
77,36.9,98.8,5.5
56,36.8,99.6,0
74,36.3,97.9,0
79,36.1,99.9,0
90,36.6,95.5,10
93,36.6,99,3.9
100,36.4,98,4
90,36.1,96.5,0
81,36.3,99.7,0
93,36.3,98.7,0
93,36.6,99.6,2.7
94,36.5,99.4,1.4
81,37.1,99.2,9.9
90,37,95.6,17.8
94,34.9,98.8,0
84,36.6,96.4,6.4
82,35.9,99.6,0
78,36.3,96.3,0
80,36.6,99.8,0
90,35.9,96.9,0
83,38.4,97.5,39.9
79,36.2,99.4,0
88,36.7,97.3,7.8
81,36.2,99.5,0
80,36.9,93,18
79,36.3,97.2,0
78,36.7,97.4,4.6
85,36.3,97.4,0
68,36.2,95.9,0
78,36.5,95.6,4.2
80,36.4,96.7,0.6
81,36.2,96.3,0
81,36.4,96.5,1.3
91,36.5,97.8,3.7
94,36.7,95.1,14
94,35.9,98.7,0
84,36.4,98.3,0
82,36.3,96,0.6
92,36.5,95.7,8.2
85,36.6,99.9,0
92,36.5,99.8,5.33E-15
84,36.5,95.5,6.2
82,36.6,96.4,5.8
92,36.3,97.9,0
84,36.5,98.6,1.07E-14
80,36.1,99.8,0
81,36,97.1,0
90,36.4,97.8,1.4
93,37.3,98.6,18.7
60,36.1,96.7,0
82,36.4,97.9,0
84,36.7,96.9,7.4
74,36.4,97.1,0
71,36.1,95.6,0
102,36.5,92.3,18
97,36.3,91.9,13.3
95,36.2,95.6,3.3
112,36.7,98.8,12
110,36.8,96.3,18.4
88,36.2,95.2,2
92,36.5,98.7,2.2
80,36.4,98.5,0
90,36.5,99.5,0
80,36.4,95.1,3.8
84,36.4,91.9,11.4
91,36.5,95.3,8.7
93,36.5,96.6,6.7
84,36.2,99.5,0
82,36.7,99.7,1.2
81,36.5,85.1,26.1
81,36.2,96.5,0
77,36.7,97.1,4.9
80,36.5,96.5,3
81,36.4,96.3,1.7
77,36.4,97.4,0
88,36.1,95.5,0
92,36.6,96.6,8.4
84,36.2,95.6,6.75E-14
82,36.1,96.5,0
63,36.9,99,0.9
69,36.4,98.3,0
78,36.6,95.6,6.2
80,36.7,96.1,7.8
86,36.9,95.9,14
71,36.3,97.5,0
81,36.5,97.2,1.9
91,36.2,97.3,0
82,36.7,97.5,5.6
91,36.8,96.8,11.7
84,36.5,97.3,2.6
92,36.4,99,0
105,36.5,97.3,8.9
91,36.5,96.8,5.7
86,36.3,95.3,3.2
86,36.3,97.2,0
82,36.6,99.6,0
92,36.2,98.8,0
83,36.1,99.7,0
81,36.7,88.2,23.9
81,36.4,95.7,2.9
91,36.2,96.8,0
87,36.7,98.5,5.1
91,36.7,94.3,14.7
93,36.3,97.9,0.1
82,36.9,95.7,13.2
85,36.4,98.5,0
81,36.4,90.6,13.1
84,36.3,97.5,0
75,36.4,97.1,0
80,37,99.6,6.8
81,36.3,96.1,0.1
94,36.3,98.7,0
82,36,97.4,0
62,36.4,95.6,0
80,36.9,98.5,7
92,36.2,98.5,0
116,36.5,99.5,7.8
94,36.6,96,10.2
81,36.5,88.7,18.9
84,36.2,95.7,0
77,36.4,96,1.1
76,36.3,98.7,0
80,34.9,96.2,0
89,36.1,98.1,0
80,36.7,97.2,5.6
84,36.9,99.3,6.6
97,36.6,98.3,6.5
85,36.7,96.6,8.3
92,36.4,98.8,0
99,36.1,95.9,1.9
90,36,99.3,0
81,36.6,99.7,0
85,35.9,96.9,0
109,36.4,93,16.7
103,36.8,96.8,15.3
87,36.1,93.6,2.9
88,36.7,99.1,4.2
93,36.2,97.5,0
91,36.6,91.3,18.7
84,36.8,99.2,4.8
82,36.7,98.8,3
91,36.2,96.6,0.1
93,36.8,97.9,10.1
88,36.6,99.4,1.6
94,36,99.9,0
94,36.4,99.4,0
95,35.6,96.6,0
94,36.1,97.4,0
72,36.7,95.9,5.8
82,36.8,98.5,5.6
86,36.9,98.4,9
83,34.8,95.1,0
92,36.5,96.9,5.8
104,36.4,97.6,6
63,36.3,98.6,0
97,36.6,99.3,4.5
84,36.8,100,3.2
103,35.9,99,0
96,36.6,95.9,11
95,36.5,99.8,0.9
80,36.2,96.3,0
91,36.7,95.3,12.7
87,36.1,99.8,0
82,36.7,95.3,10
91,36.5,97.2,4.9
93,36.8,99.3,7.3
100,36.3,95.5,7
86,36.1,99.3,0
92,36.6,96.8,8
84,36.7,97.9,5.4
91,36.5,100,0
84,36.3,97.3,0
82,36.4,95.2,4.2
77,34.1,95.2,0
90,36.4,95.7,5.6
83,36.3,96.8,0
79,36,96.9,0
90,36.7,92.4,18.2
83,36.9,96.8,11.3
77,36.6,99.3,0
88,36.6,92,16.4
83,36.5,91.9,13.1
81,36.4,100,0
81,36.6,95.1,8.1
91,36,97.9,0
84,36.1,96.8,0
91,36.6,95.9,9.5
93,36.3,96.9,2.1
65,36.7,99.7,0
77,36.5,96.9,1.3
81,36.5,97.2,1.9
91,36.6,99.6,2.1
93,36.3,95.8,4.3
94,36.1,97,0
84,36.3,97.8,0
91,36.6,96.1,9.1
93,36.7,96.5,10.9
80,36.6,95.4,7.2
79,36.5,96.1,3.5
90,36.5,98.1,2.8
94,36.6,99.6,3
84,36.3,95.6,2
97,35.7,98.1,0
85,36.3,97.6,0
82,35.9,98.2,0
92,36.4,95.2,7.2
84,36.8,99.2,4.8
92,36.3,97,1.6
83,36.8,98.6,5.7
76,36,96.4,0
78,36.4,98.6,0
87,36.9,99.8,6.5
75,36.2,95.8,0
75,36.3,96.6,0
72,36.7,99.7,0
76,36.8,95.6,9.6
79,36.7,95.6,8.5
73,37.2,97.8,12.3
49,36.7,99.7,0
70,36.3,98.4,0
71,36.5,98.6,0
69,36.5,96.7,0
82,36.9,85.3,34
79,36.7,98.1,3.5
56,36.1,99.2,0
74,36.3,98.5,0
74,36.6,95.4,5.4
89,36.5,99.6,0
79,36.2,99.4,0
90,36.8,96.1,12.8
93,36.1,97.2,0
62,37.1,96.7,9.2
74,36.3,98,0
89,36.1,99.5,0
93,37,99.9,10.1
88,36.8,99,6.4
87,36.3,90.9,12.3
82,36.4,99.6,0
79,36.6,98.4,0.9
85,36.8,95.2,13.1
92,37.2,96,21.6
94,36.6,98.3,5.6
65,36.6,99.2,0
75,36.7,97.1,4.3
90,36.3,96.5,2
93,36.2,97.5,0
109,36.5,96.2,12.3
84,36.6,93.1,13
91,36.9,96.5,14.3
93,36.8,96.1,13.7
94,36.8,95.7,14.8
111,36.2,97,5.3
82,36.6,96.8,5
108,36.7,99.5,9.4
92,36.5,97.2,5.2
104,36.6,99.6,6
87,36.4,97.8,0.5
103,36.2,97.7,1.5
87,36.1,98.5,0
115,36.7,99.9,10.7
100,36.6,99.8,4.4
86,36.2,96.1,0
82,36.1,98.9,0
88,36.7,98.6,5.2
98,36.5,98,5.4
86,36.2,96.6,0
93,36,95.1,0
94,36.9,96.1,16
94,36.6,99.5,3.2
84,36.7,97.3,6.6
80,36.2,97.7,0
81,36.5,97.3,1.7
81,36.4,98.7,0
81,36.6,98.9,0.5
81,36.7,99.4,1.5
91,36.9,95.8,15.7
93,36.5,95.9,8.1
88,36.9,98.1,10.2
92,36.6,90.7,20.2
94,36.7,97.9,8.4
95,36.6,97.4,7.7
81,36.6,99.2,0
81,36.5,97.8,0.7
102,36.7,95.6,15.4
96,36.8,96.1,14.6
95,36.4,95.2,8.1
100,36.1,94.8,4.4
85,36.7,99.7,2.1
82,36.5,95.2,6.2
91,36.4,95.6,6.1
94,36.6,100,2.2
105,36.1,98.9,0
90,36.3,98.3,0
83,36.2,95.8,0
79,36.9,99.6,4.5
90,36.7,99.4,4.2
91,36.5,95.6,8.1
93,36.2,98.5,0
100,36.8,98.1,11.8
105,36.3,98.2,3.1
87,36.1,95.3,0
103,36.5,98.1,6.7
87,36.1,96.1,0
83,36.9,96.8,11.3
114,36.6,97.9,12.4
90,36.3,97.7,0
83,36.5,99.9,0
82,36.7,100,0.6
91,36.6,99.7,1.9
93,36.5,98.4,3.1
82,36.7,97.9,4.8
85,37.2,96.1,19.3
81,36.5,95.9,4.5
76,37,98.1,8.6
95,36.7,96.2,12.1
117,36.5,94.5,18.1
88,38.3,98.8,36.8
93,36.9,95.5,16.9
94,37.1,96.2,19.8
94,36.5,98.2,3.8
84,37,98,11.2
63,36.8,96.9,3.1
74,36.6,99.1,0
72,36.8,99.9,0
79,36.1,94.9,0
80,36.7,96.2,7.6
77,36.6,98.9,0
72,36.6,96.5,2.6
88,36.3,96.4,1.6
78,35.7,96.3,0
84,35.9,95.6,0
85,36.8,98.2,7.1
82,36.2,99.2,0
85,36.6,97.7,4.1
81,36.5,98.4,0
81,36.4,98,0
81,36.5,90,16.3
81,36.6,98.9,0.5
81,36.5,99.1,0
88,36.3,96.4,1.6
83,36.5,96.2,4.5
82,36.2,98.9,0
91,35.7,95.2,0
84,36.5,99.2,0
82,36.7,98.6,3.4
91,36.5,97.5,4.3
84,36.5,97.5,2.2
69,36.3,96.7,0
73,36.3,96.7,0
89,34.2,96.2,0
81,36.1,95.7,0
77,36.1,99.7,0
89,36.8,96,12.7
92,36,96.7,0
84,36.4,98.3,0
78,36.1,93.5,0.4
79,36.8,99.7,2.3
91,36.3,99.8,0
80,36.5,98.2,0
81,36.8,98.6,5.1
80,36.8,96.1,9.8
91,36.7,95,13.3
94,36.8,97.4,11.4
95,36.3,97.6,1.3
85,35.8,96.9,0
82,36.6,98.7,1.2
85,36.5,97.3,2.9
82,36.3,96.4,0
92,36.2,85.4,22.8
81,36.4,97.9,0
91,36,95,0
90,36.7,96.8,9.4
94,36.6,98.5,5.2
84,36.3,97.6,0
82,36.3,99.6,0
81,36.6,95.8,6.7
79,36.4,93.7,6.3
90,36.8,97.4,10.2
94,36.6,97.7,6.8
84,36.2,98.5,0
69,36.2,95.5,0
82,36.6,96.9,4.8
81,36.5,97.1,2.1
79,36.9,97.9,7.9
88,37.1,85.6,39.2
86,36.2,97.3,0
87,36.9,95.7,14.7
90,36.2,98.7,0
95,36.4,96.9,4.7
95,36.4,97.8,2.9
85,36.2,96.6,0
82,36.5,96.9,2.8
78,36.8,99.1,3.2
90,36.4,94,9
83,36.6,98.4,2.1
91,36.4,98.5,0.3
81,36.6,97.6,3.1
77,36.3,99.9,0
80,36.4,95.5,3
79,36.3,98,0
80,36.7,97.5,5
81,37,93.6,19.1
77,36.6,99.5,0
80,36.5,97.8,0.4
81,36.8,96.5,9.3
81,36.7,97.3,5.7
77,36.5,99,0
89,36.3,97.6,0
71,36.3,95.4,0
95,36.6,96.5,9.5
84,36.6,95.8,7.6
91,36.5,97,5.3
82,35.7,96.3,0
92,36.5,98.3,3
87,36,95.6,0
93,37,93.1,23.7
81,36.4,95.4,3.5
81,36.4,95.5,3.3
62,36.3,98.5,0
76,36.6,100,0
61,36.7,99.1,0
86,36.5,96.3,5.2
92,36.5,98.9,1.8
82,36.7,97.8,5
74,36.5,99.9,0
66,36.4,97.5,0
69,36.5,99,0
70,36.5,98.2,0
66,36.6,95.7,2.4
75,36.9,97.7,7.1
89,36.8,98.3,8.1
92,36.3,95.4,4.8
84,36.5,99.3,0
93,36.8,96.8,12.3
94,36.7,93.9,16.4
94,36.9,95.1,18
65,36.8,99.3,0
81,36.5,95.5,5.3
91,36.8,98.8,7.7
71,36.5,97.8,0
65,36.5,99.9,0
87,36.4,97.1,1.9
91,36.1,97.2,0
94,36.5,99,2.2
83,36.3,95.3,2.3
57,37.3,99.3,6.5
78,36.4,99.2,0
79,36.7,98.9,1.9
73,36.8,98.7,2.5
79,37.2,96.4,16.9
84,36.8,99.2,4.8
92,36.8,95.4,14.8
65,36.9,99.4,0.7
63,35.9,97.2,0
87,36,96.8,0
58,36.3,99.6,0
85,36.4,97.8,0
82,36.4,95.4,3.8
91,36.3,99.5,0
81,36.3,96,0.3
81,36.4,97,0.3
86,36.8,98.4,7
88,36.3,97.1,0.2
76,36.6,99.5,0
79,36.6,97.6,2.5
96,36.4,97.5,3.8
84,36.4,97.9,0
81,36.5,97.9,0.5
85,36.7,99.6,2.3
82,36.1,97.1,0
79,36.3,91,9.7
76,36.5,99.2,0
80,36.6,96.8,4.4
81,36.9,99.3,5.7
88,35.7,99,0
92,37.2,96.3,21
83,36.7,98.4,4.1
62,36.2,98.2,0
86,36.9,99.8,6.2
79,36.3,99.8,0
56,36.8,95.5,3.8
67,36.6,97.4,0
77,37.1,96.1,14.9
76,36.3,91.1,8.6
80,36.8,97.8,6.4
76,36.9,98.2,6.4
80,36.4,96.7,0.6
81,36.7,98.8,2.7
90,37.2,94.2,24.6
79,37,99.4,6.9
83,36.7,98.4,4.1
96,35.9,97.9,0
72,38.1,96.6,32.4
82,35.7,96.3,0
83,36,91.2,4.5
87,36.5,98.7,0.7
102,36.5,95.5,11.6
99,36.3,99.7,0
96,36.3,99.4,0
98,36.1,98.5,0
96,36.5,96.2,8.4
61,36.8,95.7,4.9
54,36.6,96.6,0
61,36.2,95.6,0
85,36.2,95.9,0
63,36.4,96.3,0
76,36.8,96.8,7.2
89,36.2,97.6,0
100,36.5,98.4,5.2
107,36.6,95.3,15.5
104,36.7,99.9,7.4
108,36.3,97,6.4
88,36.3,97.4,0
80,36.6,98.7,0.6
120,36.5,95.1,17.8
104,36.5,97.4,8.4
104,35.9,98.9,0
68,36.7,97.7,1
53,36.4,95.7,0
55,36.5,99,0
67,35.9,98.1,0
80,36.6,99.9,0
81,36.3,97.6,0
91,37,95.3,18.7
84,36.5,90.5,16.2
91,36.2,95.7,1.9
84,36.6,99,1.2
91,36.5,99.2,0.9
102,36.3,97.5,3.6
86,36.8,96,11.8
58,36.7,98.2,0
62,36.8,96.9,2.8
52,36.4,98.3,0
73,36.6,97.7,0.5
89,39,96.3,56.1
81,36.4,95.5,3.3
99,36.2,99.2,0
88,36.9,99.1,8.2
84,36.4,95.2,4.8
78,36.3,96.6,0
73,36.4,98.8,0
77,37,91.5,22.1
68,36.3,99.2,0
53,37,99,0
70,36.4,95.5,0
78,36.5,99.2,0
107,36.6,98.3,9.5
99,36.1,98.2,0
96,36.5,95.9,9
94,36.3,99.5,0
85,37,96,15.5
92,36.5,96.2,7.2
84,35.8,97.8,0
78,36.6,97.2,3
79,36.5,96.5,2.7
90,37.2,96.1,20.8
84,36.2,95.5,0.2
80,36.6,98.3,1.4
91,36.7,99.7,3.9
84,36.2,91.1,9
80,36.8,96.2,9.6
81,36.3,95.2,1.9
68,36.6,97.6,0
77,37.1,96.1,14.9
80,36.2,99.4,0
62,37,95.9,8.8
85,36.6,96.8,5.9
82,36.1,95.7,0
81,36.9,99.2,5.9
81,36.7,98.5,3.3
77,37,97.8,9.5
95,36.4,96.7,5.1
106,35.9,95.7,0.4
88,36.1,95.8,0
86,36.9,98,9.8
80,36.6,96,6
78,36.5,94.1,7.2
76,36.1,98.5,0
55,36.4,97.5,0
83,36.8,98.6,5.7
69,36.5,97.3,0
54,36.3,98.4,0
49,36.6,96.9,0
73,36.9,95.4,11.1
79,36.5,99.4,0
79,36.8,96.9,7.9
90,37.2,97.5,18
83,36.6,96.5,5.9
82,36.3,95.2,2.2
91,36.7,98,7.3
75,36.6,95.8,4.9
80,36.7,95.2,9.6
91,35.8,98.4,0
84,36.7,99.1,3
92,36.3,95.4,4.8
94,36.4,98,2.2
84,36,95.2,0
91,36.6,98.7,3.9
87,36.3,95.8,2.5
81,36.5,98.1,0.1
93,36.8,98.2,9.5
83,37.1,98,12.9
78,36,99.8,0
80,36.3,96.5,0
81,36.4,91.9,10.5
85,36.7,97.8,5.9
80,36.7,99.5,1
81,36.8,98.6,5.1
77,36.5,91,13.1
89,36.5,95.1,8.5
90,36.6,99.6,1.8
83,36.7,98.9,3.1
91,36.5,97.7,3.9
99,36.6,95.4,12.9
94,36.6,95.7,10.8
80,36.6,99.1,0
57,36.9,95.3,6.5
70,36.4,96.1,0
74,36.3,99,0
83,36.8,97.6,7.7
74,36.3,99.2,0
76,36.5,98.8,0
89,36.6,95.2,10.3
93,36.4,99.4,0
80,36.4,97.9,0
101,36.2,95.7,4.9
86,36.8,95.5,12.8
92,36.8,96.6,12.4
79,36.5,98.1,0
77,36.6,99,0
78,36.8,98.5,4.4
73,36.4,98.3,0
66,36.4,98.9,0
77,36.5,96.4,2.3
76,36.1,95.2,0
81,36.6,97,4.3
91,36.6,99.5,2.3
93,36.2,95.7,2.5
78,36.5,96.4,2.6
55,37,97.2,4.1
61,36.7,99.7,0
86,36.1,95.8,0
74,36.4,99.1,0
83,36.8,96.5,9.9
85,36.2,95.5,0.5
60,36.9,99.4,0
68,36.6,97.1,0.2
59,36.8,95.4,4.9
75,36.7,99.8,0
83,36.5,96,4.9
91,36.4,95.2,6.9
79,36.7,95,9.7
81,36.4,97.5,0
81,36.4,95.6,3.1
77,36.8,99,3.1
76,36.3,95,0.8
97,37,99.3,12.5
85,36.7,98.1,5.3
82,36.4,99.1,0
87,36.7,96.5,9.1
106,36.6,96.7,12.4
107,36.2,92.2,13.7
108,36.4,94.9,12.6
84,36.5,98.8,0
81,36.3,96.7,0
74,36.7,95.9,6.4
81,36.2,97.4,0
68,36.9,95.1,10.2
78,36.3,95.4,0.6
90,36.1,98.4,0
93,36.2,98.2,0
84,36.3,95.8,1.6
83,36.6,97.5,3.9
81,36.7,99.8,0.7
91,37,97.5,14.3
64,36.7,97.7,0
76,37.1,95.5,15.8
89,36.5,97,4.7
82,36.8,98,6.6
91,37.3,98.9,17.5
94,36.7,99.8,4.6
94,36.3,97.5,1.2
88,36.6,96.7,7
76,36.3,98.2,0
83,36.7,95.6,9.7
82,36.5,99.7,0
89,36.8,97.5,9.7
59,36.1,96.5,0
56,37.3,95,14.8
50,36.8,96.9,0
96,36.8,99,8.8
84,36.3,95.4,2.4
81,36.2,98.4,0
77,36.7,95.1,8.9
81,36.2,99.5,0
91,36.4,98.3,0.7
92,36.4,98.4,0.8
83,36.3,97.5,0
69,36.5,97.9,0
78,37,95.4,14.6
61,36.8,95.4,5.5
81,36.6,99,0.3
89,36.4,95.7,5.3
91,36.3,96.1,3.1
95,36.7,96.6,11.3
91,36.2,96.2,0.9
84,36.1,99.6,0
92,36.3,97.3,1
75,36.8,98.3,3.9
84,36.4,95.7,3.8
88,36.7,99.3,3.8
91,34.8,96.1,0
86,36.4,97.7,0.4
93,36.8,95.7,14.5
85,36.7,96.4,8.7
93,36.9,95,17.9
94,36.2,95.6,3
80,36.3,99.4,0
67,36.1,98.2,0
88,36.8,99.7,5
75,34.5,97.3,0
75,36.8,96,8.5
70,36.5,99.5,0
78,36.1,95.3,0
79,36.6,97.5,2.7
76,36.3,99.1,0
93,35.9,99.2,0
94,36.5,97.1,6
95,36.3,98.7,0
95,36.7,95.1,14.3
85,36,97.1,0
80,36.5,85.6,24.8
81,36.2,97.9,0
76,36.8,98.1,4.6
80,37,96.6,12.8
77,36.8,98,5.1
78,37.1,96.3,14.8
90,36.2,99.5,0
87,36,98.3,0
92,36.6,98.2,5.2
77,36.6,99.4,0
89,36.8,95.5,13.7
81,36.2,95.5,0
81,36.1,97.2,0
81,36.4,90.1,14.1
74,37,97.5,9.2
74,36,95.8,0
75,36,96.3,0
75,35.8,99.9,0
90,36.1,97.6,0
80,36.4,96.5,1
90,36.8,96.8,11.4
80,36.6,97.7,2.6
73,36.6,95.7,4.5
82,36.8,95.1,12.4
91,36.4,99.5,0
84,35.8,97.9,0
85,36.9,97.7,10.1
82,36.8,96.4,9.8
81,36.2,95.1,0.1
91,36.3,95.8,3.7
87,36.5,99.2,0
64,36.4,95.6,0
86,36.3,95.4,3
92,36.6,95.1,11.4
71,36.1,98,0
88,36.3,96.4,1.6
70,35.6,97.1,0
76,36.8,96.3,8.2
72,36.6,98.1,0
77,36.1,99.1,0
80,36.8,98.9,4.2
68,35.9,97.9,0
83,36.2,96.5,0
68,36.2,97.4,0
70,36.6,96.9,1.2
71,36.9,98.8,3.7
66,36.8,97.1,3.6
53,36,96.2,0
70,36,99.7,0
71,36.4,99.9,0
78,36,99.6,0
78,36.3,99.7,0
98,35.9,95.2,0
95,37,97.8,14.9
83,36.6,95.2,8.5
57,36.3,99.7,0
50,36.6,95.2,0
83,36.9,98.6,7.7
92,36.1,97.4,0
82,36.3,95.9,0.8
69,36.4,98.5,0
87,36.7,98.3,5.5
79,36.8,94.5,12.7
56,36.1,98.8,0
50,36.7,95.3,0.4
60,34.7,92.8,0
76,36.4,97.5,0
89,36.6,99.6,1.5
93,36.6,96.6,8.7
80,36.5,99.5,0
81,37.1,96.9,14.5
81,36.4,99.6,0
91,36.2,97.9,0
76,36.3,97,0
55,36.5,97,0
62,36.4,98.7,0
57,36.9,90.4,16.3
73,36.4,90.6,10.7
79,36.7,99,1.7
67,36.4,92.7,4.7
65,36.6,96.8,0
77,35.8,97.8,0
80,36.6,97.9,2.2
76,36.5,98.4,0
75,36.5,96.5,1.5
67,36.2,96.2,0
87,36,96.2,0
58,37.3,98.1,9.2
71,36.1,99.4,0
99,36.5,95.6,10.5
72,36.8,97.6,4.4
66,36.3,96.4,0
87,36.7,96.3,9.5
81,36.4,99.9,0
81,36.7,90.7,18.9
91,36.3,97.7,0
84,36.7,98.5,4.2
78,36.1,97.4,0
73,36.5,96,1.9
88,36.7,98.6,5.2
76,36.7,96.8,5.2
72,36.5,95.8,2
75,36.5,94.8,4.9
78,36.9,97.9,7.6
90,36.7,97.9,7.2
83,36.3,96.2,0.5
91,36.7,96.3,10.7
84,36.2,99.9,0
57,36.2,96.5,0
56,36.9,98.3,0.2
55,36.3,96.1,0
67,36.6,98.3,0
64,36.8,95,7.2
64,35.9,95.8,0
77,36.6,93.2,10.7
89,36.2,99.8,0
93,36.7,95.9,12.1
65,36.2,98.8,0
58,36.9,96.8,3.8
71,36.7,98.9,0
81,36.8,90.5,21.3
85,36.8,97.2,9.1
92,36.5,95.6,8.4
82,36.3,96.1,0.4
91,36.5,97.6,4.1
84,36.5,96.5,4.2
91,36.6,95.3,10.7
93,36.6,99,3.9
84,36.7,96.1,9
91,36.6,98.2,4.9
79,36.7,96.4,6.9
90,35.9,99,0
93,36.4,96.8,4.3
82,36.8,99.4,3.8
68,36.5,99.3,0
65,37.2,95.7,14.1
69,36.2,95.8,0
76,36.5,99.1,0
60,36.4,96.6,0
85,36.2,98.7,0
78,36.4,98.6,0
76,36.4,96.2,0.4
83,34.4,98.5,0
82,36.3,99.8,0
69,36.1,95.4,0
64,36.5,97.2,0
70,36.3,95.7,0
54,36.4,95,0
59,36.5,96.1,0
63,36.1,98.3,0
63,36.4,98.1,0
64,36.6,98.9,0
64,36.6,97.1,0
86,36.5,98.9,0
84,36.5,96,5.2
63,36.4,95.2,0
57,36.7,99,0
75,36.1,89.5,7.5
72,36.7,98.4,0.8
76,36.2,98.5,0
72,37.2,97.1,13.4
54,36.5,99,0
61,36.4,96,0
68,36.1,96.9,0
87,37.1,97.9,14.3
81,36.2,95.4,0
73,36.1,96.3,0
79,36.3,95.5,0.7
84,36.5,97.2,2.8
82,36.5,95.1,6.4
77,36.4,97.7,0
73,36.3,98.7,0
88,36.2,98.5,0
83,36.7,97.8,5.3
77,36.1,99.1,0
73,36.3,99.3,0
88,36.5,98.2,2
93,36.7,97.6,8.7
88,36.3,97.6,0
75,36.8,97.5,5.5
80,37,93.2,19.6
84,36.8,95.6,12
82,36.3,98.7,0
81,36.5,97,2.3
81,36.4,95.7,2.9
81,36.5,95.2,5.9
91,36.5,99,1.3
76,36.3,95.2,0.4
89,36.9,97.6,11.5
83,36,95.3,0
77,36.3,95.6,0
79,36.4,98.1,0
90,36.9,95.5,16
82,36.3,96.3,0
78,36.2,95.5,0
80,36.7,96.9,6.2
81,36,99,0
81,36.6,99.9,0
91,36.6,99.7,1.9
59,36.7,90.2,13.3
79,37,95.1,15.5
80,37,95.3,15.4
81,36.2,94,2.3
91,36.6,95.2,10.9
81,36.3,97.5,0
69,36.5,96.5,0
78,36.8,96.2,9
80,37.5,100,16
56,36.5,95.5,0
70,37.1,95.8,13.4
59,37.1,97.2,7.3
68,36.4,95.3,0
65,36.5,96.1,0
86,36.7,99.3,3.2
75,36.6,99,0
85,36.5,96.1,5.3
92,37.1,99,13.6
79,36.5,96.9,1.9
79,36.5,98,0
67,36.6,97.7,0
70,36.3,95.5,0
77,36.1,99.3,0
78,36.3,98,0
90,36.2,95.4,2.2
80,36.8,96.8,8.4
81,36.5,95.3,5.7
90,36.7,99,5
80,36.4,97,0
81,36.9,96.1,12.1
77,36.3,98.1,0
80,36.6,91.5,15
74,36.7,95.9,6.4
83,37,97.7,11.5
92,37.4,96.4,24.8
76,36.5,97.1,0.6
61,36.6,97.2,0
79,36.2,95.7,0
78,36.4,95.7,2
77,36.7,95.9,7.3
80,36.5,96.1,3.8
90,36.2,96.5,5.68E-14
76,36.5,99.3,0
75,37,95.7,13.1
89,37.1,95.5,19.7
79,36.3,92.7,6.3
90,36.8,95.7,13.6
70,36.6,95.1,4.8
74,36.4,98.4,0
83,36.1,98.1,0
91,36.6,99.2,2.9
93,36.4,99.1,0
83,36.6,99.7,0
80,36.2,97.1,0
74,36.6,97.3,1.6
78,36.4,96.8,0
78,36.3,98.1,0
78,37.5,98.5,18.4
79,36.5,99.5,0
78,36.8,99.7,2
80,35.7,99,0
76,36.4,97.7,0
75,36.4,99.3,0
60,36.8,99.6,0
74,36,98.4,0
89,36.7,95,12.7
59,36.3,97.8,0
68,36.1,96.9,0
70,36.3,98.4,0
54,34.7,96,0
69,36.3,96.9,0
75,36.5,98.1,0
91,36.3,98.5,0
76,36.5,97.9,0
72,36.7,98,1.6
88,36.9,95.9,14.6
76,36,95,0
76,36.5,95.9,3
75,36.7,99.3,0
90,36.7,97.7,7.6
93,36.3,96.2,3.5
60,36.4,97.9,0
85,36.9,90.1,25.3
57,36.6,98.9,0
67,36.5,95.6,0.9
70,36.5,99.2,0
78,36.4,99.2,0
80,36.5,99.6,0
79,36.1,96,0
90,36.4,99.5,0
93,36.2,98.9,0
94,36.9,95.8,16.6
84,36.6,98.9,1.4
102,36.5,94.7,13.2
84,36.2,97.7,0
69,36.5,97.4,0
71,35.9,97.1,0
88,36.6,99.3,1.8
70,37.2,95.8,15.4
82,36.8,100,2.6
62,36.5,99.8,0
72,36.6,97.6,0.4
77,36.6,94.8,7.5
75,36.8,100,0.5
72,36.7,99.4,0
71,36.6,98.6,0
71,36.3,97.9,0
71,36.3,98,0
74,36.6,96.5,3.2
60,36.4,95.7,0
85,36.8,99.2,5.1
80,36.8,98.8,4.4
73,36.5,95.7,2.5
72,36.9,95.1,11.4
75,36.2,98.7,0
79,36.4,98.2,0
73,36.4,99.6,0
66,36,95.1,0
67,36.1,95.4,0
70,36.5,99.4,0
82,36.5,96.4,3.8
78,36.4,95.9,1.6
78,36.3,95.4,0.6
61,36,98.5,0
57,36.8,99,0
50,36.5,98.5,0
49,36.9,99.4,0
65,36.8,99.7,0
69,36.5,96.7,0
74,36.9,96.5,9.2
77,36.4,95.7,1.7
67,37,99,4.1
58,36.2,92.7,0
71,36.7,98.6,0.1
59,36.6,97.1,0
68,34.2,99.4,0
70,36.7,95.6,5.8
88,36.4,96.9,2.6
83,36.8,96.2,10.5
91,36.6,95.1,11.1
79,36.4,95.7,2.3
73,36.4,98.6,0
83,36.7,93.5,13.9
91,36.8,95.5,14.3
87,37,97.8,12.5
64,36.7,95.1,5
73,36.6,96.5,2.9
79,36.4,96.1,1.5
76,36.8,97.2,6.4
80,36.8,96.4,9.2
81,36.7,96,8.3
76,36.7,95.7,7.4
56,36.4,99,0
50,36.4,96.7,0
71,36.5,97.1,0
77,36.3,98.8,0
80,36.7,97.9,4.2
77,36.4,92.6,7.9
61,36.8,98.5,0
68,36.6,96.3,1.8
70,36.7,96.9,3.2
71,36.5,92.1,9.1
78,36.5,85.1,25.2
56,36.6,100,0
66,36.7,95.5,4.8
58,36.1,99.9,0
68,36.4,99.2,0
62,36.6,97.6,0
72,36.2,97.7,0
88,37.1,97.9,14.6
70,36.9,97.9,5.2
71,36.9,95,11.3
66,36.9,98.5,2.8
75,36.6,96,4.5
55,36.3,98.9,0
74,36.2,99.7,0
60,36.8,88.3,19.4
63,36.7,97.6,0
86,36.6,92.8,14.2
86,36.4,97.9,0
103,35.9,96.6,0
83,36.4,95.4,4.1
91,36.4,99.6,0
81,36.8,97.9,6.5
81,36.5,96,4.3
69,36.1,97.1,0
76,36.7,96.2,6.4
78,36.8,95.3,10.8
91,36.4,97.5,2.3
70,36.3,98.9,0
71,36.6,92.1,11.1
88,36.5,96.5,5.4
81,37,98.2,9.9
57,36.8,96.1,2.9
55,36.5,98,0
67,36.4,97.2,0
87,36.5,99.3,0
83,35.7,96.1,0
78,36.7,96.5,6.4
76,37,97.7,9.4
72,36.5,100,0
89,36.7,96,10.7
64,36.6,96.9,0
80,36.9,96.1,11.8
79,36.5,97,1.7
90,36.4,99.1,0
76,36.5,98.2,0
83,37,98.9,9.1
74,36.5,96.4,1.4
54,36.7,95.9,0.4
74,36.4,95.6,1
79,36.3,97.2,0
73,36.6,96.4,3.1
60,36.2,97.6,0
79,36.2,97.2,0
73,37.1,96.5,12.9
79,36,97.7,0
83,36.4,99.8,0
74,36.5,96.3,1.6
60,36.3,97.9,0
79,36.4,92.2,9.3
91,36.3,98.8,0
71,36,97.4,0
74,36.4,98.8,0
72,36.8,98.2,3.2
65,36.2,98.7,0
70,35.9,99.6,0
76,36.5,96.2,2.4
67,36.6,96.6,0.9
53,36.9,98.1,0
74,36.2,96.8,0
75,36,96,0
89,36.3,95.2,4.3
93,36.8,99.6,6.7
77,36.7,96.4,6.3
80,36,98.1,0
81,37,98.4,9.5
81,36.6,98.3,1.7
62,37,99.2,2.2
80,36.5,95.5,5
76,37.4,98.2,16.4
61,36.4,95.4,0
79,36.4,97.9,0
68,36.2,90.7,5
64,36.9,98.6,2
87,37,91.1,25.9
92,36.3,89.8,16
77,36.7,95.6,7.9
61,36.1,98.3,0
57,36.4,96,0
75,36.3,98.2,0
70,36.3,95.6,0
77,36.1,99.4,0
80,37.2,98.4,13.2
77,36.4,96.2,0.7
84,36.1,97.1,0
74,36.1,98.9,0
89,36.3,95.3,4.1
76,36.6,98.9,0
89,36.3,91.9,10.9
76,36.2,96.3,0
72,36.3,99.4,0
93,36.4,99.2,0
88,36.4,99.2,0
75,36.7,97.2,4.1
60,37,98.7,2.6
79,36.8,97.6,6.5
61,36.2,96.4,0
63,36.7,98.9,0
69,36.3,97.6,0
87,36.6,96.2,7.7
75,36.3,98.4,0
80,36.5,99.1,0
78,37,98.2,9
56,35.7,99.7,0
62,36.8,100,0
72,36.4,97.4,0
70,36.3,97.4,0
71,36.3,97.8,0
71,36.3,91.4,6.5
71,36.7,96.8,3.7
71,36.7,96.2,4.9
59,36.8,96.3,3.1
68,34.4,99.6,0
87,36.1,98.3,0
75,36.7,95,8.5
79,36.4,97.6,0
76,36.1,96.6,0
89,36.2,97.6,0
76,36.4,99.5,0
83,36.3,95.2,2.5
91,36.5,99.9,0
93,36.6,99.2,3.5
80,36.8,87.8,26.4
56,36.6,96.4,0
84,36.6,99.3,0.6
74,36,95.7,0
60,36.4,96.3,0
68,36.9,96.3,7.8
88,36.8,99,6.4
83,37.1,87.2,34.5
57,36.6,95.4,0.3
71,36.4,95.2,0.9
76,36.4,97.8,0
72,36.2,95.5,0
71,36.5,95.5,2.3
59,36.4,98.3,0
71,36.1,99.3,0
74,36.8,98,4.2
55,37,96,6.5
70,37,99.4,4.2
71,36.8,100,0
78,36.2,96.7,0
90,36.7,99.4,4.2
76,36.6,96.3,4.2
76,36.4,93.8,5.2
80,36.6,99.6,0
73,37.1,96.7,12.5
89,36.4,97,2.7
83,36,98.4,0
77,36.7,99,1.1
82,36.4,97.7,0
91,36.5,100,0
82,36.7,98.1,4.4
91,36.5,99.5,0.3
76,36.2,99.3,0
80,36.4,99.7,0
77,36.7,98.3,2.5
76,36.6,90.3,16.2
89,36.9,99.6,7.5
83,36.5,99.8,0
77,36.7,95.9,7.3
90,35.9,97.8,0
82,36.3,95.4,1.8
78,36.8,95.7,10
80,36.7,96.4,7.2
56,36.6,97.8,0
74,36.5,97.3,0
60,36.3,99.2,0
86,36.5,97.5,2.8
92,36.5,97.8,4
80,36.5,97.1,1.8
56,36.4,98,0
84,36.5,95,7.2
74,36.7,96.3,5.6
79,36.5,98.3,0
78,36.4,97.2,0
56,36.1,99.2,0
50,36.2,97.9,0
65,36.5,97.4,0
64,36.7,99,0
76,37,97.8,9.2
78,36.8,100,1.4
68,35.9,96.1,0
87,36.6,98.3,3.5
86,36.3,95.3,3.2
82,36.7,98.6,3.4
57,36.8,99.3,0
67,36.2,95.7,0
76,36.8,98.1,4.6
83,36.4,95.4,4.1
72,36.6,96.6,2.4
89,38.2,98.3,36.1
76,36.4,99.9,0
75,36.9,98.5,5.5
89,37,99.7,9.3
76,36.4,98.6,0
80,36.4,96.1,1.8
76,36.4,95.3,2.2
79,36.7,96,7.7
76,36.2,97.3,0
77,36.7,97.6,3.9
84,36.5,97.1,3
78,36.3,99.4,0
77,36.5,99.7,0
72,36.4,96.8,0
71,36.6,98.6,0
78,36.5,98.1,0
61,36.5,96.5,0
57,36.8,97.1,0.9
84,36.3,99.3,0
80,36.9,99,6
68,36.2,96.1,0
64,36.5,95.8,0
66,36.9,97,5.8
67,36.5,97.4,0
77,36.6,99.5,0
80,36.8,96.8,8.4
81,36,97,0
81,36.5,88.3,19.7
79,37.1,97.9,11.9
80,36.3,98.1,0
91,36.5,95.3,8.7
94,36,87.5,15.2
65,36.5,91.8,7.9
58,36.4,96.3,0
85,36.7,95.7,10.1
77,36.8,98.9,3.3
90,36.7,98,7
81,36.7,98.5,3.3
91,36.4,96.7,3.9
71,36.1,98.8,0
88,36.6,99.1,2.2
59,36.4,99.6,0
73,36.3,95.2,0
88,36.7,95.8,10.8
76,36.5,97.3,0.2
83,36.8,96,10.9
81,36.2,97.5,0
77,36.7,97,5.1
73,36.6,99.6,0
71,37.1,99.3,6.7
77,36.3,95.8,0
98,36.5,98.8,3.8
81,36.3,99.5,0
77,36.3,95.4,0.3
78,36.5,97.5,0.4
76,37.1,99.5,7.8
72,36.5,96.3,1
74,36.7,95.6,7
79,36.4,95.4,2.9
76,36.3,98.2,0
76,36.4,96,0.8
78,37,98.7,8
78,36.7,99.6,0.2
83,36,98.7,0
77,36.3,97.1,0
90,37,98.7,11.6
83,36.2,98.7,0
91,36.5,97.7,3.9
93,37,98.5,12.9
84,36.5,98.1,1
82,36.4,97.1,0.4
91,36.8,96.9,11.5
99,36,95.6,0.5
86,36.5,97,3.8
86,36.1,99.7,0
92,36.1,97.4,0
105,36.5,100,3.5
84,36.4,96.9,1.4
75,36.4,96,0.5
79,36.9,96.7,10.3
74,36.5,85.4,23.4
77,35.8,97.4,0
81,36.8,95.7,10.9
81,36.5,96.5,3.3
81,37.1,98.3,11.7
81,36.3,96.4,0
81,36.6,95.9,6.5
91,36.8,95.8,13.7
84,37.4,93.1,29
85,36.5,96.8,3.9
75,36.7,98.7,1.1
79,36.2,96.7,0
91,37.2,99.1,15.1
79,37.1,97.6,12.5
75,36.5,91.3,11.9
73,36.6,98.6,0
77,37.2,99.6,9.9
61,36.1,95.6,0
76,36.5,98.1,0
80,36.4,98.8,0
91,36.6,95.1,11.1
84,36.7,98.7,3.8
91,36.3,96.8,1.7
59,36.6,97.8,0
78,36.6,96,5.4
81,36.4,95.8,2.7
81,36.2,99.2,0
80,36.7,98.7,2.6
81,36.6,98.9,0.5
74,36.6,99.6,0
89,36.3,99.8,0
93,36.5,98.6,2.7
71,37.1,96.6,12.1
94,36.7,99.7,4.8
79,36.3,93.2,5.3
80,36.7,99.8,0.4
76,36.5,95.2,4.4
61,36.3,95.7,0
76,36.6,99.2,0
99,36.3,98.1,1.5
80,36.4,99.6,0
81,36.6,95.8,6.7
85,37.4,96,23.5
63,36.5,95.8,0
77,36.7,97.7,3.7
88,36.7,98.4,5.6
102,36.7,97.5,11.6
105,36,97.3,0
60,36.2,99.8,0
51,36.3,98.8,0
48,36.6,98.5,0
60,36.8,98.3,0
56,36.6,99,0
50,36.6,95.2,0
82,36.6,98.1,2.4
84,36.4,93.7,7.8
81,36.4,95.3,3.7
77,36.2,96.9,0
83,36.7,95.4,10.1
91,36.3,95.4,4.5
79,36.6,97.7,2.3
77,36.5,97.3,0.5
54,36.7,96.7,0
77,36.3,97.5,0
72,36,95.3,0
54,36.6,96.4,0
87,36.4,95.2,5.7
79,37,94.6,16.5
91,36.4,99.5,0
71,36.2,96.9,0
77,36.9,98.8,5.5
90,34.5,96.5,0
64,35.9,97.8,0
87,36.7,97.6,6.9
92,36.5,97.3,5
60,36.3,98.6,0
79,37,99.2,7.3
90,36.2,98,0
94,36.7,98.6,7
88,36.4,99.7,0
83,36.7,95.9,9.1
92,36.8,98.8,8
84,36.8,92.1,19
74,36.8,98,4.2
77,36.6,95.1,6.9
90,36.5,97.8,3.4
82,36.1,98.4,0
80,36.7,96.9,6.2
91,36.7,98.7,5.9
64,37.3,99.3,8.6
95,36.9,96.1,16.3
71,36.7,95.3,6.7
88,36.4,95.9,4.6
81,36.2,95.8,0
91,37.3,95.5,24.3
76,37.1,93.2,20.4
80,36.8,90.7,20.6
90,36.9,93.2,20.6
76,36.7,98.9,1
83,35.8,98.8,0
74,36.1,97.9,0
95,36.4,95.2,8.1
88,36.7,98.5,5.4
75,36.2,96.5,0
72,36.2,95.3,0
76,36.6,97.2,2.4
72,36.1,98.9,0
78,36.7,96.6,6.2
82,36,97.7,0
91,36.3,98.8,0
93,36.8,97.5,10.9
84,36.9,97.5,10.2
82,36.6,97.2,4.2
80,36.9,96.9,10.2
83,36.7,98.5,3.9
85,36.6,99.9,0
81,36.9,91.8,20.7
91,36.9,99.2,8.9
81,36.7,98.5,3.3
81,36.9,96.7,10.9
90,36.7,99.2,4.6
83,36.2,96.2,0
80,36.4,95.9,2.2
76,36.2,95.7,0
76,37,99.4,6
89,36.1,93.3,4.1
81,36.8,97.3,7.7
91,36.3,96.9,1.5
81,36.7,94.7,10.9
80,36.9,90.8,22.4
90,36.5,95.2,8.6
87,36.5,96.3,5.5
83,36.2,97.7,0
101,36.1,99.7,0
96,36.8,96.8,13.2
95,36.3,97.5,1.5
94,36.1,88.1,16
81,36,90.6,5.1
85,36.3,99.9,0
54,36.2,99.9,0
50,37.4,96.2,12.6
48,35.8,95.1,0
54,36,98.3,0
55,36.7,97.6,0
54,36.3,97.9,0
55,38.4,95.6,35.3
70,36.1,99.5,0
55,36.3,98.1,0
55,36.4,97.4,0
51,34.6,95.8,0
77,36.9,95,13.1
60,36.3,96.1,0
63,36.6,99.4,0
72,36.7,97.6,2.4
59,36.5,99.8,0
54,36.4,98.9,0
84,36.6,96.7,5.8
100,36.4,99.1,1.8
50,36.4,96,0
56,36.9,99.1,0
50,36.2,96.7,0
53,36.7,99.2,0
52,36.2,97.4,0
54,36.7,97.7,0
55,36.2,99.9,0
76,36.6,95.3,6.2
89,36.4,95.3,6.1
51,36.1,100,0
53,36.2,96.5,0
54,36.6,98.9,0
51,36.5,95.9,0
105,36.1,97,1.5
98,36.5,98.7,4
96,36.4,96.6,5.6
82,36.3,95.9,0.8
94,36.6,99.3,3.6
95,37,96,18.5
54,36.9,99.8,0
48,36.2,96.5,0
48,36.7,97.2,0
48,36.9,99.1,0
108,36.3,99.1,2.2
88,36.5,96.5,5.4
87,36.1,99,0
80,36.4,96.8,0.4
49,36.3,99.9,0
49,37.1,98,2.7
49,36.6,98,0
49,36.5,96,0
87,36.2,97.1,0
87,36.2,95.6,0.9
53,36.9,99,0
50,36.3,96.1,0
54,36.8,99.8,0
66,36.5,98.7,0
77,36.8,98.8,3.5
79,36.4,100,0
81,36.5,99.4,0
68,36.3,99.5,0
80,36.6,98.7,0.6
82,36.9,95.9,12.8
79,36.3,91.1,9.5
85,36.4,96.4,2.7
82,36.1,96.5,0
67,36.7,96.8,2.5
76,36.7,95.4,8
55,36.6,95.7,0
53,36.3,96.3,0
69,36.5,94.8,3.1
54,36.5,95.6,0
55,36.4,96.5,0
93,36.6,90.3,21.3
84,38.6,98.2,42.8
79,36.2,99.9,0
90,36.6,96.5,8
86,36.9,99.7,6.4
92,36,98.2,0
94,36.2,99.3,0
95,36.6,95.2,12.1
94,36.9,95.5,17.2
83,36.7,99.2,2.5
79,36.5,97.7,0.3
92,36.7,99.5,4.6
97,36.4,96.4,6.3
102,36.6,99.9,4.8
101,36.1,96,2.3
96,36.5,98.9,3
61,37.1,98.3,5.7
76,36.1,96.5,0
80,36.4,96.8,0.4
93,36.7,91.5,20.9
94,36.3,98.8,0
85,36.4,96.1,3.3
82,36.7,96.2,8.2
81,36.6,98.5,1.3
69,36.6,95.9,2.9
87,36.2,96.1,0
79,36.9,98.9,5.9
76,35.9,96.8,0
80,37,98.5,9
91,36.5,97.1,5.1
51,36.8,99.1,0
49,36.4,99.9,0
48,36.5,91.7,3
89,36.8,99.3,6.1
59,36.8,98.7,0
84,36.4,99.8,0
82,36.4,99,0
80,36.6,98.2,1.6
76,36.7,98.8,1.2
72,36.3,97,0
89,36.4,99,0
76,35.9,96.3,0
89,38,96.6,35.5
76,36.6,96.7,3.4
77,36.5,95.3,4.5
85,36.3,95.8,1.9
72,36.7,98.6,0.4
54,36.4,96.6,0
50,36.1,98.2,0
65,36.7,96.3,2.9
86,36.7,95.9,10
78,36.4,99.9,0
61,36.6,97.4,0
71,36.6,96.8,1.7
59,36.8,99,0
71,36.4,95.3,0.7
59,36.7,96.1,1.5
75,36.5,96.9,0.7
98,37,97.1,17.2
81,37,98.7,8.9
85,36.3,97.4,0
58,36.6,96.3,0
51,36.3,95.3,0
49,36.2,96.5,0
75,36.9,97.1,8.3
72,36.8,99.7,0.2
54,36.9,97.9,0.4
77,36.2,100,0
67,37.3,96.2,15.7
77,36.5,94.8,5.5
67,36.2,95.6,0
77,36.8,96.8,7.5
56,36.5,96.7,0
50,36.3,99.1,0
46,36.4,95.8,0
58,36.5,90,9.4
51,36.4,95.7,0
72,36.6,98.2,0
71,36.4,95.2,0.9
88,36.4,97.9,0.6
83,36.6,94.9,9.1
77,36.5,96,3.1
61,36.3,98.8,0
72,36.5,95.3,3
88,36.5,93.1,12.2
83,36.5,97.1,2.7
80,37.2,98.3,13.4
56,36.4,99,0
70,36.4,98.6,0
52,36.7,96.7,0
54,36.9,97.6,1
50,36,99.6,0
54,36.6,99.9,0
74,36.4,98.1,0
83,36.7,97.5,5.9
62,36.2,97.8,0
51,36.5,99.2,0
44,36.6,96.8,0
47,36.5,98.7,0
46,36.1,97.1,0
48,36.4,97.3,0
72,36.4,97.9,0
54,36.5,96.3,0
55,36.8,97,0.5
55,36.5,97.2,0
51,36.7,96.2,0
73,36.9,95.7,10.5
77,36.1,98.7,0
56,36.6,95.4,1.71E-14
50,36.4,97,0
77,36.8,99.6,1.9
56,36.5,95.9,0
78,36.1,100,0
77,36.6,95.8,5.5
78,34.5,95.6,0
84,36.3,98.7,0
91,36.5,95.2,8.9
84,36.8,96.5,10.2
57,36.3,97.1,0
70,36.6,96.7,1.6
74,36.4,88.5,15.2
55,36.9,96.3,3.9
73,36.9,97.1,7.7
55,35.9,98,0
62,37,98.2,4.2
80,36.2,98.6,0
84,36.6,96.3,6.6
91,36.4,93.9,9.5
59,36.5,98.2,0
51,36.4,96.1,0
44,36.4,92.4,0
47,36.3,97.1,0
65,36.4,96.2,0
58,36.7,96.7,5.11E-14
51,36.2,99.2,0
73,36.7,95.9,6.1
52,36.4,97.5,0
48,38.3,100,22.4
69,36.5,98.6,0
53,36.4,97,0
49,36.7,96.3,0
48,36.5,92,2.4
45,36.5,98.2,0
47,36.1,97.5,0
65,36.2,98.6,0
69,36.2,95.4,0
65,36.6,98.1,0
69,36.6,97.5,0
78,36.4,98.2,0
92,36.4,95.5,6.6
88,35.9,98.4,0
100,36.3,97.4,3.2
105,36.6,95.9,13.7
104,36.4,97.3,6.6
68,36.5,99.8,0
58,36.1,93.1,0
82,38.9,95.2,54.2
81,36.9,96.2,11.9
74,36.6,98.2,0
79,36.9,96.7,10.3
56,37.1,96,8.8
67,35.8,99.6,0
75,37.1,95,16.5
89,36.6,99.5,1.7
83,37.1,99.9,9.1
80,36.8,95.5,11
84,36,95.8,0
80,36.4,90.5,13
77,36.6,99.9,0
80,36.7,99.1,1.8
77,36.1,97.2,0
80,36.8,95.9,10.2
81,36.6,95.6,7.1
77,36.6,97,3.1
90,36.7,90.5,22
93,36,97.7,0
80,36.7,96.3,7.4
80,36.9,97.8,8.4
90,36.5,96.5,6
65,37,96.7,8.1
86,36.7,96.5,8.8
92,36.7,95.6,12.4
60,36.3,96,0
51,36.3,95.7,0
69,36.2,90.2,6.3
83,36.3,93.3,6.3
78,36.4,96,1.4
56,36.5,88.4,12
74,37.2,95.3,17.6
98,36.5,96.4,8.6
105,36.9,96.3,18.9
101,36.5,95.5,11.3
97,36.9,95.4,18.3
93,36.6,96.1,9.7
86,36.5,97,3.8
91,37,97.4,14.5
95,36.8,97.7,11.1
101,36.2,99,0
102,36,87.5,17.6
100,36.1,99,0
95,36.6,95.7,11.1
104,36.9,98.9,13.4
100,36.3,95.7,6.6
100,37.2,97.2,21.6
90,36.4,91.9,13.2
78,36.3,97.6,0
79,36,98.6,0
56,37,93,12.8
72,36.6,95,5.6
81,36.5,95.8,4.7
90,36.8,96.5,12
83,36.7,98.4,4.1
55,36.3,98.3,0
82,36.8,96.5,9.6
81,36.5,95.8,4.7
57,36.5,90.4,8.3
82,36.4,94,6.6
83,36.5,98.3,0.3
81,36.4,99.1,0
91,36.4,96.4,4.5
64,36.4,98.9,0
67,36.6,95.1,3.9
76,36.3,96.7,0
88,36.7,96.6,9.2
81,36.5,97.2,1.9
81,36.6,95.8,6.7
80,36.6,98.2,1.6
73,36.2,99.2,0
83,37.1,96.3,16.3
73,36.3,91.2,7.5
71,36.3,99.3,0
78,36.4,97.2,0
98,36.4,98.2,3
77,36.5,97.9,0
80,36.3,95.2,1.6
90,37.2,96.6,19.8
83,36.5,97.6,1.7
95,36.3,98,0.5
107,37.2,100,18.1
104,36.2,96.9,3.4
96,36.7,96.8,11.2
95,36.1,98.7,0
88,36.4,95.8,4.8
83,36.6,96.8,5.3
87,36.6,98.6,2.9
88,36.8,95.7,13
83,36.2,88.7,13.5
81,36.3,96.3,0
77,36.1,96.3,0
80,36.2,95.9,0
91,36.6,96.9,7.5
100,36.7,98.5,9
101,36.8,95.7,16.9
97,36.2,96.2,2.7
98,37,92.5,26.4
100,36.9,99.3,11.4
79,36.7,97,5.7
81,36.2,96.6,0
97,36.2,97.4,0.3
103,36,93.5,5.9
103,36.9,97.2,16.5
104,35.9,97.7,0
103,36.6,95.6,13.7
108,38.6,93.7,59
114,36.6,96.2,15.8
107,36.5,98.7,6.7
115,36,96.7,3.1
113,37,99.3,17.3
90,36.4,99.5,0
102,36.6,99.2,6.2
86,36.6,96.1,7.6
86,36.7,95.7,10.4
70,36.7,96.9,3.2
46,36.5,99.5,0
114,36.5,98.9,8.4
116,36.2,97.1,6.6
114,36.8,95.9,20.4
117,36.4,98.3,8.5
82,37,96.9,12.8
